task_id	embedding_root	model	variant	feature	classifier	reducer	components	output	train_target	evaluation_target
0	/data/alpha_team2/shares/llm_return/datasets/sina_cninfo_full_2010_2026/single_stock_cninfo_v1/embeddings	roberta	plain	body_mean	logistic	none	0	/data/alpha_team2/shares/llm_return/datasets/sina_cninfo_full_2010_2026/single_stock_cninfo_v1/classification_results_v1/event3_to_event3/classification/roberta_plain_body_mean_logistic_none_0.json	event_return_3d	event_return_3d
1	/data/alpha_team2/shares/llm_return/datasets/sina_cninfo_full_2010_2026/single_stock_cninfo_v1/embeddings	roberta	plain	body_mean	linear_svm	none	0	/data/alpha_team2/shares/llm_return/datasets/sina_cninfo_full_2010_2026/single_stock_cninfo_v1/classification_results_v1/event3_to_event3/classification/roberta_plain_body_mean_linear_svm_none_0.json	event_return_3d	event_return_3d
2	/data/alpha_team2/shares/llm_return/datasets/sina_cninfo_full_2010_2026/single_stock_cninfo_v1/embeddings	roberta	plain	body_mean	sgd	none	0	/data/alpha_team2/shares/llm_return/datasets/sina_cninfo_full_2010_2026/single_stock_cninfo_v1/classification_results_v1/event3_to_event3/classification/roberta_plain_body_mean_sgd_none_0.json	event_return_3d	event_return_3d
3	/data/alpha_team2/shares/llm_return/datasets/sina_cninfo_full_2010_2026/single_stock_cninfo_v1/embeddings	roberta	plain	body_mean	simple_mlp	none	0	/data/alpha_team2/shares/llm_return/datasets/sina_cninfo_full_2010_2026/single_stock_cninfo_v1/classification_results_v1/event3_to_event3/classification/roberta_plain_body_mean_simple_mlp_none_0.json	event_return_3d	event_return_3d
4	/data/alpha_team2/shares/llm_return/datasets/sina_cninfo_full_2010_2026/single_stock_cninfo_v1/embeddings	roberta	plain	body_mean	hist_gradient_boosting	none	0	/data/alpha_team2/shares/llm_return/datasets/sina_cninfo_full_2010_2026/single_stock_cninfo_v1/classification_results_v1/event3_to_event3/classification/roberta_plain_body_mean_hist_gradient_boosting_none_0.json	event_return_3d	event_return_3d
5	/data/alpha_team2/shares/llm_return/datasets/sina_cninfo_full_2010_2026/single_stock_cninfo_v1/embeddings	roberta	plain	title_body_mean	logistic	none	0	/data/alpha_team2/shares/llm_return/datasets/sina_cninfo_full_2010_2026/single_stock_cninfo_v1/classification_results_v1/event3_to_event3/classification/roberta_plain_title_body_mean_logistic_none_0.json	event_return_3d	event_return_3d
6	/data/alpha_team2/shares/llm_return/datasets/sina_cninfo_full_2010_2026/single_stock_cninfo_v1/embeddings	roberta	plain	title_body_mean	linear_svm	none	0	/data/alpha_team2/shares/llm_return/datasets/sina_cninfo_full_2010_2026/single_stock_cninfo_v1/classification_results_v1/event3_to_event3/classification/roberta_plain_title_body_mean_linear_svm_none_0.json	event_return_3d	event_return_3d
7	/data/alpha_team2/shares/llm_return/datasets/sina_cninfo_full_2010_2026/single_stock_cninfo_v1/embeddings	roberta	plain	title_body_mean	sgd	none	0	/data/alpha_team2/shares/llm_return/datasets/sina_cninfo_full_2010_2026/single_stock_cninfo_v1/classification_results_v1/event3_to_event3/classification/roberta_plain_title_body_mean_sgd_none_0.json	event_return_3d	event_return_3d
8	/data/alpha_team2/shares/llm_return/datasets/sina_cninfo_full_2010_2026/single_stock_cninfo_v1/embeddings	roberta	plain	title_body_mean	simple_mlp	none	0	/data/alpha_team2/shares/llm_return/datasets/sina_cninfo_full_2010_2026/single_stock_cninfo_v1/classification_results_v1/event3_to_event3/classification/roberta_plain_title_body_mean_simple_mlp_none_0.json	event_return_3d	event_return_3d
9	/data/alpha_team2/shares/llm_return/datasets/sina_cninfo_full_2010_2026/single_stock_cninfo_v1/embeddings	roberta	plain	title_body_mean	hist_gradient_boosting	none	0	/data/alpha_team2/shares/llm_return/datasets/sina_cninfo_full_2010_2026/single_stock_cninfo_v1/classification_results_v1/event3_to_event3/classification/roberta_plain_title_body_mean_hist_gradient_boosting_none_0.json	event_return_3d	event_return_3d
10	/data/alpha_team2/shares/llm_return/datasets/sina_cninfo_full_2010_2026/single_stock_cninfo_v1/embeddings	roberta	plain	full_mean	logistic	none	0	/data/alpha_team2/shares/llm_return/datasets/sina_cninfo_full_2010_2026/single_stock_cninfo_v1/classification_results_v1/event3_to_event3/classification/roberta_plain_full_mean_logistic_none_0.json	event_return_3d	event_return_3d
11	/data/alpha_team2/shares/llm_return/datasets/sina_cninfo_full_2010_2026/single_stock_cninfo_v1/embeddings	roberta	plain	full_mean	linear_svm	none	0	/data/alpha_team2/shares/llm_return/datasets/sina_cninfo_full_2010_2026/single_stock_cninfo_v1/classification_results_v1/event3_to_event3/classification/roberta_plain_full_mean_linear_svm_none_0.json	event_return_3d	event_return_3d
12	/data/alpha_team2/shares/llm_return/datasets/sina_cninfo_full_2010_2026/single_stock_cninfo_v1/embeddings	roberta	plain	full_mean	sgd	none	0	/data/alpha_team2/shares/llm_return/datasets/sina_cninfo_full_2010_2026/single_stock_cninfo_v1/classification_results_v1/event3_to_event3/classification/roberta_plain_full_mean_sgd_none_0.json	event_return_3d	event_return_3d
13	/data/alpha_team2/shares/llm_return/datasets/sina_cninfo_full_2010_2026/single_stock_cninfo_v1/embeddings	roberta	plain	full_mean	simple_mlp	none	0	/data/alpha_team2/shares/llm_return/datasets/sina_cninfo_full_2010_2026/single_stock_cninfo_v1/classification_results_v1/event3_to_event3/classification/roberta_plain_full_mean_simple_mlp_none_0.json	event_return_3d	event_return_3d
14	/data/alpha_team2/shares/llm_return/datasets/sina_cninfo_full_2010_2026/single_stock_cninfo_v1/embeddings	roberta	plain	full_mean	hist_gradient_boosting	none	0	/data/alpha_team2/shares/llm_return/datasets/sina_cninfo_full_2010_2026/single_stock_cninfo_v1/classification_results_v1/event3_to_event3/classification/roberta_plain_full_mean_hist_gradient_boosting_none_0.json	event_return_3d	event_return_3d
15	/data/alpha_team2/shares/llm_return/datasets/sina_cninfo_full_2010_2026/single_stock_cninfo_v1/embeddings	roberta	plain	cls	logistic	none	0	/data/alpha_team2/shares/llm_return/datasets/sina_cninfo_full_2010_2026/single_stock_cninfo_v1/classification_results_v1/event3_to_event3/classification/roberta_plain_cls_logistic_none_0.json	event_return_3d	event_return_3d
16	/data/alpha_team2/shares/llm_return/datasets/sina_cninfo_full_2010_2026/single_stock_cninfo_v1/embeddings	roberta	plain	cls	linear_svm	none	0	/data/alpha_team2/shares/llm_return/datasets/sina_cninfo_full_2010_2026/single_stock_cninfo_v1/classification_results_v1/event3_to_event3/classification/roberta_plain_cls_linear_svm_none_0.json	event_return_3d	event_return_3d
17	/data/alpha_team2/shares/llm_return/datasets/sina_cninfo_full_2010_2026/single_stock_cninfo_v1/embeddings	roberta	plain	cls	sgd	none	0	/data/alpha_team2/shares/llm_return/datasets/sina_cninfo_full_2010_2026/single_stock_cninfo_v1/classification_results_v1/event3_to_event3/classification/roberta_plain_cls_sgd_none_0.json	event_return_3d	event_return_3d
18	/data/alpha_team2/shares/llm_return/datasets/sina_cninfo_full_2010_2026/single_stock_cninfo_v1/embeddings	roberta	plain	cls	simple_mlp	none	0	/data/alpha_team2/shares/llm_return/datasets/sina_cninfo_full_2010_2026/single_stock_cninfo_v1/classification_results_v1/event3_to_event3/classification/roberta_plain_cls_simple_mlp_none_0.json	event_return_3d	event_return_3d
19	/data/alpha_team2/shares/llm_return/datasets/sina_cninfo_full_2010_2026/single_stock_cninfo_v1/embeddings	roberta	plain	cls	hist_gradient_boosting	none	0	/data/alpha_team2/shares/llm_return/datasets/sina_cninfo_full_2010_2026/single_stock_cninfo_v1/classification_results_v1/event3_to_event3/classification/roberta_plain_cls_hist_gradient_boosting_none_0.json	event_return_3d	event_return_3d
20	/data/alpha_team2/shares/llm_return/datasets/sina_cninfo_full_2010_2026/single_stock_cninfo_v1/embeddings	roberta	plain	full_max	logistic	none	0	/data/alpha_team2/shares/llm_return/datasets/sina_cninfo_full_2010_2026/single_stock_cninfo_v1/classification_results_v1/event3_to_event3/classification/roberta_plain_full_max_logistic_none_0.json	event_return_3d	event_return_3d
21	/data/alpha_team2/shares/llm_return/datasets/sina_cninfo_full_2010_2026/single_stock_cninfo_v1/embeddings	roberta	plain	full_max	linear_svm	none	0	/data/alpha_team2/shares/llm_return/datasets/sina_cninfo_full_2010_2026/single_stock_cninfo_v1/classification_results_v1/event3_to_event3/classification/roberta_plain_full_max_linear_svm_none_0.json	event_return_3d	event_return_3d
22	/data/alpha_team2/shares/llm_return/datasets/sina_cninfo_full_2010_2026/single_stock_cninfo_v1/embeddings	roberta	plain	full_max	sgd	none	0	/data/alpha_team2/shares/llm_return/datasets/sina_cninfo_full_2010_2026/single_stock_cninfo_v1/classification_results_v1/event3_to_event3/classification/roberta_plain_full_max_sgd_none_0.json	event_return_3d	event_return_3d
23	/data/alpha_team2/shares/llm_return/datasets/sina_cninfo_full_2010_2026/single_stock_cninfo_v1/embeddings	roberta	plain	full_max	simple_mlp	none	0	/data/alpha_team2/shares/llm_return/datasets/sina_cninfo_full_2010_2026/single_stock_cninfo_v1/classification_results_v1/event3_to_event3/classification/roberta_plain_full_max_simple_mlp_none_0.json	event_return_3d	event_return_3d
24	/data/alpha_team2/shares/llm_return/datasets/sina_cninfo_full_2010_2026/single_stock_cninfo_v1/embeddings	roberta	plain	full_max	hist_gradient_boosting	none	0	/data/alpha_team2/shares/llm_return/datasets/sina_cninfo_full_2010_2026/single_stock_cninfo_v1/classification_results_v1/event3_to_event3/classification/roberta_plain_full_max_hist_gradient_boosting_none_0.json	event_return_3d	event_return_3d
25	/data/alpha_team2/shares/llm_return/datasets/sina_cninfo_full_2010_2026/single_stock_cninfo_v1/embeddings	roberta	short	body_mean	logistic	none	0	/data/alpha_team2/shares/llm_return/datasets/sina_cninfo_full_2010_2026/single_stock_cninfo_v1/classification_results_v1/event3_to_event3/classification/roberta_short_body_mean_logistic_none_0.json	event_return_3d	event_return_3d
26	/data/alpha_team2/shares/llm_return/datasets/sina_cninfo_full_2010_2026/single_stock_cninfo_v1/embeddings	roberta	short	body_mean	linear_svm	none	0	/data/alpha_team2/shares/llm_return/datasets/sina_cninfo_full_2010_2026/single_stock_cninfo_v1/classification_results_v1/event3_to_event3/classification/roberta_short_body_mean_linear_svm_none_0.json	event_return_3d	event_return_3d
27	/data/alpha_team2/shares/llm_return/datasets/sina_cninfo_full_2010_2026/single_stock_cninfo_v1/embeddings	roberta	short	body_mean	sgd	none	0	/data/alpha_team2/shares/llm_return/datasets/sina_cninfo_full_2010_2026/single_stock_cninfo_v1/classification_results_v1/event3_to_event3/classification/roberta_short_body_mean_sgd_none_0.json	event_return_3d	event_return_3d
28	/data/alpha_team2/shares/llm_return/datasets/sina_cninfo_full_2010_2026/single_stock_cninfo_v1/embeddings	roberta	short	body_mean	simple_mlp	none	0	/data/alpha_team2/shares/llm_return/datasets/sina_cninfo_full_2010_2026/single_stock_cninfo_v1/classification_results_v1/event3_to_event3/classification/roberta_short_body_mean_simple_mlp_none_0.json	event_return_3d	event_return_3d
29	/data/alpha_team2/shares/llm_return/datasets/sina_cninfo_full_2010_2026/single_stock_cninfo_v1/embeddings	roberta	short	body_mean	hist_gradient_boosting	none	0	/data/alpha_team2/shares/llm_return/datasets/sina_cninfo_full_2010_2026/single_stock_cninfo_v1/classification_results_v1/event3_to_event3/classification/roberta_short_body_mean_hist_gradient_boosting_none_0.json	event_return_3d	event_return_3d
30	/data/alpha_team2/shares/llm_return/datasets/sina_cninfo_full_2010_2026/single_stock_cninfo_v1/embeddings	roberta	short	title_body_mean	logistic	none	0	/data/alpha_team2/shares/llm_return/datasets/sina_cninfo_full_2010_2026/single_stock_cninfo_v1/classification_results_v1/event3_to_event3/classification/roberta_short_title_body_mean_logistic_none_0.json	event_return_3d	event_return_3d
31	/data/alpha_team2/shares/llm_return/datasets/sina_cninfo_full_2010_2026/single_stock_cninfo_v1/embeddings	roberta	short	title_body_mean	linear_svm	none	0	/data/alpha_team2/shares/llm_return/datasets/sina_cninfo_full_2010_2026/single_stock_cninfo_v1/classification_results_v1/event3_to_event3/classification/roberta_short_title_body_mean_linear_svm_none_0.json	event_return_3d	event_return_3d
32	/data/alpha_team2/shares/llm_return/datasets/sina_cninfo_full_2010_2026/single_stock_cninfo_v1/embeddings	roberta	short	title_body_mean	sgd	none	0	/data/alpha_team2/shares/llm_return/datasets/sina_cninfo_full_2010_2026/single_stock_cninfo_v1/classification_results_v1/event3_to_event3/classification/roberta_short_title_body_mean_sgd_none_0.json	event_return_3d	event_return_3d
33	/data/alpha_team2/shares/llm_return/datasets/sina_cninfo_full_2010_2026/single_stock_cninfo_v1/embeddings	roberta	short	title_body_mean	simple_mlp	none	0	/data/alpha_team2/shares/llm_return/datasets/sina_cninfo_full_2010_2026/single_stock_cninfo_v1/classification_results_v1/event3_to_event3/classification/roberta_short_title_body_mean_simple_mlp_none_0.json	event_return_3d	event_return_3d
34	/data/alpha_team2/shares/llm_return/datasets/sina_cninfo_full_2010_2026/single_stock_cninfo_v1/embeddings	roberta	short	title_body_mean	hist_gradient_boosting	none	0	/data/alpha_team2/shares/llm_return/datasets/sina_cninfo_full_2010_2026/single_stock_cninfo_v1/classification_results_v1/event3_to_event3/classification/roberta_short_title_body_mean_hist_gradient_boosting_none_0.json	event_return_3d	event_return_3d
35	/data/alpha_team2/shares/llm_return/datasets/sina_cninfo_full_2010_2026/single_stock_cninfo_v1/embeddings	roberta	short	full_mean	logistic	none	0	/data/alpha_team2/shares/llm_return/datasets/sina_cninfo_full_2010_2026/single_stock_cninfo_v1/classification_results_v1/event3_to_event3/classification/roberta_short_full_mean_logistic_none_0.json	event_return_3d	event_return_3d
36	/data/alpha_team2/shares/llm_return/datasets/sina_cninfo_full_2010_2026/single_stock_cninfo_v1/embeddings	roberta	short	full_mean	linear_svm	none	0	/data/alpha_team2/shares/llm_return/datasets/sina_cninfo_full_2010_2026/single_stock_cninfo_v1/classification_results_v1/event3_to_event3/classification/roberta_short_full_mean_linear_svm_none_0.json	event_return_3d	event_return_3d
37	/data/alpha_team2/shares/llm_return/datasets/sina_cninfo_full_2010_2026/single_stock_cninfo_v1/embeddings	roberta	short	full_mean	sgd	none	0	/data/alpha_team2/shares/llm_return/datasets/sina_cninfo_full_2010_2026/single_stock_cninfo_v1/classification_results_v1/event3_to_event3/classification/roberta_short_full_mean_sgd_none_0.json	event_return_3d	event_return_3d
38	/data/alpha_team2/shares/llm_return/datasets/sina_cninfo_full_2010_2026/single_stock_cninfo_v1/embeddings	roberta	short	full_mean	simple_mlp	none	0	/data/alpha_team2/shares/llm_return/datasets/sina_cninfo_full_2010_2026/single_stock_cninfo_v1/classification_results_v1/event3_to_event3/classification/roberta_short_full_mean_simple_mlp_none_0.json	event_return_3d	event_return_3d
39	/data/alpha_team2/shares/llm_return/datasets/sina_cninfo_full_2010_2026/single_stock_cninfo_v1/embeddings	roberta	short	full_mean	hist_gradient_boosting	none	0	/data/alpha_team2/shares/llm_return/datasets/sina_cninfo_full_2010_2026/single_stock_cninfo_v1/classification_results_v1/event3_to_event3/classification/roberta_short_full_mean_hist_gradient_boosting_none_0.json	event_return_3d	event_return_3d
40	/data/alpha_team2/shares/llm_return/datasets/sina_cninfo_full_2010_2026/single_stock_cninfo_v1/embeddings	roberta	short	cls	logistic	none	0	/data/alpha_team2/shares/llm_return/datasets/sina_cninfo_full_2010_2026/single_stock_cninfo_v1/classification_results_v1/event3_to_event3/classification/roberta_short_cls_logistic_none_0.json	event_return_3d	event_return_3d
41	/data/alpha_team2/shares/llm_return/datasets/sina_cninfo_full_2010_2026/single_stock_cninfo_v1/embeddings	roberta	short	cls	linear_svm	none	0	/data/alpha_team2/shares/llm_return/datasets/sina_cninfo_full_2010_2026/single_stock_cninfo_v1/classification_results_v1/event3_to_event3/classification/roberta_short_cls_linear_svm_none_0.json	event_return_3d	event_return_3d
42	/data/alpha_team2/shares/llm_return/datasets/sina_cninfo_full_2010_2026/single_stock_cninfo_v1/embeddings	roberta	short	cls	sgd	none	0	/data/alpha_team2/shares/llm_return/datasets/sina_cninfo_full_2010_2026/single_stock_cninfo_v1/classification_results_v1/event3_to_event3/classification/roberta_short_cls_sgd_none_0.json	event_return_3d	event_return_3d
43	/data/alpha_team2/shares/llm_return/datasets/sina_cninfo_full_2010_2026/single_stock_cninfo_v1/embeddings	roberta	short	cls	simple_mlp	none	0	/data/alpha_team2/shares/llm_return/datasets/sina_cninfo_full_2010_2026/single_stock_cninfo_v1/classification_results_v1/event3_to_event3/classification/roberta_short_cls_simple_mlp_none_0.json	event_return_3d	event_return_3d
44	/data/alpha_team2/shares/llm_return/datasets/sina_cninfo_full_2010_2026/single_stock_cninfo_v1/embeddings	roberta	short	cls	hist_gradient_boosting	none	0	/data/alpha_team2/shares/llm_return/datasets/sina_cninfo_full_2010_2026/single_stock_cninfo_v1/classification_results_v1/event3_to_event3/classification/roberta_short_cls_hist_gradient_boosting_none_0.json	event_return_3d	event_return_3d
45	/data/alpha_team2/shares/llm_return/datasets/sina_cninfo_full_2010_2026/single_stock_cninfo_v1/embeddings	roberta	short	full_max	logistic	none	0	/data/alpha_team2/shares/llm_return/datasets/sina_cninfo_full_2010_2026/single_stock_cninfo_v1/classification_results_v1/event3_to_event3/classification/roberta_short_full_max_logistic_none_0.json	event_return_3d	event_return_3d
46	/data/alpha_team2/shares/llm_return/datasets/sina_cninfo_full_2010_2026/single_stock_cninfo_v1/embeddings	roberta	short	full_max	linear_svm	none	0	/data/alpha_team2/shares/llm_return/datasets/sina_cninfo_full_2010_2026/single_stock_cninfo_v1/classification_results_v1/event3_to_event3/classification/roberta_short_full_max_linear_svm_none_0.json	event_return_3d	event_return_3d
47	/data/alpha_team2/shares/llm_return/datasets/sina_cninfo_full_2010_2026/single_stock_cninfo_v1/embeddings	roberta	short	full_max	sgd	none	0	/data/alpha_team2/shares/llm_return/datasets/sina_cninfo_full_2010_2026/single_stock_cninfo_v1/classification_results_v1/event3_to_event3/classification/roberta_short_full_max_sgd_none_0.json	event_return_3d	event_return_3d
48	/data/alpha_team2/shares/llm_return/datasets/sina_cninfo_full_2010_2026/single_stock_cninfo_v1/embeddings	roberta	short	full_max	simple_mlp	none	0	/data/alpha_team2/shares/llm_return/datasets/sina_cninfo_full_2010_2026/single_stock_cninfo_v1/classification_results_v1/event3_to_event3/classification/roberta_short_full_max_simple_mlp_none_0.json	event_return_3d	event_return_3d
49	/data/alpha_team2/shares/llm_return/datasets/sina_cninfo_full_2010_2026/single_stock_cninfo_v1/embeddings	roberta	short	full_max	hist_gradient_boosting	none	0	/data/alpha_team2/shares/llm_return/datasets/sina_cninfo_full_2010_2026/single_stock_cninfo_v1/classification_results_v1/event3_to_event3/classification/roberta_short_full_max_hist_gradient_boosting_none_0.json	event_return_3d	event_return_3d
50	/data/alpha_team2/shares/llm_return/datasets/sina_cninfo_full_2010_2026/single_stock_cninfo_v1/embeddings	roberta	masked_short	body_mean	logistic	none	0	/data/alpha_team2/shares/llm_return/datasets/sina_cninfo_full_2010_2026/single_stock_cninfo_v1/classification_results_v1/event3_to_event3/classification/roberta_masked_short_body_mean_logistic_none_0.json	event_return_3d	event_return_3d
51	/data/alpha_team2/shares/llm_return/datasets/sina_cninfo_full_2010_2026/single_stock_cninfo_v1/embeddings	roberta	masked_short	body_mean	linear_svm	none	0	/data/alpha_team2/shares/llm_return/datasets/sina_cninfo_full_2010_2026/single_stock_cninfo_v1/classification_results_v1/event3_to_event3/classification/roberta_masked_short_body_mean_linear_svm_none_0.json	event_return_3d	event_return_3d
52	/data/alpha_team2/shares/llm_return/datasets/sina_cninfo_full_2010_2026/single_stock_cninfo_v1/embeddings	roberta	masked_short	body_mean	sgd	none	0	/data/alpha_team2/shares/llm_return/datasets/sina_cninfo_full_2010_2026/single_stock_cninfo_v1/classification_results_v1/event3_to_event3/classification/roberta_masked_short_body_mean_sgd_none_0.json	event_return_3d	event_return_3d
53	/data/alpha_team2/shares/llm_return/datasets/sina_cninfo_full_2010_2026/single_stock_cninfo_v1/embeddings	roberta	masked_short	body_mean	simple_mlp	none	0	/data/alpha_team2/shares/llm_return/datasets/sina_cninfo_full_2010_2026/single_stock_cninfo_v1/classification_results_v1/event3_to_event3/classification/roberta_masked_short_body_mean_simple_mlp_none_0.json	event_return_3d	event_return_3d
54	/data/alpha_team2/shares/llm_return/datasets/sina_cninfo_full_2010_2026/single_stock_cninfo_v1/embeddings	roberta	masked_short	body_mean	hist_gradient_boosting	none	0	/data/alpha_team2/shares/llm_return/datasets/sina_cninfo_full_2010_2026/single_stock_cninfo_v1/classification_results_v1/event3_to_event3/classification/roberta_masked_short_body_mean_hist_gradient_boosting_none_0.json	event_return_3d	event_return_3d
55	/data/alpha_team2/shares/llm_return/datasets/sina_cninfo_full_2010_2026/single_stock_cninfo_v1/embeddings	roberta	masked_short	title_body_mean	logistic	none	0	/data/alpha_team2/shares/llm_return/datasets/sina_cninfo_full_2010_2026/single_stock_cninfo_v1/classification_results_v1/event3_to_event3/classification/roberta_masked_short_title_body_mean_logistic_none_0.json	event_return_3d	event_return_3d
56	/data/alpha_team2/shares/llm_return/datasets/sina_cninfo_full_2010_2026/single_stock_cninfo_v1/embeddings	roberta	masked_short	title_body_mean	linear_svm	none	0	/data/alpha_team2/shares/llm_return/datasets/sina_cninfo_full_2010_2026/single_stock_cninfo_v1/classification_results_v1/event3_to_event3/classification/roberta_masked_short_title_body_mean_linear_svm_none_0.json	event_return_3d	event_return_3d
57	/data/alpha_team2/shares/llm_return/datasets/sina_cninfo_full_2010_2026/single_stock_cninfo_v1/embeddings	roberta	masked_short	title_body_mean	sgd	none	0	/data/alpha_team2/shares/llm_return/datasets/sina_cninfo_full_2010_2026/single_stock_cninfo_v1/classification_results_v1/event3_to_event3/classification/roberta_masked_short_title_body_mean_sgd_none_0.json	event_return_3d	event_return_3d
58	/data/alpha_team2/shares/llm_return/datasets/sina_cninfo_full_2010_2026/single_stock_cninfo_v1/embeddings	roberta	masked_short	title_body_mean	simple_mlp	none	0	/data/alpha_team2/shares/llm_return/datasets/sina_cninfo_full_2010_2026/single_stock_cninfo_v1/classification_results_v1/event3_to_event3/classification/roberta_masked_short_title_body_mean_simple_mlp_none_0.json	event_return_3d	event_return_3d
59	/data/alpha_team2/shares/llm_return/datasets/sina_cninfo_full_2010_2026/single_stock_cninfo_v1/embeddings	roberta	masked_short	title_body_mean	hist_gradient_boosting	none	0	/data/alpha_team2/shares/llm_return/datasets/sina_cninfo_full_2010_2026/single_stock_cninfo_v1/classification_results_v1/event3_to_event3/classification/roberta_masked_short_title_body_mean_hist_gradient_boosting_none_0.json	event_return_3d	event_return_3d
60	/data/alpha_team2/shares/llm_return/datasets/sina_cninfo_full_2010_2026/single_stock_cninfo_v1/embeddings	roberta	masked_short	full_mean	logistic	none	0	/data/alpha_team2/shares/llm_return/datasets/sina_cninfo_full_2010_2026/single_stock_cninfo_v1/classification_results_v1/event3_to_event3/classification/roberta_masked_short_full_mean_logistic_none_0.json	event_return_3d	event_return_3d
61	/data/alpha_team2/shares/llm_return/datasets/sina_cninfo_full_2010_2026/single_stock_cninfo_v1/embeddings	roberta	masked_short	full_mean	linear_svm	none	0	/data/alpha_team2/shares/llm_return/datasets/sina_cninfo_full_2010_2026/single_stock_cninfo_v1/classification_results_v1/event3_to_event3/classification/roberta_masked_short_full_mean_linear_svm_none_0.json	event_return_3d	event_return_3d
62	/data/alpha_team2/shares/llm_return/datasets/sina_cninfo_full_2010_2026/single_stock_cninfo_v1/embeddings	roberta	masked_short	full_mean	sgd	none	0	/data/alpha_team2/shares/llm_return/datasets/sina_cninfo_full_2010_2026/single_stock_cninfo_v1/classification_results_v1/event3_to_event3/classification/roberta_masked_short_full_mean_sgd_none_0.json	event_return_3d	event_return_3d
63	/data/alpha_team2/shares/llm_return/datasets/sina_cninfo_full_2010_2026/single_stock_cninfo_v1/embeddings	roberta	masked_short	full_mean	simple_mlp	none	0	/data/alpha_team2/shares/llm_return/datasets/sina_cninfo_full_2010_2026/single_stock_cninfo_v1/classification_results_v1/event3_to_event3/classification/roberta_masked_short_full_mean_simple_mlp_none_0.json	event_return_3d	event_return_3d
64	/data/alpha_team2/shares/llm_return/datasets/sina_cninfo_full_2010_2026/single_stock_cninfo_v1/embeddings	roberta	masked_short	full_mean	hist_gradient_boosting	none	0	/data/alpha_team2/shares/llm_return/datasets/sina_cninfo_full_2010_2026/single_stock_cninfo_v1/classification_results_v1/event3_to_event3/classification/roberta_masked_short_full_mean_hist_gradient_boosting_none_0.json	event_return_3d	event_return_3d
65	/data/alpha_team2/shares/llm_return/datasets/sina_cninfo_full_2010_2026/single_stock_cninfo_v1/embeddings	roberta	masked_short	cls	logistic	none	0	/data/alpha_team2/shares/llm_return/datasets/sina_cninfo_full_2010_2026/single_stock_cninfo_v1/classification_results_v1/event3_to_event3/classification/roberta_masked_short_cls_logistic_none_0.json	event_return_3d	event_return_3d
66	/data/alpha_team2/shares/llm_return/datasets/sina_cninfo_full_2010_2026/single_stock_cninfo_v1/embeddings	roberta	masked_short	cls	linear_svm	none	0	/data/alpha_team2/shares/llm_return/datasets/sina_cninfo_full_2010_2026/single_stock_cninfo_v1/classification_results_v1/event3_to_event3/classification/roberta_masked_short_cls_linear_svm_none_0.json	event_return_3d	event_return_3d
67	/data/alpha_team2/shares/llm_return/datasets/sina_cninfo_full_2010_2026/single_stock_cninfo_v1/embeddings	roberta	masked_short	cls	sgd	none	0	/data/alpha_team2/shares/llm_return/datasets/sina_cninfo_full_2010_2026/single_stock_cninfo_v1/classification_results_v1/event3_to_event3/classification/roberta_masked_short_cls_sgd_none_0.json	event_return_3d	event_return_3d
68	/data/alpha_team2/shares/llm_return/datasets/sina_cninfo_full_2010_2026/single_stock_cninfo_v1/embeddings	roberta	masked_short	cls	simple_mlp	none	0	/data/alpha_team2/shares/llm_return/datasets/sina_cninfo_full_2010_2026/single_stock_cninfo_v1/classification_results_v1/event3_to_event3/classification/roberta_masked_short_cls_simple_mlp_none_0.json	event_return_3d	event_return_3d
69	/data/alpha_team2/shares/llm_return/datasets/sina_cninfo_full_2010_2026/single_stock_cninfo_v1/embeddings	roberta	masked_short	cls	hist_gradient_boosting	none	0	/data/alpha_team2/shares/llm_return/datasets/sina_cninfo_full_2010_2026/single_stock_cninfo_v1/classification_results_v1/event3_to_event3/classification/roberta_masked_short_cls_hist_gradient_boosting_none_0.json	event_return_3d	event_return_3d
70	/data/alpha_team2/shares/llm_return/datasets/sina_cninfo_full_2010_2026/single_stock_cninfo_v1/embeddings	roberta	masked_short	full_max	logistic	none	0	/data/alpha_team2/shares/llm_return/datasets/sina_cninfo_full_2010_2026/single_stock_cninfo_v1/classification_results_v1/event3_to_event3/classification/roberta_masked_short_full_max_logistic_none_0.json	event_return_3d	event_return_3d
71	/data/alpha_team2/shares/llm_return/datasets/sina_cninfo_full_2010_2026/single_stock_cninfo_v1/embeddings	roberta	masked_short	full_max	linear_svm	none	0	/data/alpha_team2/shares/llm_return/datasets/sina_cninfo_full_2010_2026/single_stock_cninfo_v1/classification_results_v1/event3_to_event3/classification/roberta_masked_short_full_max_linear_svm_none_0.json	event_return_3d	event_return_3d
72	/data/alpha_team2/shares/llm_return/datasets/sina_cninfo_full_2010_2026/single_stock_cninfo_v1/embeddings	roberta	masked_short	full_max	sgd	none	0	/data/alpha_team2/shares/llm_return/datasets/sina_cninfo_full_2010_2026/single_stock_cninfo_v1/classification_results_v1/event3_to_event3/classification/roberta_masked_short_full_max_sgd_none_0.json	event_return_3d	event_return_3d
73	/data/alpha_team2/shares/llm_return/datasets/sina_cninfo_full_2010_2026/single_stock_cninfo_v1/embeddings	roberta	masked_short	full_max	simple_mlp	none	0	/data/alpha_team2/shares/llm_return/datasets/sina_cninfo_full_2010_2026/single_stock_cninfo_v1/classification_results_v1/event3_to_event3/classification/roberta_masked_short_full_max_simple_mlp_none_0.json	event_return_3d	event_return_3d
74	/data/alpha_team2/shares/llm_return/datasets/sina_cninfo_full_2010_2026/single_stock_cninfo_v1/embeddings	roberta	masked_short	full_max	hist_gradient_boosting	none	0	/data/alpha_team2/shares/llm_return/datasets/sina_cninfo_full_2010_2026/single_stock_cninfo_v1/classification_results_v1/event3_to_event3/classification/roberta_masked_short_full_max_hist_gradient_boosting_none_0.json	event_return_3d	event_return_3d
75	/data/alpha_team2/shares/llm_return/datasets/sina_cninfo_full_2010_2026/single_stock_cninfo_v1/embeddings	roberta	long	body_mean	logistic	none	0	/data/alpha_team2/shares/llm_return/datasets/sina_cninfo_full_2010_2026/single_stock_cninfo_v1/classification_results_v1/event3_to_event3/classification/roberta_long_body_mean_logistic_none_0.json	event_return_3d	event_return_3d
76	/data/alpha_team2/shares/llm_return/datasets/sina_cninfo_full_2010_2026/single_stock_cninfo_v1/embeddings	roberta	long	body_mean	linear_svm	none	0	/data/alpha_team2/shares/llm_return/datasets/sina_cninfo_full_2010_2026/single_stock_cninfo_v1/classification_results_v1/event3_to_event3/classification/roberta_long_body_mean_linear_svm_none_0.json	event_return_3d	event_return_3d
77	/data/alpha_team2/shares/llm_return/datasets/sina_cninfo_full_2010_2026/single_stock_cninfo_v1/embeddings	roberta	long	body_mean	sgd	none	0	/data/alpha_team2/shares/llm_return/datasets/sina_cninfo_full_2010_2026/single_stock_cninfo_v1/classification_results_v1/event3_to_event3/classification/roberta_long_body_mean_sgd_none_0.json	event_return_3d	event_return_3d
78	/data/alpha_team2/shares/llm_return/datasets/sina_cninfo_full_2010_2026/single_stock_cninfo_v1/embeddings	roberta	long	body_mean	simple_mlp	none	0	/data/alpha_team2/shares/llm_return/datasets/sina_cninfo_full_2010_2026/single_stock_cninfo_v1/classification_results_v1/event3_to_event3/classification/roberta_long_body_mean_simple_mlp_none_0.json	event_return_3d	event_return_3d
79	/data/alpha_team2/shares/llm_return/datasets/sina_cninfo_full_2010_2026/single_stock_cninfo_v1/embeddings	roberta	long	body_mean	hist_gradient_boosting	none	0	/data/alpha_team2/shares/llm_return/datasets/sina_cninfo_full_2010_2026/single_stock_cninfo_v1/classification_results_v1/event3_to_event3/classification/roberta_long_body_mean_hist_gradient_boosting_none_0.json	event_return_3d	event_return_3d
80	/data/alpha_team2/shares/llm_return/datasets/sina_cninfo_full_2010_2026/single_stock_cninfo_v1/embeddings	roberta	long	title_body_mean	logistic	none	0	/data/alpha_team2/shares/llm_return/datasets/sina_cninfo_full_2010_2026/single_stock_cninfo_v1/classification_results_v1/event3_to_event3/classification/roberta_long_title_body_mean_logistic_none_0.json	event_return_3d	event_return_3d
81	/data/alpha_team2/shares/llm_return/datasets/sina_cninfo_full_2010_2026/single_stock_cninfo_v1/embeddings	roberta	long	title_body_mean	linear_svm	none	0	/data/alpha_team2/shares/llm_return/datasets/sina_cninfo_full_2010_2026/single_stock_cninfo_v1/classification_results_v1/event3_to_event3/classification/roberta_long_title_body_mean_linear_svm_none_0.json	event_return_3d	event_return_3d
82	/data/alpha_team2/shares/llm_return/datasets/sina_cninfo_full_2010_2026/single_stock_cninfo_v1/embeddings	roberta	long	title_body_mean	sgd	none	0	/data/alpha_team2/shares/llm_return/datasets/sina_cninfo_full_2010_2026/single_stock_cninfo_v1/classification_results_v1/event3_to_event3/classification/roberta_long_title_body_mean_sgd_none_0.json	event_return_3d	event_return_3d
83	/data/alpha_team2/shares/llm_return/datasets/sina_cninfo_full_2010_2026/single_stock_cninfo_v1/embeddings	roberta	long	title_body_mean	simple_mlp	none	0	/data/alpha_team2/shares/llm_return/datasets/sina_cninfo_full_2010_2026/single_stock_cninfo_v1/classification_results_v1/event3_to_event3/classification/roberta_long_title_body_mean_simple_mlp_none_0.json	event_return_3d	event_return_3d
84	/data/alpha_team2/shares/llm_return/datasets/sina_cninfo_full_2010_2026/single_stock_cninfo_v1/embeddings	roberta	long	title_body_mean	hist_gradient_boosting	none	0	/data/alpha_team2/shares/llm_return/datasets/sina_cninfo_full_2010_2026/single_stock_cninfo_v1/classification_results_v1/event3_to_event3/classification/roberta_long_title_body_mean_hist_gradient_boosting_none_0.json	event_return_3d	event_return_3d
85	/data/alpha_team2/shares/llm_return/datasets/sina_cninfo_full_2010_2026/single_stock_cninfo_v1/embeddings	roberta	long	full_mean	logistic	none	0	/data/alpha_team2/shares/llm_return/datasets/sina_cninfo_full_2010_2026/single_stock_cninfo_v1/classification_results_v1/event3_to_event3/classification/roberta_long_full_mean_logistic_none_0.json	event_return_3d	event_return_3d
86	/data/alpha_team2/shares/llm_return/datasets/sina_cninfo_full_2010_2026/single_stock_cninfo_v1/embeddings	roberta	long	full_mean	linear_svm	none	0	/data/alpha_team2/shares/llm_return/datasets/sina_cninfo_full_2010_2026/single_stock_cninfo_v1/classification_results_v1/event3_to_event3/classification/roberta_long_full_mean_linear_svm_none_0.json	event_return_3d	event_return_3d
87	/data/alpha_team2/shares/llm_return/datasets/sina_cninfo_full_2010_2026/single_stock_cninfo_v1/embeddings	roberta	long	full_mean	sgd	none	0	/data/alpha_team2/shares/llm_return/datasets/sina_cninfo_full_2010_2026/single_stock_cninfo_v1/classification_results_v1/event3_to_event3/classification/roberta_long_full_mean_sgd_none_0.json	event_return_3d	event_return_3d
88	/data/alpha_team2/shares/llm_return/datasets/sina_cninfo_full_2010_2026/single_stock_cninfo_v1/embeddings	roberta	long	full_mean	simple_mlp	none	0	/data/alpha_team2/shares/llm_return/datasets/sina_cninfo_full_2010_2026/single_stock_cninfo_v1/classification_results_v1/event3_to_event3/classification/roberta_long_full_mean_simple_mlp_none_0.json	event_return_3d	event_return_3d
89	/data/alpha_team2/shares/llm_return/datasets/sina_cninfo_full_2010_2026/single_stock_cninfo_v1/embeddings	roberta	long	full_mean	hist_gradient_boosting	none	0	/data/alpha_team2/shares/llm_return/datasets/sina_cninfo_full_2010_2026/single_stock_cninfo_v1/classification_results_v1/event3_to_event3/classification/roberta_long_full_mean_hist_gradient_boosting_none_0.json	event_return_3d	event_return_3d
90	/data/alpha_team2/shares/llm_return/datasets/sina_cninfo_full_2010_2026/single_stock_cninfo_v1/embeddings	roberta	long	cls	logistic	none	0	/data/alpha_team2/shares/llm_return/datasets/sina_cninfo_full_2010_2026/single_stock_cninfo_v1/classification_results_v1/event3_to_event3/classification/roberta_long_cls_logistic_none_0.json	event_return_3d	event_return_3d
91	/data/alpha_team2/shares/llm_return/datasets/sina_cninfo_full_2010_2026/single_stock_cninfo_v1/embeddings	roberta	long	cls	linear_svm	none	0	/data/alpha_team2/shares/llm_return/datasets/sina_cninfo_full_2010_2026/single_stock_cninfo_v1/classification_results_v1/event3_to_event3/classification/roberta_long_cls_linear_svm_none_0.json	event_return_3d	event_return_3d
92	/data/alpha_team2/shares/llm_return/datasets/sina_cninfo_full_2010_2026/single_stock_cninfo_v1/embeddings	roberta	long	cls	sgd	none	0	/data/alpha_team2/shares/llm_return/datasets/sina_cninfo_full_2010_2026/single_stock_cninfo_v1/classification_results_v1/event3_to_event3/classification/roberta_long_cls_sgd_none_0.json	event_return_3d	event_return_3d
93	/data/alpha_team2/shares/llm_return/datasets/sina_cninfo_full_2010_2026/single_stock_cninfo_v1/embeddings	roberta	long	cls	simple_mlp	none	0	/data/alpha_team2/shares/llm_return/datasets/sina_cninfo_full_2010_2026/single_stock_cninfo_v1/classification_results_v1/event3_to_event3/classification/roberta_long_cls_simple_mlp_none_0.json	event_return_3d	event_return_3d
94	/data/alpha_team2/shares/llm_return/datasets/sina_cninfo_full_2010_2026/single_stock_cninfo_v1/embeddings	roberta	long	cls	hist_gradient_boosting	none	0	/data/alpha_team2/shares/llm_return/datasets/sina_cninfo_full_2010_2026/single_stock_cninfo_v1/classification_results_v1/event3_to_event3/classification/roberta_long_cls_hist_gradient_boosting_none_0.json	event_return_3d	event_return_3d
95	/data/alpha_team2/shares/llm_return/datasets/sina_cninfo_full_2010_2026/single_stock_cninfo_v1/embeddings	roberta	long	full_max	logistic	none	0	/data/alpha_team2/shares/llm_return/datasets/sina_cninfo_full_2010_2026/single_stock_cninfo_v1/classification_results_v1/event3_to_event3/classification/roberta_long_full_max_logistic_none_0.json	event_return_3d	event_return_3d
96	/data/alpha_team2/shares/llm_return/datasets/sina_cninfo_full_2010_2026/single_stock_cninfo_v1/embeddings	roberta	long	full_max	linear_svm	none	0	/data/alpha_team2/shares/llm_return/datasets/sina_cninfo_full_2010_2026/single_stock_cninfo_v1/classification_results_v1/event3_to_event3/classification/roberta_long_full_max_linear_svm_none_0.json	event_return_3d	event_return_3d
97	/data/alpha_team2/shares/llm_return/datasets/sina_cninfo_full_2010_2026/single_stock_cninfo_v1/embeddings	roberta	long	full_max	sgd	none	0	/data/alpha_team2/shares/llm_return/datasets/sina_cninfo_full_2010_2026/single_stock_cninfo_v1/classification_results_v1/event3_to_event3/classification/roberta_long_full_max_sgd_none_0.json	event_return_3d	event_return_3d
98	/data/alpha_team2/shares/llm_return/datasets/sina_cninfo_full_2010_2026/single_stock_cninfo_v1/embeddings	roberta	long	full_max	simple_mlp	none	0	/data/alpha_team2/shares/llm_return/datasets/sina_cninfo_full_2010_2026/single_stock_cninfo_v1/classification_results_v1/event3_to_event3/classification/roberta_long_full_max_simple_mlp_none_0.json	event_return_3d	event_return_3d
99	/data/alpha_team2/shares/llm_return/datasets/sina_cninfo_full_2010_2026/single_stock_cninfo_v1/embeddings	roberta	long	full_max	hist_gradient_boosting	none	0	/data/alpha_team2/shares/llm_return/datasets/sina_cninfo_full_2010_2026/single_stock_cninfo_v1/classification_results_v1/event3_to_event3/classification/roberta_long_full_max_hist_gradient_boosting_none_0.json	event_return_3d	event_return_3d
100	/data/alpha_team2/shares/llm_return/datasets/sina_cninfo_full_2010_2026/single_stock_cninfo_v1/embeddings	roberta	masked_long	body_mean	logistic	none	0	/data/alpha_team2/shares/llm_return/datasets/sina_cninfo_full_2010_2026/single_stock_cninfo_v1/classification_results_v1/event3_to_event3/classification/roberta_masked_long_body_mean_logistic_none_0.json	event_return_3d	event_return_3d
101	/data/alpha_team2/shares/llm_return/datasets/sina_cninfo_full_2010_2026/single_stock_cninfo_v1/embeddings	roberta	masked_long	body_mean	linear_svm	none	0	/data/alpha_team2/shares/llm_return/datasets/sina_cninfo_full_2010_2026/single_stock_cninfo_v1/classification_results_v1/event3_to_event3/classification/roberta_masked_long_body_mean_linear_svm_none_0.json	event_return_3d	event_return_3d
102	/data/alpha_team2/shares/llm_return/datasets/sina_cninfo_full_2010_2026/single_stock_cninfo_v1/embeddings	roberta	masked_long	body_mean	sgd	none	0	/data/alpha_team2/shares/llm_return/datasets/sina_cninfo_full_2010_2026/single_stock_cninfo_v1/classification_results_v1/event3_to_event3/classification/roberta_masked_long_body_mean_sgd_none_0.json	event_return_3d	event_return_3d
103	/data/alpha_team2/shares/llm_return/datasets/sina_cninfo_full_2010_2026/single_stock_cninfo_v1/embeddings	roberta	masked_long	body_mean	simple_mlp	none	0	/data/alpha_team2/shares/llm_return/datasets/sina_cninfo_full_2010_2026/single_stock_cninfo_v1/classification_results_v1/event3_to_event3/classification/roberta_masked_long_body_mean_simple_mlp_none_0.json	event_return_3d	event_return_3d
104	/data/alpha_team2/shares/llm_return/datasets/sina_cninfo_full_2010_2026/single_stock_cninfo_v1/embeddings	roberta	masked_long	body_mean	hist_gradient_boosting	none	0	/data/alpha_team2/shares/llm_return/datasets/sina_cninfo_full_2010_2026/single_stock_cninfo_v1/classification_results_v1/event3_to_event3/classification/roberta_masked_long_body_mean_hist_gradient_boosting_none_0.json	event_return_3d	event_return_3d
105	/data/alpha_team2/shares/llm_return/datasets/sina_cninfo_full_2010_2026/single_stock_cninfo_v1/embeddings	roberta	masked_long	title_body_mean	logistic	none	0	/data/alpha_team2/shares/llm_return/datasets/sina_cninfo_full_2010_2026/single_stock_cninfo_v1/classification_results_v1/event3_to_event3/classification/roberta_masked_long_title_body_mean_logistic_none_0.json	event_return_3d	event_return_3d
106	/data/alpha_team2/shares/llm_return/datasets/sina_cninfo_full_2010_2026/single_stock_cninfo_v1/embeddings	roberta	masked_long	title_body_mean	linear_svm	none	0	/data/alpha_team2/shares/llm_return/datasets/sina_cninfo_full_2010_2026/single_stock_cninfo_v1/classification_results_v1/event3_to_event3/classification/roberta_masked_long_title_body_mean_linear_svm_none_0.json	event_return_3d	event_return_3d
107	/data/alpha_team2/shares/llm_return/datasets/sina_cninfo_full_2010_2026/single_stock_cninfo_v1/embeddings	roberta	masked_long	title_body_mean	sgd	none	0	/data/alpha_team2/shares/llm_return/datasets/sina_cninfo_full_2010_2026/single_stock_cninfo_v1/classification_results_v1/event3_to_event3/classification/roberta_masked_long_title_body_mean_sgd_none_0.json	event_return_3d	event_return_3d
108	/data/alpha_team2/shares/llm_return/datasets/sina_cninfo_full_2010_2026/single_stock_cninfo_v1/embeddings	roberta	masked_long	title_body_mean	simple_mlp	none	0	/data/alpha_team2/shares/llm_return/datasets/sina_cninfo_full_2010_2026/single_stock_cninfo_v1/classification_results_v1/event3_to_event3/classification/roberta_masked_long_title_body_mean_simple_mlp_none_0.json	event_return_3d	event_return_3d
109	/data/alpha_team2/shares/llm_return/datasets/sina_cninfo_full_2010_2026/single_stock_cninfo_v1/embeddings	roberta	masked_long	title_body_mean	hist_gradient_boosting	none	0	/data/alpha_team2/shares/llm_return/datasets/sina_cninfo_full_2010_2026/single_stock_cninfo_v1/classification_results_v1/event3_to_event3/classification/roberta_masked_long_title_body_mean_hist_gradient_boosting_none_0.json	event_return_3d	event_return_3d
110	/data/alpha_team2/shares/llm_return/datasets/sina_cninfo_full_2010_2026/single_stock_cninfo_v1/embeddings	roberta	masked_long	full_mean	logistic	none	0	/data/alpha_team2/shares/llm_return/datasets/sina_cninfo_full_2010_2026/single_stock_cninfo_v1/classification_results_v1/event3_to_event3/classification/roberta_masked_long_full_mean_logistic_none_0.json	event_return_3d	event_return_3d
111	/data/alpha_team2/shares/llm_return/datasets/sina_cninfo_full_2010_2026/single_stock_cninfo_v1/embeddings	roberta	masked_long	full_mean	linear_svm	none	0	/data/alpha_team2/shares/llm_return/datasets/sina_cninfo_full_2010_2026/single_stock_cninfo_v1/classification_results_v1/event3_to_event3/classification/roberta_masked_long_full_mean_linear_svm_none_0.json	event_return_3d	event_return_3d
112	/data/alpha_team2/shares/llm_return/datasets/sina_cninfo_full_2010_2026/single_stock_cninfo_v1/embeddings	roberta	masked_long	full_mean	sgd	none	0	/data/alpha_team2/shares/llm_return/datasets/sina_cninfo_full_2010_2026/single_stock_cninfo_v1/classification_results_v1/event3_to_event3/classification/roberta_masked_long_full_mean_sgd_none_0.json	event_return_3d	event_return_3d
113	/data/alpha_team2/shares/llm_return/datasets/sina_cninfo_full_2010_2026/single_stock_cninfo_v1/embeddings	roberta	masked_long	full_mean	simple_mlp	none	0	/data/alpha_team2/shares/llm_return/datasets/sina_cninfo_full_2010_2026/single_stock_cninfo_v1/classification_results_v1/event3_to_event3/classification/roberta_masked_long_full_mean_simple_mlp_none_0.json	event_return_3d	event_return_3d
114	/data/alpha_team2/shares/llm_return/datasets/sina_cninfo_full_2010_2026/single_stock_cninfo_v1/embeddings	roberta	masked_long	full_mean	hist_gradient_boosting	none	0	/data/alpha_team2/shares/llm_return/datasets/sina_cninfo_full_2010_2026/single_stock_cninfo_v1/classification_results_v1/event3_to_event3/classification/roberta_masked_long_full_mean_hist_gradient_boosting_none_0.json	event_return_3d	event_return_3d
115	/data/alpha_team2/shares/llm_return/datasets/sina_cninfo_full_2010_2026/single_stock_cninfo_v1/embeddings	roberta	masked_long	cls	logistic	none	0	/data/alpha_team2/shares/llm_return/datasets/sina_cninfo_full_2010_2026/single_stock_cninfo_v1/classification_results_v1/event3_to_event3/classification/roberta_masked_long_cls_logistic_none_0.json	event_return_3d	event_return_3d
116	/data/alpha_team2/shares/llm_return/datasets/sina_cninfo_full_2010_2026/single_stock_cninfo_v1/embeddings	roberta	masked_long	cls	linear_svm	none	0	/data/alpha_team2/shares/llm_return/datasets/sina_cninfo_full_2010_2026/single_stock_cninfo_v1/classification_results_v1/event3_to_event3/classification/roberta_masked_long_cls_linear_svm_none_0.json	event_return_3d	event_return_3d
117	/data/alpha_team2/shares/llm_return/datasets/sina_cninfo_full_2010_2026/single_stock_cninfo_v1/embeddings	roberta	masked_long	cls	sgd	none	0	/data/alpha_team2/shares/llm_return/datasets/sina_cninfo_full_2010_2026/single_stock_cninfo_v1/classification_results_v1/event3_to_event3/classification/roberta_masked_long_cls_sgd_none_0.json	event_return_3d	event_return_3d
118	/data/alpha_team2/shares/llm_return/datasets/sina_cninfo_full_2010_2026/single_stock_cninfo_v1/embeddings	roberta	masked_long	cls	simple_mlp	none	0	/data/alpha_team2/shares/llm_return/datasets/sina_cninfo_full_2010_2026/single_stock_cninfo_v1/classification_results_v1/event3_to_event3/classification/roberta_masked_long_cls_simple_mlp_none_0.json	event_return_3d	event_return_3d
119	/data/alpha_team2/shares/llm_return/datasets/sina_cninfo_full_2010_2026/single_stock_cninfo_v1/embeddings	roberta	masked_long	cls	hist_gradient_boosting	none	0	/data/alpha_team2/shares/llm_return/datasets/sina_cninfo_full_2010_2026/single_stock_cninfo_v1/classification_results_v1/event3_to_event3/classification/roberta_masked_long_cls_hist_gradient_boosting_none_0.json	event_return_3d	event_return_3d
120	/data/alpha_team2/shares/llm_return/datasets/sina_cninfo_full_2010_2026/single_stock_cninfo_v1/embeddings	roberta	masked_long	full_max	logistic	none	0	/data/alpha_team2/shares/llm_return/datasets/sina_cninfo_full_2010_2026/single_stock_cninfo_v1/classification_results_v1/event3_to_event3/classification/roberta_masked_long_full_max_logistic_none_0.json	event_return_3d	event_return_3d
121	/data/alpha_team2/shares/llm_return/datasets/sina_cninfo_full_2010_2026/single_stock_cninfo_v1/embeddings	roberta	masked_long	full_max	linear_svm	none	0	/data/alpha_team2/shares/llm_return/datasets/sina_cninfo_full_2010_2026/single_stock_cninfo_v1/classification_results_v1/event3_to_event3/classification/roberta_masked_long_full_max_linear_svm_none_0.json	event_return_3d	event_return_3d
122	/data/alpha_team2/shares/llm_return/datasets/sina_cninfo_full_2010_2026/single_stock_cninfo_v1/embeddings	roberta	masked_long	full_max	sgd	none	0	/data/alpha_team2/shares/llm_return/datasets/sina_cninfo_full_2010_2026/single_stock_cninfo_v1/classification_results_v1/event3_to_event3/classification/roberta_masked_long_full_max_sgd_none_0.json	event_return_3d	event_return_3d
123	/data/alpha_team2/shares/llm_return/datasets/sina_cninfo_full_2010_2026/single_stock_cninfo_v1/embeddings	roberta	masked_long	full_max	simple_mlp	none	0	/data/alpha_team2/shares/llm_return/datasets/sina_cninfo_full_2010_2026/single_stock_cninfo_v1/classification_results_v1/event3_to_event3/classification/roberta_masked_long_full_max_simple_mlp_none_0.json	event_return_3d	event_return_3d
124	/data/alpha_team2/shares/llm_return/datasets/sina_cninfo_full_2010_2026/single_stock_cninfo_v1/embeddings	roberta	masked_long	full_max	hist_gradient_boosting	none	0	/data/alpha_team2/shares/llm_return/datasets/sina_cninfo_full_2010_2026/single_stock_cninfo_v1/classification_results_v1/event3_to_event3/classification/roberta_masked_long_full_max_hist_gradient_boosting_none_0.json	event_return_3d	event_return_3d
125	/data/alpha_team2/shares/llm_return/datasets/sina_cninfo_full_2010_2026/single_stock_cninfo_v1/embeddings	bge_m3	plain	body_mean	logistic	none	0	/data/alpha_team2/shares/llm_return/datasets/sina_cninfo_full_2010_2026/single_stock_cninfo_v1/classification_results_v1/event3_to_event3/classification/bge_m3_plain_body_mean_logistic_none_0.json	event_return_3d	event_return_3d
126	/data/alpha_team2/shares/llm_return/datasets/sina_cninfo_full_2010_2026/single_stock_cninfo_v1/embeddings	bge_m3	plain	body_mean	linear_svm	none	0	/data/alpha_team2/shares/llm_return/datasets/sina_cninfo_full_2010_2026/single_stock_cninfo_v1/classification_results_v1/event3_to_event3/classification/bge_m3_plain_body_mean_linear_svm_none_0.json	event_return_3d	event_return_3d
127	/data/alpha_team2/shares/llm_return/datasets/sina_cninfo_full_2010_2026/single_stock_cninfo_v1/embeddings	bge_m3	plain	body_mean	sgd	none	0	/data/alpha_team2/shares/llm_return/datasets/sina_cninfo_full_2010_2026/single_stock_cninfo_v1/classification_results_v1/event3_to_event3/classification/bge_m3_plain_body_mean_sgd_none_0.json	event_return_3d	event_return_3d
128	/data/alpha_team2/shares/llm_return/datasets/sina_cninfo_full_2010_2026/single_stock_cninfo_v1/embeddings	bge_m3	plain	body_mean	simple_mlp	none	0	/data/alpha_team2/shares/llm_return/datasets/sina_cninfo_full_2010_2026/single_stock_cninfo_v1/classification_results_v1/event3_to_event3/classification/bge_m3_plain_body_mean_simple_mlp_none_0.json	event_return_3d	event_return_3d
129	/data/alpha_team2/shares/llm_return/datasets/sina_cninfo_full_2010_2026/single_stock_cninfo_v1/embeddings	bge_m3	plain	body_mean	hist_gradient_boosting	none	0	/data/alpha_team2/shares/llm_return/datasets/sina_cninfo_full_2010_2026/single_stock_cninfo_v1/classification_results_v1/event3_to_event3/classification/bge_m3_plain_body_mean_hist_gradient_boosting_none_0.json	event_return_3d	event_return_3d
130	/data/alpha_team2/shares/llm_return/datasets/sina_cninfo_full_2010_2026/single_stock_cninfo_v1/embeddings	bge_m3	plain	title_body_mean	logistic	none	0	/data/alpha_team2/shares/llm_return/datasets/sina_cninfo_full_2010_2026/single_stock_cninfo_v1/classification_results_v1/event3_to_event3/classification/bge_m3_plain_title_body_mean_logistic_none_0.json	event_return_3d	event_return_3d
131	/data/alpha_team2/shares/llm_return/datasets/sina_cninfo_full_2010_2026/single_stock_cninfo_v1/embeddings	bge_m3	plain	title_body_mean	linear_svm	none	0	/data/alpha_team2/shares/llm_return/datasets/sina_cninfo_full_2010_2026/single_stock_cninfo_v1/classification_results_v1/event3_to_event3/classification/bge_m3_plain_title_body_mean_linear_svm_none_0.json	event_return_3d	event_return_3d
132	/data/alpha_team2/shares/llm_return/datasets/sina_cninfo_full_2010_2026/single_stock_cninfo_v1/embeddings	bge_m3	plain	title_body_mean	sgd	none	0	/data/alpha_team2/shares/llm_return/datasets/sina_cninfo_full_2010_2026/single_stock_cninfo_v1/classification_results_v1/event3_to_event3/classification/bge_m3_plain_title_body_mean_sgd_none_0.json	event_return_3d	event_return_3d
133	/data/alpha_team2/shares/llm_return/datasets/sina_cninfo_full_2010_2026/single_stock_cninfo_v1/embeddings	bge_m3	plain	title_body_mean	simple_mlp	none	0	/data/alpha_team2/shares/llm_return/datasets/sina_cninfo_full_2010_2026/single_stock_cninfo_v1/classification_results_v1/event3_to_event3/classification/bge_m3_plain_title_body_mean_simple_mlp_none_0.json	event_return_3d	event_return_3d
134	/data/alpha_team2/shares/llm_return/datasets/sina_cninfo_full_2010_2026/single_stock_cninfo_v1/embeddings	bge_m3	plain	title_body_mean	hist_gradient_boosting	none	0	/data/alpha_team2/shares/llm_return/datasets/sina_cninfo_full_2010_2026/single_stock_cninfo_v1/classification_results_v1/event3_to_event3/classification/bge_m3_plain_title_body_mean_hist_gradient_boosting_none_0.json	event_return_3d	event_return_3d
135	/data/alpha_team2/shares/llm_return/datasets/sina_cninfo_full_2010_2026/single_stock_cninfo_v1/embeddings	bge_m3	plain	full_mean	logistic	none	0	/data/alpha_team2/shares/llm_return/datasets/sina_cninfo_full_2010_2026/single_stock_cninfo_v1/classification_results_v1/event3_to_event3/classification/bge_m3_plain_full_mean_logistic_none_0.json	event_return_3d	event_return_3d
136	/data/alpha_team2/shares/llm_return/datasets/sina_cninfo_full_2010_2026/single_stock_cninfo_v1/embeddings	bge_m3	plain	full_mean	linear_svm	none	0	/data/alpha_team2/shares/llm_return/datasets/sina_cninfo_full_2010_2026/single_stock_cninfo_v1/classification_results_v1/event3_to_event3/classification/bge_m3_plain_full_mean_linear_svm_none_0.json	event_return_3d	event_return_3d
137	/data/alpha_team2/shares/llm_return/datasets/sina_cninfo_full_2010_2026/single_stock_cninfo_v1/embeddings	bge_m3	plain	full_mean	sgd	none	0	/data/alpha_team2/shares/llm_return/datasets/sina_cninfo_full_2010_2026/single_stock_cninfo_v1/classification_results_v1/event3_to_event3/classification/bge_m3_plain_full_mean_sgd_none_0.json	event_return_3d	event_return_3d
138	/data/alpha_team2/shares/llm_return/datasets/sina_cninfo_full_2010_2026/single_stock_cninfo_v1/embeddings	bge_m3	plain	full_mean	simple_mlp	none	0	/data/alpha_team2/shares/llm_return/datasets/sina_cninfo_full_2010_2026/single_stock_cninfo_v1/classification_results_v1/event3_to_event3/classification/bge_m3_plain_full_mean_simple_mlp_none_0.json	event_return_3d	event_return_3d
139	/data/alpha_team2/shares/llm_return/datasets/sina_cninfo_full_2010_2026/single_stock_cninfo_v1/embeddings	bge_m3	plain	full_mean	hist_gradient_boosting	none	0	/data/alpha_team2/shares/llm_return/datasets/sina_cninfo_full_2010_2026/single_stock_cninfo_v1/classification_results_v1/event3_to_event3/classification/bge_m3_plain_full_mean_hist_gradient_boosting_none_0.json	event_return_3d	event_return_3d
140	/data/alpha_team2/shares/llm_return/datasets/sina_cninfo_full_2010_2026/single_stock_cninfo_v1/embeddings	bge_m3	plain	cls	logistic	none	0	/data/alpha_team2/shares/llm_return/datasets/sina_cninfo_full_2010_2026/single_stock_cninfo_v1/classification_results_v1/event3_to_event3/classification/bge_m3_plain_cls_logistic_none_0.json	event_return_3d	event_return_3d
141	/data/alpha_team2/shares/llm_return/datasets/sina_cninfo_full_2010_2026/single_stock_cninfo_v1/embeddings	bge_m3	plain	cls	linear_svm	none	0	/data/alpha_team2/shares/llm_return/datasets/sina_cninfo_full_2010_2026/single_stock_cninfo_v1/classification_results_v1/event3_to_event3/classification/bge_m3_plain_cls_linear_svm_none_0.json	event_return_3d	event_return_3d
142	/data/alpha_team2/shares/llm_return/datasets/sina_cninfo_full_2010_2026/single_stock_cninfo_v1/embeddings	bge_m3	plain	cls	sgd	none	0	/data/alpha_team2/shares/llm_return/datasets/sina_cninfo_full_2010_2026/single_stock_cninfo_v1/classification_results_v1/event3_to_event3/classification/bge_m3_plain_cls_sgd_none_0.json	event_return_3d	event_return_3d
143	/data/alpha_team2/shares/llm_return/datasets/sina_cninfo_full_2010_2026/single_stock_cninfo_v1/embeddings	bge_m3	plain	cls	simple_mlp	none	0	/data/alpha_team2/shares/llm_return/datasets/sina_cninfo_full_2010_2026/single_stock_cninfo_v1/classification_results_v1/event3_to_event3/classification/bge_m3_plain_cls_simple_mlp_none_0.json	event_return_3d	event_return_3d
144	/data/alpha_team2/shares/llm_return/datasets/sina_cninfo_full_2010_2026/single_stock_cninfo_v1/embeddings	bge_m3	plain	cls	hist_gradient_boosting	none	0	/data/alpha_team2/shares/llm_return/datasets/sina_cninfo_full_2010_2026/single_stock_cninfo_v1/classification_results_v1/event3_to_event3/classification/bge_m3_plain_cls_hist_gradient_boosting_none_0.json	event_return_3d	event_return_3d
145	/data/alpha_team2/shares/llm_return/datasets/sina_cninfo_full_2010_2026/single_stock_cninfo_v1/embeddings	bge_m3	plain	full_max	logistic	none	0	/data/alpha_team2/shares/llm_return/datasets/sina_cninfo_full_2010_2026/single_stock_cninfo_v1/classification_results_v1/event3_to_event3/classification/bge_m3_plain_full_max_logistic_none_0.json	event_return_3d	event_return_3d
146	/data/alpha_team2/shares/llm_return/datasets/sina_cninfo_full_2010_2026/single_stock_cninfo_v1/embeddings	bge_m3	plain	full_max	linear_svm	none	0	/data/alpha_team2/shares/llm_return/datasets/sina_cninfo_full_2010_2026/single_stock_cninfo_v1/classification_results_v1/event3_to_event3/classification/bge_m3_plain_full_max_linear_svm_none_0.json	event_return_3d	event_return_3d
147	/data/alpha_team2/shares/llm_return/datasets/sina_cninfo_full_2010_2026/single_stock_cninfo_v1/embeddings	bge_m3	plain	full_max	sgd	none	0	/data/alpha_team2/shares/llm_return/datasets/sina_cninfo_full_2010_2026/single_stock_cninfo_v1/classification_results_v1/event3_to_event3/classification/bge_m3_plain_full_max_sgd_none_0.json	event_return_3d	event_return_3d
148	/data/alpha_team2/shares/llm_return/datasets/sina_cninfo_full_2010_2026/single_stock_cninfo_v1/embeddings	bge_m3	plain	full_max	simple_mlp	none	0	/data/alpha_team2/shares/llm_return/datasets/sina_cninfo_full_2010_2026/single_stock_cninfo_v1/classification_results_v1/event3_to_event3/classification/bge_m3_plain_full_max_simple_mlp_none_0.json	event_return_3d	event_return_3d
149	/data/alpha_team2/shares/llm_return/datasets/sina_cninfo_full_2010_2026/single_stock_cninfo_v1/embeddings	bge_m3	plain	full_max	hist_gradient_boosting	none	0	/data/alpha_team2/shares/llm_return/datasets/sina_cninfo_full_2010_2026/single_stock_cninfo_v1/classification_results_v1/event3_to_event3/classification/bge_m3_plain_full_max_hist_gradient_boosting_none_0.json	event_return_3d	event_return_3d
150	/data/alpha_team2/shares/llm_return/datasets/sina_cninfo_full_2010_2026/single_stock_cninfo_v1/embeddings	bge_m3	short	body_mean	logistic	none	0	/data/alpha_team2/shares/llm_return/datasets/sina_cninfo_full_2010_2026/single_stock_cninfo_v1/classification_results_v1/event3_to_event3/classification/bge_m3_short_body_mean_logistic_none_0.json	event_return_3d	event_return_3d
151	/data/alpha_team2/shares/llm_return/datasets/sina_cninfo_full_2010_2026/single_stock_cninfo_v1/embeddings	bge_m3	short	body_mean	linear_svm	none	0	/data/alpha_team2/shares/llm_return/datasets/sina_cninfo_full_2010_2026/single_stock_cninfo_v1/classification_results_v1/event3_to_event3/classification/bge_m3_short_body_mean_linear_svm_none_0.json	event_return_3d	event_return_3d
152	/data/alpha_team2/shares/llm_return/datasets/sina_cninfo_full_2010_2026/single_stock_cninfo_v1/embeddings	bge_m3	short	body_mean	sgd	none	0	/data/alpha_team2/shares/llm_return/datasets/sina_cninfo_full_2010_2026/single_stock_cninfo_v1/classification_results_v1/event3_to_event3/classification/bge_m3_short_body_mean_sgd_none_0.json	event_return_3d	event_return_3d
153	/data/alpha_team2/shares/llm_return/datasets/sina_cninfo_full_2010_2026/single_stock_cninfo_v1/embeddings	bge_m3	short	body_mean	simple_mlp	none	0	/data/alpha_team2/shares/llm_return/datasets/sina_cninfo_full_2010_2026/single_stock_cninfo_v1/classification_results_v1/event3_to_event3/classification/bge_m3_short_body_mean_simple_mlp_none_0.json	event_return_3d	event_return_3d
154	/data/alpha_team2/shares/llm_return/datasets/sina_cninfo_full_2010_2026/single_stock_cninfo_v1/embeddings	bge_m3	short	body_mean	hist_gradient_boosting	none	0	/data/alpha_team2/shares/llm_return/datasets/sina_cninfo_full_2010_2026/single_stock_cninfo_v1/classification_results_v1/event3_to_event3/classification/bge_m3_short_body_mean_hist_gradient_boosting_none_0.json	event_return_3d	event_return_3d
155	/data/alpha_team2/shares/llm_return/datasets/sina_cninfo_full_2010_2026/single_stock_cninfo_v1/embeddings	bge_m3	short	title_body_mean	logistic	none	0	/data/alpha_team2/shares/llm_return/datasets/sina_cninfo_full_2010_2026/single_stock_cninfo_v1/classification_results_v1/event3_to_event3/classification/bge_m3_short_title_body_mean_logistic_none_0.json	event_return_3d	event_return_3d
156	/data/alpha_team2/shares/llm_return/datasets/sina_cninfo_full_2010_2026/single_stock_cninfo_v1/embeddings	bge_m3	short	title_body_mean	linear_svm	none	0	/data/alpha_team2/shares/llm_return/datasets/sina_cninfo_full_2010_2026/single_stock_cninfo_v1/classification_results_v1/event3_to_event3/classification/bge_m3_short_title_body_mean_linear_svm_none_0.json	event_return_3d	event_return_3d
157	/data/alpha_team2/shares/llm_return/datasets/sina_cninfo_full_2010_2026/single_stock_cninfo_v1/embeddings	bge_m3	short	title_body_mean	sgd	none	0	/data/alpha_team2/shares/llm_return/datasets/sina_cninfo_full_2010_2026/single_stock_cninfo_v1/classification_results_v1/event3_to_event3/classification/bge_m3_short_title_body_mean_sgd_none_0.json	event_return_3d	event_return_3d
158	/data/alpha_team2/shares/llm_return/datasets/sina_cninfo_full_2010_2026/single_stock_cninfo_v1/embeddings	bge_m3	short	title_body_mean	simple_mlp	none	0	/data/alpha_team2/shares/llm_return/datasets/sina_cninfo_full_2010_2026/single_stock_cninfo_v1/classification_results_v1/event3_to_event3/classification/bge_m3_short_title_body_mean_simple_mlp_none_0.json	event_return_3d	event_return_3d
159	/data/alpha_team2/shares/llm_return/datasets/sina_cninfo_full_2010_2026/single_stock_cninfo_v1/embeddings	bge_m3	short	title_body_mean	hist_gradient_boosting	none	0	/data/alpha_team2/shares/llm_return/datasets/sina_cninfo_full_2010_2026/single_stock_cninfo_v1/classification_results_v1/event3_to_event3/classification/bge_m3_short_title_body_mean_hist_gradient_boosting_none_0.json	event_return_3d	event_return_3d
160	/data/alpha_team2/shares/llm_return/datasets/sina_cninfo_full_2010_2026/single_stock_cninfo_v1/embeddings	bge_m3	short	full_mean	logistic	none	0	/data/alpha_team2/shares/llm_return/datasets/sina_cninfo_full_2010_2026/single_stock_cninfo_v1/classification_results_v1/event3_to_event3/classification/bge_m3_short_full_mean_logistic_none_0.json	event_return_3d	event_return_3d
161	/data/alpha_team2/shares/llm_return/datasets/sina_cninfo_full_2010_2026/single_stock_cninfo_v1/embeddings	bge_m3	short	full_mean	linear_svm	none	0	/data/alpha_team2/shares/llm_return/datasets/sina_cninfo_full_2010_2026/single_stock_cninfo_v1/classification_results_v1/event3_to_event3/classification/bge_m3_short_full_mean_linear_svm_none_0.json	event_return_3d	event_return_3d
162	/data/alpha_team2/shares/llm_return/datasets/sina_cninfo_full_2010_2026/single_stock_cninfo_v1/embeddings	bge_m3	short	full_mean	sgd	none	0	/data/alpha_team2/shares/llm_return/datasets/sina_cninfo_full_2010_2026/single_stock_cninfo_v1/classification_results_v1/event3_to_event3/classification/bge_m3_short_full_mean_sgd_none_0.json	event_return_3d	event_return_3d
163	/data/alpha_team2/shares/llm_return/datasets/sina_cninfo_full_2010_2026/single_stock_cninfo_v1/embeddings	bge_m3	short	full_mean	simple_mlp	none	0	/data/alpha_team2/shares/llm_return/datasets/sina_cninfo_full_2010_2026/single_stock_cninfo_v1/classification_results_v1/event3_to_event3/classification/bge_m3_short_full_mean_simple_mlp_none_0.json	event_return_3d	event_return_3d
164	/data/alpha_team2/shares/llm_return/datasets/sina_cninfo_full_2010_2026/single_stock_cninfo_v1/embeddings	bge_m3	short	full_mean	hist_gradient_boosting	none	0	/data/alpha_team2/shares/llm_return/datasets/sina_cninfo_full_2010_2026/single_stock_cninfo_v1/classification_results_v1/event3_to_event3/classification/bge_m3_short_full_mean_hist_gradient_boosting_none_0.json	event_return_3d	event_return_3d
165	/data/alpha_team2/shares/llm_return/datasets/sina_cninfo_full_2010_2026/single_stock_cninfo_v1/embeddings	bge_m3	short	cls	logistic	none	0	/data/alpha_team2/shares/llm_return/datasets/sina_cninfo_full_2010_2026/single_stock_cninfo_v1/classification_results_v1/event3_to_event3/classification/bge_m3_short_cls_logistic_none_0.json	event_return_3d	event_return_3d
166	/data/alpha_team2/shares/llm_return/datasets/sina_cninfo_full_2010_2026/single_stock_cninfo_v1/embeddings	bge_m3	short	cls	linear_svm	none	0	/data/alpha_team2/shares/llm_return/datasets/sina_cninfo_full_2010_2026/single_stock_cninfo_v1/classification_results_v1/event3_to_event3/classification/bge_m3_short_cls_linear_svm_none_0.json	event_return_3d	event_return_3d
167	/data/alpha_team2/shares/llm_return/datasets/sina_cninfo_full_2010_2026/single_stock_cninfo_v1/embeddings	bge_m3	short	cls	sgd	none	0	/data/alpha_team2/shares/llm_return/datasets/sina_cninfo_full_2010_2026/single_stock_cninfo_v1/classification_results_v1/event3_to_event3/classification/bge_m3_short_cls_sgd_none_0.json	event_return_3d	event_return_3d
168	/data/alpha_team2/shares/llm_return/datasets/sina_cninfo_full_2010_2026/single_stock_cninfo_v1/embeddings	bge_m3	short	cls	simple_mlp	none	0	/data/alpha_team2/shares/llm_return/datasets/sina_cninfo_full_2010_2026/single_stock_cninfo_v1/classification_results_v1/event3_to_event3/classification/bge_m3_short_cls_simple_mlp_none_0.json	event_return_3d	event_return_3d
169	/data/alpha_team2/shares/llm_return/datasets/sina_cninfo_full_2010_2026/single_stock_cninfo_v1/embeddings	bge_m3	short	cls	hist_gradient_boosting	none	0	/data/alpha_team2/shares/llm_return/datasets/sina_cninfo_full_2010_2026/single_stock_cninfo_v1/classification_results_v1/event3_to_event3/classification/bge_m3_short_cls_hist_gradient_boosting_none_0.json	event_return_3d	event_return_3d
170	/data/alpha_team2/shares/llm_return/datasets/sina_cninfo_full_2010_2026/single_stock_cninfo_v1/embeddings	bge_m3	short	full_max	logistic	none	0	/data/alpha_team2/shares/llm_return/datasets/sina_cninfo_full_2010_2026/single_stock_cninfo_v1/classification_results_v1/event3_to_event3/classification/bge_m3_short_full_max_logistic_none_0.json	event_return_3d	event_return_3d
171	/data/alpha_team2/shares/llm_return/datasets/sina_cninfo_full_2010_2026/single_stock_cninfo_v1/embeddings	bge_m3	short	full_max	linear_svm	none	0	/data/alpha_team2/shares/llm_return/datasets/sina_cninfo_full_2010_2026/single_stock_cninfo_v1/classification_results_v1/event3_to_event3/classification/bge_m3_short_full_max_linear_svm_none_0.json	event_return_3d	event_return_3d
172	/data/alpha_team2/shares/llm_return/datasets/sina_cninfo_full_2010_2026/single_stock_cninfo_v1/embeddings	bge_m3	short	full_max	sgd	none	0	/data/alpha_team2/shares/llm_return/datasets/sina_cninfo_full_2010_2026/single_stock_cninfo_v1/classification_results_v1/event3_to_event3/classification/bge_m3_short_full_max_sgd_none_0.json	event_return_3d	event_return_3d
173	/data/alpha_team2/shares/llm_return/datasets/sina_cninfo_full_2010_2026/single_stock_cninfo_v1/embeddings	bge_m3	short	full_max	simple_mlp	none	0	/data/alpha_team2/shares/llm_return/datasets/sina_cninfo_full_2010_2026/single_stock_cninfo_v1/classification_results_v1/event3_to_event3/classification/bge_m3_short_full_max_simple_mlp_none_0.json	event_return_3d	event_return_3d
174	/data/alpha_team2/shares/llm_return/datasets/sina_cninfo_full_2010_2026/single_stock_cninfo_v1/embeddings	bge_m3	short	full_max	hist_gradient_boosting	none	0	/data/alpha_team2/shares/llm_return/datasets/sina_cninfo_full_2010_2026/single_stock_cninfo_v1/classification_results_v1/event3_to_event3/classification/bge_m3_short_full_max_hist_gradient_boosting_none_0.json	event_return_3d	event_return_3d
175	/data/alpha_team2/shares/llm_return/datasets/sina_cninfo_full_2010_2026/single_stock_cninfo_v1/embeddings	bge_m3	masked_short	body_mean	logistic	none	0	/data/alpha_team2/shares/llm_return/datasets/sina_cninfo_full_2010_2026/single_stock_cninfo_v1/classification_results_v1/event3_to_event3/classification/bge_m3_masked_short_body_mean_logistic_none_0.json	event_return_3d	event_return_3d
176	/data/alpha_team2/shares/llm_return/datasets/sina_cninfo_full_2010_2026/single_stock_cninfo_v1/embeddings	bge_m3	masked_short	body_mean	linear_svm	none	0	/data/alpha_team2/shares/llm_return/datasets/sina_cninfo_full_2010_2026/single_stock_cninfo_v1/classification_results_v1/event3_to_event3/classification/bge_m3_masked_short_body_mean_linear_svm_none_0.json	event_return_3d	event_return_3d
177	/data/alpha_team2/shares/llm_return/datasets/sina_cninfo_full_2010_2026/single_stock_cninfo_v1/embeddings	bge_m3	masked_short	body_mean	sgd	none	0	/data/alpha_team2/shares/llm_return/datasets/sina_cninfo_full_2010_2026/single_stock_cninfo_v1/classification_results_v1/event3_to_event3/classification/bge_m3_masked_short_body_mean_sgd_none_0.json	event_return_3d	event_return_3d
178	/data/alpha_team2/shares/llm_return/datasets/sina_cninfo_full_2010_2026/single_stock_cninfo_v1/embeddings	bge_m3	masked_short	body_mean	simple_mlp	none	0	/data/alpha_team2/shares/llm_return/datasets/sina_cninfo_full_2010_2026/single_stock_cninfo_v1/classification_results_v1/event3_to_event3/classification/bge_m3_masked_short_body_mean_simple_mlp_none_0.json	event_return_3d	event_return_3d
179	/data/alpha_team2/shares/llm_return/datasets/sina_cninfo_full_2010_2026/single_stock_cninfo_v1/embeddings	bge_m3	masked_short	body_mean	hist_gradient_boosting	none	0	/data/alpha_team2/shares/llm_return/datasets/sina_cninfo_full_2010_2026/single_stock_cninfo_v1/classification_results_v1/event3_to_event3/classification/bge_m3_masked_short_body_mean_hist_gradient_boosting_none_0.json	event_return_3d	event_return_3d
180	/data/alpha_team2/shares/llm_return/datasets/sina_cninfo_full_2010_2026/single_stock_cninfo_v1/embeddings	bge_m3	masked_short	title_body_mean	logistic	none	0	/data/alpha_team2/shares/llm_return/datasets/sina_cninfo_full_2010_2026/single_stock_cninfo_v1/classification_results_v1/event3_to_event3/classification/bge_m3_masked_short_title_body_mean_logistic_none_0.json	event_return_3d	event_return_3d
181	/data/alpha_team2/shares/llm_return/datasets/sina_cninfo_full_2010_2026/single_stock_cninfo_v1/embeddings	bge_m3	masked_short	title_body_mean	linear_svm	none	0	/data/alpha_team2/shares/llm_return/datasets/sina_cninfo_full_2010_2026/single_stock_cninfo_v1/classification_results_v1/event3_to_event3/classification/bge_m3_masked_short_title_body_mean_linear_svm_none_0.json	event_return_3d	event_return_3d
182	/data/alpha_team2/shares/llm_return/datasets/sina_cninfo_full_2010_2026/single_stock_cninfo_v1/embeddings	bge_m3	masked_short	title_body_mean	sgd	none	0	/data/alpha_team2/shares/llm_return/datasets/sina_cninfo_full_2010_2026/single_stock_cninfo_v1/classification_results_v1/event3_to_event3/classification/bge_m3_masked_short_title_body_mean_sgd_none_0.json	event_return_3d	event_return_3d
183	/data/alpha_team2/shares/llm_return/datasets/sina_cninfo_full_2010_2026/single_stock_cninfo_v1/embeddings	bge_m3	masked_short	title_body_mean	simple_mlp	none	0	/data/alpha_team2/shares/llm_return/datasets/sina_cninfo_full_2010_2026/single_stock_cninfo_v1/classification_results_v1/event3_to_event3/classification/bge_m3_masked_short_title_body_mean_simple_mlp_none_0.json	event_return_3d	event_return_3d
184	/data/alpha_team2/shares/llm_return/datasets/sina_cninfo_full_2010_2026/single_stock_cninfo_v1/embeddings	bge_m3	masked_short	title_body_mean	hist_gradient_boosting	none	0	/data/alpha_team2/shares/llm_return/datasets/sina_cninfo_full_2010_2026/single_stock_cninfo_v1/classification_results_v1/event3_to_event3/classification/bge_m3_masked_short_title_body_mean_hist_gradient_boosting_none_0.json	event_return_3d	event_return_3d
185	/data/alpha_team2/shares/llm_return/datasets/sina_cninfo_full_2010_2026/single_stock_cninfo_v1/embeddings	bge_m3	masked_short	full_mean	logistic	none	0	/data/alpha_team2/shares/llm_return/datasets/sina_cninfo_full_2010_2026/single_stock_cninfo_v1/classification_results_v1/event3_to_event3/classification/bge_m3_masked_short_full_mean_logistic_none_0.json	event_return_3d	event_return_3d
186	/data/alpha_team2/shares/llm_return/datasets/sina_cninfo_full_2010_2026/single_stock_cninfo_v1/embeddings	bge_m3	masked_short	full_mean	linear_svm	none	0	/data/alpha_team2/shares/llm_return/datasets/sina_cninfo_full_2010_2026/single_stock_cninfo_v1/classification_results_v1/event3_to_event3/classification/bge_m3_masked_short_full_mean_linear_svm_none_0.json	event_return_3d	event_return_3d
187	/data/alpha_team2/shares/llm_return/datasets/sina_cninfo_full_2010_2026/single_stock_cninfo_v1/embeddings	bge_m3	masked_short	full_mean	sgd	none	0	/data/alpha_team2/shares/llm_return/datasets/sina_cninfo_full_2010_2026/single_stock_cninfo_v1/classification_results_v1/event3_to_event3/classification/bge_m3_masked_short_full_mean_sgd_none_0.json	event_return_3d	event_return_3d
188	/data/alpha_team2/shares/llm_return/datasets/sina_cninfo_full_2010_2026/single_stock_cninfo_v1/embeddings	bge_m3	masked_short	full_mean	simple_mlp	none	0	/data/alpha_team2/shares/llm_return/datasets/sina_cninfo_full_2010_2026/single_stock_cninfo_v1/classification_results_v1/event3_to_event3/classification/bge_m3_masked_short_full_mean_simple_mlp_none_0.json	event_return_3d	event_return_3d
189	/data/alpha_team2/shares/llm_return/datasets/sina_cninfo_full_2010_2026/single_stock_cninfo_v1/embeddings	bge_m3	masked_short	full_mean	hist_gradient_boosting	none	0	/data/alpha_team2/shares/llm_return/datasets/sina_cninfo_full_2010_2026/single_stock_cninfo_v1/classification_results_v1/event3_to_event3/classification/bge_m3_masked_short_full_mean_hist_gradient_boosting_none_0.json	event_return_3d	event_return_3d
190	/data/alpha_team2/shares/llm_return/datasets/sina_cninfo_full_2010_2026/single_stock_cninfo_v1/embeddings	bge_m3	masked_short	cls	logistic	none	0	/data/alpha_team2/shares/llm_return/datasets/sina_cninfo_full_2010_2026/single_stock_cninfo_v1/classification_results_v1/event3_to_event3/classification/bge_m3_masked_short_cls_logistic_none_0.json	event_return_3d	event_return_3d
191	/data/alpha_team2/shares/llm_return/datasets/sina_cninfo_full_2010_2026/single_stock_cninfo_v1/embeddings	bge_m3	masked_short	cls	linear_svm	none	0	/data/alpha_team2/shares/llm_return/datasets/sina_cninfo_full_2010_2026/single_stock_cninfo_v1/classification_results_v1/event3_to_event3/classification/bge_m3_masked_short_cls_linear_svm_none_0.json	event_return_3d	event_return_3d
192	/data/alpha_team2/shares/llm_return/datasets/sina_cninfo_full_2010_2026/single_stock_cninfo_v1/embeddings	bge_m3	masked_short	cls	sgd	none	0	/data/alpha_team2/shares/llm_return/datasets/sina_cninfo_full_2010_2026/single_stock_cninfo_v1/classification_results_v1/event3_to_event3/classification/bge_m3_masked_short_cls_sgd_none_0.json	event_return_3d	event_return_3d
193	/data/alpha_team2/shares/llm_return/datasets/sina_cninfo_full_2010_2026/single_stock_cninfo_v1/embeddings	bge_m3	masked_short	cls	simple_mlp	none	0	/data/alpha_team2/shares/llm_return/datasets/sina_cninfo_full_2010_2026/single_stock_cninfo_v1/classification_results_v1/event3_to_event3/classification/bge_m3_masked_short_cls_simple_mlp_none_0.json	event_return_3d	event_return_3d
194	/data/alpha_team2/shares/llm_return/datasets/sina_cninfo_full_2010_2026/single_stock_cninfo_v1/embeddings	bge_m3	masked_short	cls	hist_gradient_boosting	none	0	/data/alpha_team2/shares/llm_return/datasets/sina_cninfo_full_2010_2026/single_stock_cninfo_v1/classification_results_v1/event3_to_event3/classification/bge_m3_masked_short_cls_hist_gradient_boosting_none_0.json	event_return_3d	event_return_3d
195	/data/alpha_team2/shares/llm_return/datasets/sina_cninfo_full_2010_2026/single_stock_cninfo_v1/embeddings	bge_m3	masked_short	full_max	logistic	none	0	/data/alpha_team2/shares/llm_return/datasets/sina_cninfo_full_2010_2026/single_stock_cninfo_v1/classification_results_v1/event3_to_event3/classification/bge_m3_masked_short_full_max_logistic_none_0.json	event_return_3d	event_return_3d
196	/data/alpha_team2/shares/llm_return/datasets/sina_cninfo_full_2010_2026/single_stock_cninfo_v1/embeddings	bge_m3	masked_short	full_max	linear_svm	none	0	/data/alpha_team2/shares/llm_return/datasets/sina_cninfo_full_2010_2026/single_stock_cninfo_v1/classification_results_v1/event3_to_event3/classification/bge_m3_masked_short_full_max_linear_svm_none_0.json	event_return_3d	event_return_3d
197	/data/alpha_team2/shares/llm_return/datasets/sina_cninfo_full_2010_2026/single_stock_cninfo_v1/embeddings	bge_m3	masked_short	full_max	sgd	none	0	/data/alpha_team2/shares/llm_return/datasets/sina_cninfo_full_2010_2026/single_stock_cninfo_v1/classification_results_v1/event3_to_event3/classification/bge_m3_masked_short_full_max_sgd_none_0.json	event_return_3d	event_return_3d
198	/data/alpha_team2/shares/llm_return/datasets/sina_cninfo_full_2010_2026/single_stock_cninfo_v1/embeddings	bge_m3	masked_short	full_max	simple_mlp	none	0	/data/alpha_team2/shares/llm_return/datasets/sina_cninfo_full_2010_2026/single_stock_cninfo_v1/classification_results_v1/event3_to_event3/classification/bge_m3_masked_short_full_max_simple_mlp_none_0.json	event_return_3d	event_return_3d
199	/data/alpha_team2/shares/llm_return/datasets/sina_cninfo_full_2010_2026/single_stock_cninfo_v1/embeddings	bge_m3	masked_short	full_max	hist_gradient_boosting	none	0	/data/alpha_team2/shares/llm_return/datasets/sina_cninfo_full_2010_2026/single_stock_cninfo_v1/classification_results_v1/event3_to_event3/classification/bge_m3_masked_short_full_max_hist_gradient_boosting_none_0.json	event_return_3d	event_return_3d
200	/data/alpha_team2/shares/llm_return/datasets/sina_cninfo_full_2010_2026/single_stock_cninfo_v1/embeddings	bge_m3	long	body_mean	logistic	none	0	/data/alpha_team2/shares/llm_return/datasets/sina_cninfo_full_2010_2026/single_stock_cninfo_v1/classification_results_v1/event3_to_event3/classification/bge_m3_long_body_mean_logistic_none_0.json	event_return_3d	event_return_3d
201	/data/alpha_team2/shares/llm_return/datasets/sina_cninfo_full_2010_2026/single_stock_cninfo_v1/embeddings	bge_m3	long	body_mean	linear_svm	none	0	/data/alpha_team2/shares/llm_return/datasets/sina_cninfo_full_2010_2026/single_stock_cninfo_v1/classification_results_v1/event3_to_event3/classification/bge_m3_long_body_mean_linear_svm_none_0.json	event_return_3d	event_return_3d
202	/data/alpha_team2/shares/llm_return/datasets/sina_cninfo_full_2010_2026/single_stock_cninfo_v1/embeddings	bge_m3	long	body_mean	sgd	none	0	/data/alpha_team2/shares/llm_return/datasets/sina_cninfo_full_2010_2026/single_stock_cninfo_v1/classification_results_v1/event3_to_event3/classification/bge_m3_long_body_mean_sgd_none_0.json	event_return_3d	event_return_3d
203	/data/alpha_team2/shares/llm_return/datasets/sina_cninfo_full_2010_2026/single_stock_cninfo_v1/embeddings	bge_m3	long	body_mean	simple_mlp	none	0	/data/alpha_team2/shares/llm_return/datasets/sina_cninfo_full_2010_2026/single_stock_cninfo_v1/classification_results_v1/event3_to_event3/classification/bge_m3_long_body_mean_simple_mlp_none_0.json	event_return_3d	event_return_3d
204	/data/alpha_team2/shares/llm_return/datasets/sina_cninfo_full_2010_2026/single_stock_cninfo_v1/embeddings	bge_m3	long	body_mean	hist_gradient_boosting	none	0	/data/alpha_team2/shares/llm_return/datasets/sina_cninfo_full_2010_2026/single_stock_cninfo_v1/classification_results_v1/event3_to_event3/classification/bge_m3_long_body_mean_hist_gradient_boosting_none_0.json	event_return_3d	event_return_3d
205	/data/alpha_team2/shares/llm_return/datasets/sina_cninfo_full_2010_2026/single_stock_cninfo_v1/embeddings	bge_m3	long	title_body_mean	logistic	none	0	/data/alpha_team2/shares/llm_return/datasets/sina_cninfo_full_2010_2026/single_stock_cninfo_v1/classification_results_v1/event3_to_event3/classification/bge_m3_long_title_body_mean_logistic_none_0.json	event_return_3d	event_return_3d
206	/data/alpha_team2/shares/llm_return/datasets/sina_cninfo_full_2010_2026/single_stock_cninfo_v1/embeddings	bge_m3	long	title_body_mean	linear_svm	none	0	/data/alpha_team2/shares/llm_return/datasets/sina_cninfo_full_2010_2026/single_stock_cninfo_v1/classification_results_v1/event3_to_event3/classification/bge_m3_long_title_body_mean_linear_svm_none_0.json	event_return_3d	event_return_3d
207	/data/alpha_team2/shares/llm_return/datasets/sina_cninfo_full_2010_2026/single_stock_cninfo_v1/embeddings	bge_m3	long	title_body_mean	sgd	none	0	/data/alpha_team2/shares/llm_return/datasets/sina_cninfo_full_2010_2026/single_stock_cninfo_v1/classification_results_v1/event3_to_event3/classification/bge_m3_long_title_body_mean_sgd_none_0.json	event_return_3d	event_return_3d
208	/data/alpha_team2/shares/llm_return/datasets/sina_cninfo_full_2010_2026/single_stock_cninfo_v1/embeddings	bge_m3	long	title_body_mean	simple_mlp	none	0	/data/alpha_team2/shares/llm_return/datasets/sina_cninfo_full_2010_2026/single_stock_cninfo_v1/classification_results_v1/event3_to_event3/classification/bge_m3_long_title_body_mean_simple_mlp_none_0.json	event_return_3d	event_return_3d
209	/data/alpha_team2/shares/llm_return/datasets/sina_cninfo_full_2010_2026/single_stock_cninfo_v1/embeddings	bge_m3	long	title_body_mean	hist_gradient_boosting	none	0	/data/alpha_team2/shares/llm_return/datasets/sina_cninfo_full_2010_2026/single_stock_cninfo_v1/classification_results_v1/event3_to_event3/classification/bge_m3_long_title_body_mean_hist_gradient_boosting_none_0.json	event_return_3d	event_return_3d
210	/data/alpha_team2/shares/llm_return/datasets/sina_cninfo_full_2010_2026/single_stock_cninfo_v1/embeddings	bge_m3	long	full_mean	logistic	none	0	/data/alpha_team2/shares/llm_return/datasets/sina_cninfo_full_2010_2026/single_stock_cninfo_v1/classification_results_v1/event3_to_event3/classification/bge_m3_long_full_mean_logistic_none_0.json	event_return_3d	event_return_3d
211	/data/alpha_team2/shares/llm_return/datasets/sina_cninfo_full_2010_2026/single_stock_cninfo_v1/embeddings	bge_m3	long	full_mean	linear_svm	none	0	/data/alpha_team2/shares/llm_return/datasets/sina_cninfo_full_2010_2026/single_stock_cninfo_v1/classification_results_v1/event3_to_event3/classification/bge_m3_long_full_mean_linear_svm_none_0.json	event_return_3d	event_return_3d
212	/data/alpha_team2/shares/llm_return/datasets/sina_cninfo_full_2010_2026/single_stock_cninfo_v1/embeddings	bge_m3	long	full_mean	sgd	none	0	/data/alpha_team2/shares/llm_return/datasets/sina_cninfo_full_2010_2026/single_stock_cninfo_v1/classification_results_v1/event3_to_event3/classification/bge_m3_long_full_mean_sgd_none_0.json	event_return_3d	event_return_3d
213	/data/alpha_team2/shares/llm_return/datasets/sina_cninfo_full_2010_2026/single_stock_cninfo_v1/embeddings	bge_m3	long	full_mean	simple_mlp	none	0	/data/alpha_team2/shares/llm_return/datasets/sina_cninfo_full_2010_2026/single_stock_cninfo_v1/classification_results_v1/event3_to_event3/classification/bge_m3_long_full_mean_simple_mlp_none_0.json	event_return_3d	event_return_3d
214	/data/alpha_team2/shares/llm_return/datasets/sina_cninfo_full_2010_2026/single_stock_cninfo_v1/embeddings	bge_m3	long	full_mean	hist_gradient_boosting	none	0	/data/alpha_team2/shares/llm_return/datasets/sina_cninfo_full_2010_2026/single_stock_cninfo_v1/classification_results_v1/event3_to_event3/classification/bge_m3_long_full_mean_hist_gradient_boosting_none_0.json	event_return_3d	event_return_3d
215	/data/alpha_team2/shares/llm_return/datasets/sina_cninfo_full_2010_2026/single_stock_cninfo_v1/embeddings	bge_m3	long	cls	logistic	none	0	/data/alpha_team2/shares/llm_return/datasets/sina_cninfo_full_2010_2026/single_stock_cninfo_v1/classification_results_v1/event3_to_event3/classification/bge_m3_long_cls_logistic_none_0.json	event_return_3d	event_return_3d
216	/data/alpha_team2/shares/llm_return/datasets/sina_cninfo_full_2010_2026/single_stock_cninfo_v1/embeddings	bge_m3	long	cls	linear_svm	none	0	/data/alpha_team2/shares/llm_return/datasets/sina_cninfo_full_2010_2026/single_stock_cninfo_v1/classification_results_v1/event3_to_event3/classification/bge_m3_long_cls_linear_svm_none_0.json	event_return_3d	event_return_3d
217	/data/alpha_team2/shares/llm_return/datasets/sina_cninfo_full_2010_2026/single_stock_cninfo_v1/embeddings	bge_m3	long	cls	sgd	none	0	/data/alpha_team2/shares/llm_return/datasets/sina_cninfo_full_2010_2026/single_stock_cninfo_v1/classification_results_v1/event3_to_event3/classification/bge_m3_long_cls_sgd_none_0.json	event_return_3d	event_return_3d
218	/data/alpha_team2/shares/llm_return/datasets/sina_cninfo_full_2010_2026/single_stock_cninfo_v1/embeddings	bge_m3	long	cls	simple_mlp	none	0	/data/alpha_team2/shares/llm_return/datasets/sina_cninfo_full_2010_2026/single_stock_cninfo_v1/classification_results_v1/event3_to_event3/classification/bge_m3_long_cls_simple_mlp_none_0.json	event_return_3d	event_return_3d
219	/data/alpha_team2/shares/llm_return/datasets/sina_cninfo_full_2010_2026/single_stock_cninfo_v1/embeddings	bge_m3	long	cls	hist_gradient_boosting	none	0	/data/alpha_team2/shares/llm_return/datasets/sina_cninfo_full_2010_2026/single_stock_cninfo_v1/classification_results_v1/event3_to_event3/classification/bge_m3_long_cls_hist_gradient_boosting_none_0.json	event_return_3d	event_return_3d
220	/data/alpha_team2/shares/llm_return/datasets/sina_cninfo_full_2010_2026/single_stock_cninfo_v1/embeddings	bge_m3	long	full_max	logistic	none	0	/data/alpha_team2/shares/llm_return/datasets/sina_cninfo_full_2010_2026/single_stock_cninfo_v1/classification_results_v1/event3_to_event3/classification/bge_m3_long_full_max_logistic_none_0.json	event_return_3d	event_return_3d
221	/data/alpha_team2/shares/llm_return/datasets/sina_cninfo_full_2010_2026/single_stock_cninfo_v1/embeddings	bge_m3	long	full_max	linear_svm	none	0	/data/alpha_team2/shares/llm_return/datasets/sina_cninfo_full_2010_2026/single_stock_cninfo_v1/classification_results_v1/event3_to_event3/classification/bge_m3_long_full_max_linear_svm_none_0.json	event_return_3d	event_return_3d
222	/data/alpha_team2/shares/llm_return/datasets/sina_cninfo_full_2010_2026/single_stock_cninfo_v1/embeddings	bge_m3	long	full_max	sgd	none	0	/data/alpha_team2/shares/llm_return/datasets/sina_cninfo_full_2010_2026/single_stock_cninfo_v1/classification_results_v1/event3_to_event3/classification/bge_m3_long_full_max_sgd_none_0.json	event_return_3d	event_return_3d
223	/data/alpha_team2/shares/llm_return/datasets/sina_cninfo_full_2010_2026/single_stock_cninfo_v1/embeddings	bge_m3	long	full_max	simple_mlp	none	0	/data/alpha_team2/shares/llm_return/datasets/sina_cninfo_full_2010_2026/single_stock_cninfo_v1/classification_results_v1/event3_to_event3/classification/bge_m3_long_full_max_simple_mlp_none_0.json	event_return_3d	event_return_3d
224	/data/alpha_team2/shares/llm_return/datasets/sina_cninfo_full_2010_2026/single_stock_cninfo_v1/embeddings	bge_m3	long	full_max	hist_gradient_boosting	none	0	/data/alpha_team2/shares/llm_return/datasets/sina_cninfo_full_2010_2026/single_stock_cninfo_v1/classification_results_v1/event3_to_event3/classification/bge_m3_long_full_max_hist_gradient_boosting_none_0.json	event_return_3d	event_return_3d
225	/data/alpha_team2/shares/llm_return/datasets/sina_cninfo_full_2010_2026/single_stock_cninfo_v1/embeddings	bge_m3	masked_long	body_mean	logistic	none	0	/data/alpha_team2/shares/llm_return/datasets/sina_cninfo_full_2010_2026/single_stock_cninfo_v1/classification_results_v1/event3_to_event3/classification/bge_m3_masked_long_body_mean_logistic_none_0.json	event_return_3d	event_return_3d
226	/data/alpha_team2/shares/llm_return/datasets/sina_cninfo_full_2010_2026/single_stock_cninfo_v1/embeddings	bge_m3	masked_long	body_mean	linear_svm	none	0	/data/alpha_team2/shares/llm_return/datasets/sina_cninfo_full_2010_2026/single_stock_cninfo_v1/classification_results_v1/event3_to_event3/classification/bge_m3_masked_long_body_mean_linear_svm_none_0.json	event_return_3d	event_return_3d
227	/data/alpha_team2/shares/llm_return/datasets/sina_cninfo_full_2010_2026/single_stock_cninfo_v1/embeddings	bge_m3	masked_long	body_mean	sgd	none	0	/data/alpha_team2/shares/llm_return/datasets/sina_cninfo_full_2010_2026/single_stock_cninfo_v1/classification_results_v1/event3_to_event3/classification/bge_m3_masked_long_body_mean_sgd_none_0.json	event_return_3d	event_return_3d
228	/data/alpha_team2/shares/llm_return/datasets/sina_cninfo_full_2010_2026/single_stock_cninfo_v1/embeddings	bge_m3	masked_long	body_mean	simple_mlp	none	0	/data/alpha_team2/shares/llm_return/datasets/sina_cninfo_full_2010_2026/single_stock_cninfo_v1/classification_results_v1/event3_to_event3/classification/bge_m3_masked_long_body_mean_simple_mlp_none_0.json	event_return_3d	event_return_3d
229	/data/alpha_team2/shares/llm_return/datasets/sina_cninfo_full_2010_2026/single_stock_cninfo_v1/embeddings	bge_m3	masked_long	body_mean	hist_gradient_boosting	none	0	/data/alpha_team2/shares/llm_return/datasets/sina_cninfo_full_2010_2026/single_stock_cninfo_v1/classification_results_v1/event3_to_event3/classification/bge_m3_masked_long_body_mean_hist_gradient_boosting_none_0.json	event_return_3d	event_return_3d
230	/data/alpha_team2/shares/llm_return/datasets/sina_cninfo_full_2010_2026/single_stock_cninfo_v1/embeddings	bge_m3	masked_long	title_body_mean	logistic	none	0	/data/alpha_team2/shares/llm_return/datasets/sina_cninfo_full_2010_2026/single_stock_cninfo_v1/classification_results_v1/event3_to_event3/classification/bge_m3_masked_long_title_body_mean_logistic_none_0.json	event_return_3d	event_return_3d
231	/data/alpha_team2/shares/llm_return/datasets/sina_cninfo_full_2010_2026/single_stock_cninfo_v1/embeddings	bge_m3	masked_long	title_body_mean	linear_svm	none	0	/data/alpha_team2/shares/llm_return/datasets/sina_cninfo_full_2010_2026/single_stock_cninfo_v1/classification_results_v1/event3_to_event3/classification/bge_m3_masked_long_title_body_mean_linear_svm_none_0.json	event_return_3d	event_return_3d
232	/data/alpha_team2/shares/llm_return/datasets/sina_cninfo_full_2010_2026/single_stock_cninfo_v1/embeddings	bge_m3	masked_long	title_body_mean	sgd	none	0	/data/alpha_team2/shares/llm_return/datasets/sina_cninfo_full_2010_2026/single_stock_cninfo_v1/classification_results_v1/event3_to_event3/classification/bge_m3_masked_long_title_body_mean_sgd_none_0.json	event_return_3d	event_return_3d
233	/data/alpha_team2/shares/llm_return/datasets/sina_cninfo_full_2010_2026/single_stock_cninfo_v1/embeddings	bge_m3	masked_long	title_body_mean	simple_mlp	none	0	/data/alpha_team2/shares/llm_return/datasets/sina_cninfo_full_2010_2026/single_stock_cninfo_v1/classification_results_v1/event3_to_event3/classification/bge_m3_masked_long_title_body_mean_simple_mlp_none_0.json	event_return_3d	event_return_3d
234	/data/alpha_team2/shares/llm_return/datasets/sina_cninfo_full_2010_2026/single_stock_cninfo_v1/embeddings	bge_m3	masked_long	title_body_mean	hist_gradient_boosting	none	0	/data/alpha_team2/shares/llm_return/datasets/sina_cninfo_full_2010_2026/single_stock_cninfo_v1/classification_results_v1/event3_to_event3/classification/bge_m3_masked_long_title_body_mean_hist_gradient_boosting_none_0.json	event_return_3d	event_return_3d
235	/data/alpha_team2/shares/llm_return/datasets/sina_cninfo_full_2010_2026/single_stock_cninfo_v1/embeddings	bge_m3	masked_long	full_mean	logistic	none	0	/data/alpha_team2/shares/llm_return/datasets/sina_cninfo_full_2010_2026/single_stock_cninfo_v1/classification_results_v1/event3_to_event3/classification/bge_m3_masked_long_full_mean_logistic_none_0.json	event_return_3d	event_return_3d
236	/data/alpha_team2/shares/llm_return/datasets/sina_cninfo_full_2010_2026/single_stock_cninfo_v1/embeddings	bge_m3	masked_long	full_mean	linear_svm	none	0	/data/alpha_team2/shares/llm_return/datasets/sina_cninfo_full_2010_2026/single_stock_cninfo_v1/classification_results_v1/event3_to_event3/classification/bge_m3_masked_long_full_mean_linear_svm_none_0.json	event_return_3d	event_return_3d
237	/data/alpha_team2/shares/llm_return/datasets/sina_cninfo_full_2010_2026/single_stock_cninfo_v1/embeddings	bge_m3	masked_long	full_mean	sgd	none	0	/data/alpha_team2/shares/llm_return/datasets/sina_cninfo_full_2010_2026/single_stock_cninfo_v1/classification_results_v1/event3_to_event3/classification/bge_m3_masked_long_full_mean_sgd_none_0.json	event_return_3d	event_return_3d
238	/data/alpha_team2/shares/llm_return/datasets/sina_cninfo_full_2010_2026/single_stock_cninfo_v1/embeddings	bge_m3	masked_long	full_mean	simple_mlp	none	0	/data/alpha_team2/shares/llm_return/datasets/sina_cninfo_full_2010_2026/single_stock_cninfo_v1/classification_results_v1/event3_to_event3/classification/bge_m3_masked_long_full_mean_simple_mlp_none_0.json	event_return_3d	event_return_3d
239	/data/alpha_team2/shares/llm_return/datasets/sina_cninfo_full_2010_2026/single_stock_cninfo_v1/embeddings	bge_m3	masked_long	full_mean	hist_gradient_boosting	none	0	/data/alpha_team2/shares/llm_return/datasets/sina_cninfo_full_2010_2026/single_stock_cninfo_v1/classification_results_v1/event3_to_event3/classification/bge_m3_masked_long_full_mean_hist_gradient_boosting_none_0.json	event_return_3d	event_return_3d
240	/data/alpha_team2/shares/llm_return/datasets/sina_cninfo_full_2010_2026/single_stock_cninfo_v1/embeddings	bge_m3	masked_long	cls	logistic	none	0	/data/alpha_team2/shares/llm_return/datasets/sina_cninfo_full_2010_2026/single_stock_cninfo_v1/classification_results_v1/event3_to_event3/classification/bge_m3_masked_long_cls_logistic_none_0.json	event_return_3d	event_return_3d
241	/data/alpha_team2/shares/llm_return/datasets/sina_cninfo_full_2010_2026/single_stock_cninfo_v1/embeddings	bge_m3	masked_long	cls	linear_svm	none	0	/data/alpha_team2/shares/llm_return/datasets/sina_cninfo_full_2010_2026/single_stock_cninfo_v1/classification_results_v1/event3_to_event3/classification/bge_m3_masked_long_cls_linear_svm_none_0.json	event_return_3d	event_return_3d
242	/data/alpha_team2/shares/llm_return/datasets/sina_cninfo_full_2010_2026/single_stock_cninfo_v1/embeddings	bge_m3	masked_long	cls	sgd	none	0	/data/alpha_team2/shares/llm_return/datasets/sina_cninfo_full_2010_2026/single_stock_cninfo_v1/classification_results_v1/event3_to_event3/classification/bge_m3_masked_long_cls_sgd_none_0.json	event_return_3d	event_return_3d
243	/data/alpha_team2/shares/llm_return/datasets/sina_cninfo_full_2010_2026/single_stock_cninfo_v1/embeddings	bge_m3	masked_long	cls	simple_mlp	none	0	/data/alpha_team2/shares/llm_return/datasets/sina_cninfo_full_2010_2026/single_stock_cninfo_v1/classification_results_v1/event3_to_event3/classification/bge_m3_masked_long_cls_simple_mlp_none_0.json	event_return_3d	event_return_3d
244	/data/alpha_team2/shares/llm_return/datasets/sina_cninfo_full_2010_2026/single_stock_cninfo_v1/embeddings	bge_m3	masked_long	cls	hist_gradient_boosting	none	0	/data/alpha_team2/shares/llm_return/datasets/sina_cninfo_full_2010_2026/single_stock_cninfo_v1/classification_results_v1/event3_to_event3/classification/bge_m3_masked_long_cls_hist_gradient_boosting_none_0.json	event_return_3d	event_return_3d
245	/data/alpha_team2/shares/llm_return/datasets/sina_cninfo_full_2010_2026/single_stock_cninfo_v1/embeddings	bge_m3	masked_long	full_max	logistic	none	0	/data/alpha_team2/shares/llm_return/datasets/sina_cninfo_full_2010_2026/single_stock_cninfo_v1/classification_results_v1/event3_to_event3/classification/bge_m3_masked_long_full_max_logistic_none_0.json	event_return_3d	event_return_3d
246	/data/alpha_team2/shares/llm_return/datasets/sina_cninfo_full_2010_2026/single_stock_cninfo_v1/embeddings	bge_m3	masked_long	full_max	linear_svm	none	0	/data/alpha_team2/shares/llm_return/datasets/sina_cninfo_full_2010_2026/single_stock_cninfo_v1/classification_results_v1/event3_to_event3/classification/bge_m3_masked_long_full_max_linear_svm_none_0.json	event_return_3d	event_return_3d
247	/data/alpha_team2/shares/llm_return/datasets/sina_cninfo_full_2010_2026/single_stock_cninfo_v1/embeddings	bge_m3	masked_long	full_max	sgd	none	0	/data/alpha_team2/shares/llm_return/datasets/sina_cninfo_full_2010_2026/single_stock_cninfo_v1/classification_results_v1/event3_to_event3/classification/bge_m3_masked_long_full_max_sgd_none_0.json	event_return_3d	event_return_3d
248	/data/alpha_team2/shares/llm_return/datasets/sina_cninfo_full_2010_2026/single_stock_cninfo_v1/embeddings	bge_m3	masked_long	full_max	simple_mlp	none	0	/data/alpha_team2/shares/llm_return/datasets/sina_cninfo_full_2010_2026/single_stock_cninfo_v1/classification_results_v1/event3_to_event3/classification/bge_m3_masked_long_full_max_simple_mlp_none_0.json	event_return_3d	event_return_3d
249	/data/alpha_team2/shares/llm_return/datasets/sina_cninfo_full_2010_2026/single_stock_cninfo_v1/embeddings	bge_m3	masked_long	full_max	hist_gradient_boosting	none	0	/data/alpha_team2/shares/llm_return/datasets/sina_cninfo_full_2010_2026/single_stock_cninfo_v1/classification_results_v1/event3_to_event3/classification/bge_m3_masked_long_full_max_hist_gradient_boosting_none_0.json	event_return_3d	event_return_3d
250	/data/alpha_team2/shares/llm_return/datasets/sina_cninfo_full_2010_2026/single_stock_cninfo_v1/embeddings	ckip_bert	plain	body_mean	logistic	none	0	/data/alpha_team2/shares/llm_return/datasets/sina_cninfo_full_2010_2026/single_stock_cninfo_v1/classification_results_v1/event3_to_event3/classification/ckip_bert_plain_body_mean_logistic_none_0.json	event_return_3d	event_return_3d
251	/data/alpha_team2/shares/llm_return/datasets/sina_cninfo_full_2010_2026/single_stock_cninfo_v1/embeddings	ckip_bert	plain	body_mean	linear_svm	none	0	/data/alpha_team2/shares/llm_return/datasets/sina_cninfo_full_2010_2026/single_stock_cninfo_v1/classification_results_v1/event3_to_event3/classification/ckip_bert_plain_body_mean_linear_svm_none_0.json	event_return_3d	event_return_3d
252	/data/alpha_team2/shares/llm_return/datasets/sina_cninfo_full_2010_2026/single_stock_cninfo_v1/embeddings	ckip_bert	plain	body_mean	sgd	none	0	/data/alpha_team2/shares/llm_return/datasets/sina_cninfo_full_2010_2026/single_stock_cninfo_v1/classification_results_v1/event3_to_event3/classification/ckip_bert_plain_body_mean_sgd_none_0.json	event_return_3d	event_return_3d
253	/data/alpha_team2/shares/llm_return/datasets/sina_cninfo_full_2010_2026/single_stock_cninfo_v1/embeddings	ckip_bert	plain	body_mean	simple_mlp	none	0	/data/alpha_team2/shares/llm_return/datasets/sina_cninfo_full_2010_2026/single_stock_cninfo_v1/classification_results_v1/event3_to_event3/classification/ckip_bert_plain_body_mean_simple_mlp_none_0.json	event_return_3d	event_return_3d
254	/data/alpha_team2/shares/llm_return/datasets/sina_cninfo_full_2010_2026/single_stock_cninfo_v1/embeddings	ckip_bert	plain	body_mean	hist_gradient_boosting	none	0	/data/alpha_team2/shares/llm_return/datasets/sina_cninfo_full_2010_2026/single_stock_cninfo_v1/classification_results_v1/event3_to_event3/classification/ckip_bert_plain_body_mean_hist_gradient_boosting_none_0.json	event_return_3d	event_return_3d
255	/data/alpha_team2/shares/llm_return/datasets/sina_cninfo_full_2010_2026/single_stock_cninfo_v1/embeddings	ckip_bert	plain	title_body_mean	logistic	none	0	/data/alpha_team2/shares/llm_return/datasets/sina_cninfo_full_2010_2026/single_stock_cninfo_v1/classification_results_v1/event3_to_event3/classification/ckip_bert_plain_title_body_mean_logistic_none_0.json	event_return_3d	event_return_3d
256	/data/alpha_team2/shares/llm_return/datasets/sina_cninfo_full_2010_2026/single_stock_cninfo_v1/embeddings	ckip_bert	plain	title_body_mean	linear_svm	none	0	/data/alpha_team2/shares/llm_return/datasets/sina_cninfo_full_2010_2026/single_stock_cninfo_v1/classification_results_v1/event3_to_event3/classification/ckip_bert_plain_title_body_mean_linear_svm_none_0.json	event_return_3d	event_return_3d
257	/data/alpha_team2/shares/llm_return/datasets/sina_cninfo_full_2010_2026/single_stock_cninfo_v1/embeddings	ckip_bert	plain	title_body_mean	sgd	none	0	/data/alpha_team2/shares/llm_return/datasets/sina_cninfo_full_2010_2026/single_stock_cninfo_v1/classification_results_v1/event3_to_event3/classification/ckip_bert_plain_title_body_mean_sgd_none_0.json	event_return_3d	event_return_3d
258	/data/alpha_team2/shares/llm_return/datasets/sina_cninfo_full_2010_2026/single_stock_cninfo_v1/embeddings	ckip_bert	plain	title_body_mean	simple_mlp	none	0	/data/alpha_team2/shares/llm_return/datasets/sina_cninfo_full_2010_2026/single_stock_cninfo_v1/classification_results_v1/event3_to_event3/classification/ckip_bert_plain_title_body_mean_simple_mlp_none_0.json	event_return_3d	event_return_3d
259	/data/alpha_team2/shares/llm_return/datasets/sina_cninfo_full_2010_2026/single_stock_cninfo_v1/embeddings	ckip_bert	plain	title_body_mean	hist_gradient_boosting	none	0	/data/alpha_team2/shares/llm_return/datasets/sina_cninfo_full_2010_2026/single_stock_cninfo_v1/classification_results_v1/event3_to_event3/classification/ckip_bert_plain_title_body_mean_hist_gradient_boosting_none_0.json	event_return_3d	event_return_3d
260	/data/alpha_team2/shares/llm_return/datasets/sina_cninfo_full_2010_2026/single_stock_cninfo_v1/embeddings	ckip_bert	plain	full_mean	logistic	none	0	/data/alpha_team2/shares/llm_return/datasets/sina_cninfo_full_2010_2026/single_stock_cninfo_v1/classification_results_v1/event3_to_event3/classification/ckip_bert_plain_full_mean_logistic_none_0.json	event_return_3d	event_return_3d
261	/data/alpha_team2/shares/llm_return/datasets/sina_cninfo_full_2010_2026/single_stock_cninfo_v1/embeddings	ckip_bert	plain	full_mean	linear_svm	none	0	/data/alpha_team2/shares/llm_return/datasets/sina_cninfo_full_2010_2026/single_stock_cninfo_v1/classification_results_v1/event3_to_event3/classification/ckip_bert_plain_full_mean_linear_svm_none_0.json	event_return_3d	event_return_3d
262	/data/alpha_team2/shares/llm_return/datasets/sina_cninfo_full_2010_2026/single_stock_cninfo_v1/embeddings	ckip_bert	plain	full_mean	sgd	none	0	/data/alpha_team2/shares/llm_return/datasets/sina_cninfo_full_2010_2026/single_stock_cninfo_v1/classification_results_v1/event3_to_event3/classification/ckip_bert_plain_full_mean_sgd_none_0.json	event_return_3d	event_return_3d
263	/data/alpha_team2/shares/llm_return/datasets/sina_cninfo_full_2010_2026/single_stock_cninfo_v1/embeddings	ckip_bert	plain	full_mean	simple_mlp	none	0	/data/alpha_team2/shares/llm_return/datasets/sina_cninfo_full_2010_2026/single_stock_cninfo_v1/classification_results_v1/event3_to_event3/classification/ckip_bert_plain_full_mean_simple_mlp_none_0.json	event_return_3d	event_return_3d
264	/data/alpha_team2/shares/llm_return/datasets/sina_cninfo_full_2010_2026/single_stock_cninfo_v1/embeddings	ckip_bert	plain	full_mean	hist_gradient_boosting	none	0	/data/alpha_team2/shares/llm_return/datasets/sina_cninfo_full_2010_2026/single_stock_cninfo_v1/classification_results_v1/event3_to_event3/classification/ckip_bert_plain_full_mean_hist_gradient_boosting_none_0.json	event_return_3d	event_return_3d
265	/data/alpha_team2/shares/llm_return/datasets/sina_cninfo_full_2010_2026/single_stock_cninfo_v1/embeddings	ckip_bert	plain	cls	logistic	none	0	/data/alpha_team2/shares/llm_return/datasets/sina_cninfo_full_2010_2026/single_stock_cninfo_v1/classification_results_v1/event3_to_event3/classification/ckip_bert_plain_cls_logistic_none_0.json	event_return_3d	event_return_3d
266	/data/alpha_team2/shares/llm_return/datasets/sina_cninfo_full_2010_2026/single_stock_cninfo_v1/embeddings	ckip_bert	plain	cls	linear_svm	none	0	/data/alpha_team2/shares/llm_return/datasets/sina_cninfo_full_2010_2026/single_stock_cninfo_v1/classification_results_v1/event3_to_event3/classification/ckip_bert_plain_cls_linear_svm_none_0.json	event_return_3d	event_return_3d
267	/data/alpha_team2/shares/llm_return/datasets/sina_cninfo_full_2010_2026/single_stock_cninfo_v1/embeddings	ckip_bert	plain	cls	sgd	none	0	/data/alpha_team2/shares/llm_return/datasets/sina_cninfo_full_2010_2026/single_stock_cninfo_v1/classification_results_v1/event3_to_event3/classification/ckip_bert_plain_cls_sgd_none_0.json	event_return_3d	event_return_3d
268	/data/alpha_team2/shares/llm_return/datasets/sina_cninfo_full_2010_2026/single_stock_cninfo_v1/embeddings	ckip_bert	plain	cls	simple_mlp	none	0	/data/alpha_team2/shares/llm_return/datasets/sina_cninfo_full_2010_2026/single_stock_cninfo_v1/classification_results_v1/event3_to_event3/classification/ckip_bert_plain_cls_simple_mlp_none_0.json	event_return_3d	event_return_3d
269	/data/alpha_team2/shares/llm_return/datasets/sina_cninfo_full_2010_2026/single_stock_cninfo_v1/embeddings	ckip_bert	plain	cls	hist_gradient_boosting	none	0	/data/alpha_team2/shares/llm_return/datasets/sina_cninfo_full_2010_2026/single_stock_cninfo_v1/classification_results_v1/event3_to_event3/classification/ckip_bert_plain_cls_hist_gradient_boosting_none_0.json	event_return_3d	event_return_3d
270	/data/alpha_team2/shares/llm_return/datasets/sina_cninfo_full_2010_2026/single_stock_cninfo_v1/embeddings	ckip_bert	plain	full_max	logistic	none	0	/data/alpha_team2/shares/llm_return/datasets/sina_cninfo_full_2010_2026/single_stock_cninfo_v1/classification_results_v1/event3_to_event3/classification/ckip_bert_plain_full_max_logistic_none_0.json	event_return_3d	event_return_3d
271	/data/alpha_team2/shares/llm_return/datasets/sina_cninfo_full_2010_2026/single_stock_cninfo_v1/embeddings	ckip_bert	plain	full_max	linear_svm	none	0	/data/alpha_team2/shares/llm_return/datasets/sina_cninfo_full_2010_2026/single_stock_cninfo_v1/classification_results_v1/event3_to_event3/classification/ckip_bert_plain_full_max_linear_svm_none_0.json	event_return_3d	event_return_3d
272	/data/alpha_team2/shares/llm_return/datasets/sina_cninfo_full_2010_2026/single_stock_cninfo_v1/embeddings	ckip_bert	plain	full_max	sgd	none	0	/data/alpha_team2/shares/llm_return/datasets/sina_cninfo_full_2010_2026/single_stock_cninfo_v1/classification_results_v1/event3_to_event3/classification/ckip_bert_plain_full_max_sgd_none_0.json	event_return_3d	event_return_3d
273	/data/alpha_team2/shares/llm_return/datasets/sina_cninfo_full_2010_2026/single_stock_cninfo_v1/embeddings	ckip_bert	plain	full_max	simple_mlp	none	0	/data/alpha_team2/shares/llm_return/datasets/sina_cninfo_full_2010_2026/single_stock_cninfo_v1/classification_results_v1/event3_to_event3/classification/ckip_bert_plain_full_max_simple_mlp_none_0.json	event_return_3d	event_return_3d
274	/data/alpha_team2/shares/llm_return/datasets/sina_cninfo_full_2010_2026/single_stock_cninfo_v1/embeddings	ckip_bert	plain	full_max	hist_gradient_boosting	none	0	/data/alpha_team2/shares/llm_return/datasets/sina_cninfo_full_2010_2026/single_stock_cninfo_v1/classification_results_v1/event3_to_event3/classification/ckip_bert_plain_full_max_hist_gradient_boosting_none_0.json	event_return_3d	event_return_3d
275	/data/alpha_team2/shares/llm_return/datasets/sina_cninfo_full_2010_2026/single_stock_cninfo_v1/embeddings	ckip_bert	short	body_mean	logistic	none	0	/data/alpha_team2/shares/llm_return/datasets/sina_cninfo_full_2010_2026/single_stock_cninfo_v1/classification_results_v1/event3_to_event3/classification/ckip_bert_short_body_mean_logistic_none_0.json	event_return_3d	event_return_3d
276	/data/alpha_team2/shares/llm_return/datasets/sina_cninfo_full_2010_2026/single_stock_cninfo_v1/embeddings	ckip_bert	short	body_mean	linear_svm	none	0	/data/alpha_team2/shares/llm_return/datasets/sina_cninfo_full_2010_2026/single_stock_cninfo_v1/classification_results_v1/event3_to_event3/classification/ckip_bert_short_body_mean_linear_svm_none_0.json	event_return_3d	event_return_3d
277	/data/alpha_team2/shares/llm_return/datasets/sina_cninfo_full_2010_2026/single_stock_cninfo_v1/embeddings	ckip_bert	short	body_mean	sgd	none	0	/data/alpha_team2/shares/llm_return/datasets/sina_cninfo_full_2010_2026/single_stock_cninfo_v1/classification_results_v1/event3_to_event3/classification/ckip_bert_short_body_mean_sgd_none_0.json	event_return_3d	event_return_3d
278	/data/alpha_team2/shares/llm_return/datasets/sina_cninfo_full_2010_2026/single_stock_cninfo_v1/embeddings	ckip_bert	short	body_mean	simple_mlp	none	0	/data/alpha_team2/shares/llm_return/datasets/sina_cninfo_full_2010_2026/single_stock_cninfo_v1/classification_results_v1/event3_to_event3/classification/ckip_bert_short_body_mean_simple_mlp_none_0.json	event_return_3d	event_return_3d
279	/data/alpha_team2/shares/llm_return/datasets/sina_cninfo_full_2010_2026/single_stock_cninfo_v1/embeddings	ckip_bert	short	body_mean	hist_gradient_boosting	none	0	/data/alpha_team2/shares/llm_return/datasets/sina_cninfo_full_2010_2026/single_stock_cninfo_v1/classification_results_v1/event3_to_event3/classification/ckip_bert_short_body_mean_hist_gradient_boosting_none_0.json	event_return_3d	event_return_3d
280	/data/alpha_team2/shares/llm_return/datasets/sina_cninfo_full_2010_2026/single_stock_cninfo_v1/embeddings	ckip_bert	short	title_body_mean	logistic	none	0	/data/alpha_team2/shares/llm_return/datasets/sina_cninfo_full_2010_2026/single_stock_cninfo_v1/classification_results_v1/event3_to_event3/classification/ckip_bert_short_title_body_mean_logistic_none_0.json	event_return_3d	event_return_3d
281	/data/alpha_team2/shares/llm_return/datasets/sina_cninfo_full_2010_2026/single_stock_cninfo_v1/embeddings	ckip_bert	short	title_body_mean	linear_svm	none	0	/data/alpha_team2/shares/llm_return/datasets/sina_cninfo_full_2010_2026/single_stock_cninfo_v1/classification_results_v1/event3_to_event3/classification/ckip_bert_short_title_body_mean_linear_svm_none_0.json	event_return_3d	event_return_3d
282	/data/alpha_team2/shares/llm_return/datasets/sina_cninfo_full_2010_2026/single_stock_cninfo_v1/embeddings	ckip_bert	short	title_body_mean	sgd	none	0	/data/alpha_team2/shares/llm_return/datasets/sina_cninfo_full_2010_2026/single_stock_cninfo_v1/classification_results_v1/event3_to_event3/classification/ckip_bert_short_title_body_mean_sgd_none_0.json	event_return_3d	event_return_3d
283	/data/alpha_team2/shares/llm_return/datasets/sina_cninfo_full_2010_2026/single_stock_cninfo_v1/embeddings	ckip_bert	short	title_body_mean	simple_mlp	none	0	/data/alpha_team2/shares/llm_return/datasets/sina_cninfo_full_2010_2026/single_stock_cninfo_v1/classification_results_v1/event3_to_event3/classification/ckip_bert_short_title_body_mean_simple_mlp_none_0.json	event_return_3d	event_return_3d
284	/data/alpha_team2/shares/llm_return/datasets/sina_cninfo_full_2010_2026/single_stock_cninfo_v1/embeddings	ckip_bert	short	title_body_mean	hist_gradient_boosting	none	0	/data/alpha_team2/shares/llm_return/datasets/sina_cninfo_full_2010_2026/single_stock_cninfo_v1/classification_results_v1/event3_to_event3/classification/ckip_bert_short_title_body_mean_hist_gradient_boosting_none_0.json	event_return_3d	event_return_3d
285	/data/alpha_team2/shares/llm_return/datasets/sina_cninfo_full_2010_2026/single_stock_cninfo_v1/embeddings	ckip_bert	short	full_mean	logistic	none	0	/data/alpha_team2/shares/llm_return/datasets/sina_cninfo_full_2010_2026/single_stock_cninfo_v1/classification_results_v1/event3_to_event3/classification/ckip_bert_short_full_mean_logistic_none_0.json	event_return_3d	event_return_3d
286	/data/alpha_team2/shares/llm_return/datasets/sina_cninfo_full_2010_2026/single_stock_cninfo_v1/embeddings	ckip_bert	short	full_mean	linear_svm	none	0	/data/alpha_team2/shares/llm_return/datasets/sina_cninfo_full_2010_2026/single_stock_cninfo_v1/classification_results_v1/event3_to_event3/classification/ckip_bert_short_full_mean_linear_svm_none_0.json	event_return_3d	event_return_3d
287	/data/alpha_team2/shares/llm_return/datasets/sina_cninfo_full_2010_2026/single_stock_cninfo_v1/embeddings	ckip_bert	short	full_mean	sgd	none	0	/data/alpha_team2/shares/llm_return/datasets/sina_cninfo_full_2010_2026/single_stock_cninfo_v1/classification_results_v1/event3_to_event3/classification/ckip_bert_short_full_mean_sgd_none_0.json	event_return_3d	event_return_3d
288	/data/alpha_team2/shares/llm_return/datasets/sina_cninfo_full_2010_2026/single_stock_cninfo_v1/embeddings	ckip_bert	short	full_mean	simple_mlp	none	0	/data/alpha_team2/shares/llm_return/datasets/sina_cninfo_full_2010_2026/single_stock_cninfo_v1/classification_results_v1/event3_to_event3/classification/ckip_bert_short_full_mean_simple_mlp_none_0.json	event_return_3d	event_return_3d
289	/data/alpha_team2/shares/llm_return/datasets/sina_cninfo_full_2010_2026/single_stock_cninfo_v1/embeddings	ckip_bert	short	full_mean	hist_gradient_boosting	none	0	/data/alpha_team2/shares/llm_return/datasets/sina_cninfo_full_2010_2026/single_stock_cninfo_v1/classification_results_v1/event3_to_event3/classification/ckip_bert_short_full_mean_hist_gradient_boosting_none_0.json	event_return_3d	event_return_3d
290	/data/alpha_team2/shares/llm_return/datasets/sina_cninfo_full_2010_2026/single_stock_cninfo_v1/embeddings	ckip_bert	short	cls	logistic	none	0	/data/alpha_team2/shares/llm_return/datasets/sina_cninfo_full_2010_2026/single_stock_cninfo_v1/classification_results_v1/event3_to_event3/classification/ckip_bert_short_cls_logistic_none_0.json	event_return_3d	event_return_3d
291	/data/alpha_team2/shares/llm_return/datasets/sina_cninfo_full_2010_2026/single_stock_cninfo_v1/embeddings	ckip_bert	short	cls	linear_svm	none	0	/data/alpha_team2/shares/llm_return/datasets/sina_cninfo_full_2010_2026/single_stock_cninfo_v1/classification_results_v1/event3_to_event3/classification/ckip_bert_short_cls_linear_svm_none_0.json	event_return_3d	event_return_3d
292	/data/alpha_team2/shares/llm_return/datasets/sina_cninfo_full_2010_2026/single_stock_cninfo_v1/embeddings	ckip_bert	short	cls	sgd	none	0	/data/alpha_team2/shares/llm_return/datasets/sina_cninfo_full_2010_2026/single_stock_cninfo_v1/classification_results_v1/event3_to_event3/classification/ckip_bert_short_cls_sgd_none_0.json	event_return_3d	event_return_3d
293	/data/alpha_team2/shares/llm_return/datasets/sina_cninfo_full_2010_2026/single_stock_cninfo_v1/embeddings	ckip_bert	short	cls	simple_mlp	none	0	/data/alpha_team2/shares/llm_return/datasets/sina_cninfo_full_2010_2026/single_stock_cninfo_v1/classification_results_v1/event3_to_event3/classification/ckip_bert_short_cls_simple_mlp_none_0.json	event_return_3d	event_return_3d
294	/data/alpha_team2/shares/llm_return/datasets/sina_cninfo_full_2010_2026/single_stock_cninfo_v1/embeddings	ckip_bert	short	cls	hist_gradient_boosting	none	0	/data/alpha_team2/shares/llm_return/datasets/sina_cninfo_full_2010_2026/single_stock_cninfo_v1/classification_results_v1/event3_to_event3/classification/ckip_bert_short_cls_hist_gradient_boosting_none_0.json	event_return_3d	event_return_3d
295	/data/alpha_team2/shares/llm_return/datasets/sina_cninfo_full_2010_2026/single_stock_cninfo_v1/embeddings	ckip_bert	short	full_max	logistic	none	0	/data/alpha_team2/shares/llm_return/datasets/sina_cninfo_full_2010_2026/single_stock_cninfo_v1/classification_results_v1/event3_to_event3/classification/ckip_bert_short_full_max_logistic_none_0.json	event_return_3d	event_return_3d
296	/data/alpha_team2/shares/llm_return/datasets/sina_cninfo_full_2010_2026/single_stock_cninfo_v1/embeddings	ckip_bert	short	full_max	linear_svm	none	0	/data/alpha_team2/shares/llm_return/datasets/sina_cninfo_full_2010_2026/single_stock_cninfo_v1/classification_results_v1/event3_to_event3/classification/ckip_bert_short_full_max_linear_svm_none_0.json	event_return_3d	event_return_3d
297	/data/alpha_team2/shares/llm_return/datasets/sina_cninfo_full_2010_2026/single_stock_cninfo_v1/embeddings	ckip_bert	short	full_max	sgd	none	0	/data/alpha_team2/shares/llm_return/datasets/sina_cninfo_full_2010_2026/single_stock_cninfo_v1/classification_results_v1/event3_to_event3/classification/ckip_bert_short_full_max_sgd_none_0.json	event_return_3d	event_return_3d
298	/data/alpha_team2/shares/llm_return/datasets/sina_cninfo_full_2010_2026/single_stock_cninfo_v1/embeddings	ckip_bert	short	full_max	simple_mlp	none	0	/data/alpha_team2/shares/llm_return/datasets/sina_cninfo_full_2010_2026/single_stock_cninfo_v1/classification_results_v1/event3_to_event3/classification/ckip_bert_short_full_max_simple_mlp_none_0.json	event_return_3d	event_return_3d
299	/data/alpha_team2/shares/llm_return/datasets/sina_cninfo_full_2010_2026/single_stock_cninfo_v1/embeddings	ckip_bert	short	full_max	hist_gradient_boosting	none	0	/data/alpha_team2/shares/llm_return/datasets/sina_cninfo_full_2010_2026/single_stock_cninfo_v1/classification_results_v1/event3_to_event3/classification/ckip_bert_short_full_max_hist_gradient_boosting_none_0.json	event_return_3d	event_return_3d
300	/data/alpha_team2/shares/llm_return/datasets/sina_cninfo_full_2010_2026/single_stock_cninfo_v1/embeddings	ckip_bert	masked_short	body_mean	logistic	none	0	/data/alpha_team2/shares/llm_return/datasets/sina_cninfo_full_2010_2026/single_stock_cninfo_v1/classification_results_v1/event3_to_event3/classification/ckip_bert_masked_short_body_mean_logistic_none_0.json	event_return_3d	event_return_3d
301	/data/alpha_team2/shares/llm_return/datasets/sina_cninfo_full_2010_2026/single_stock_cninfo_v1/embeddings	ckip_bert	masked_short	body_mean	linear_svm	none	0	/data/alpha_team2/shares/llm_return/datasets/sina_cninfo_full_2010_2026/single_stock_cninfo_v1/classification_results_v1/event3_to_event3/classification/ckip_bert_masked_short_body_mean_linear_svm_none_0.json	event_return_3d	event_return_3d
302	/data/alpha_team2/shares/llm_return/datasets/sina_cninfo_full_2010_2026/single_stock_cninfo_v1/embeddings	ckip_bert	masked_short	body_mean	sgd	none	0	/data/alpha_team2/shares/llm_return/datasets/sina_cninfo_full_2010_2026/single_stock_cninfo_v1/classification_results_v1/event3_to_event3/classification/ckip_bert_masked_short_body_mean_sgd_none_0.json	event_return_3d	event_return_3d
303	/data/alpha_team2/shares/llm_return/datasets/sina_cninfo_full_2010_2026/single_stock_cninfo_v1/embeddings	ckip_bert	masked_short	body_mean	simple_mlp	none	0	/data/alpha_team2/shares/llm_return/datasets/sina_cninfo_full_2010_2026/single_stock_cninfo_v1/classification_results_v1/event3_to_event3/classification/ckip_bert_masked_short_body_mean_simple_mlp_none_0.json	event_return_3d	event_return_3d
304	/data/alpha_team2/shares/llm_return/datasets/sina_cninfo_full_2010_2026/single_stock_cninfo_v1/embeddings	ckip_bert	masked_short	body_mean	hist_gradient_boosting	none	0	/data/alpha_team2/shares/llm_return/datasets/sina_cninfo_full_2010_2026/single_stock_cninfo_v1/classification_results_v1/event3_to_event3/classification/ckip_bert_masked_short_body_mean_hist_gradient_boosting_none_0.json	event_return_3d	event_return_3d
305	/data/alpha_team2/shares/llm_return/datasets/sina_cninfo_full_2010_2026/single_stock_cninfo_v1/embeddings	ckip_bert	masked_short	title_body_mean	logistic	none	0	/data/alpha_team2/shares/llm_return/datasets/sina_cninfo_full_2010_2026/single_stock_cninfo_v1/classification_results_v1/event3_to_event3/classification/ckip_bert_masked_short_title_body_mean_logistic_none_0.json	event_return_3d	event_return_3d
306	/data/alpha_team2/shares/llm_return/datasets/sina_cninfo_full_2010_2026/single_stock_cninfo_v1/embeddings	ckip_bert	masked_short	title_body_mean	linear_svm	none	0	/data/alpha_team2/shares/llm_return/datasets/sina_cninfo_full_2010_2026/single_stock_cninfo_v1/classification_results_v1/event3_to_event3/classification/ckip_bert_masked_short_title_body_mean_linear_svm_none_0.json	event_return_3d	event_return_3d
307	/data/alpha_team2/shares/llm_return/datasets/sina_cninfo_full_2010_2026/single_stock_cninfo_v1/embeddings	ckip_bert	masked_short	title_body_mean	sgd	none	0	/data/alpha_team2/shares/llm_return/datasets/sina_cninfo_full_2010_2026/single_stock_cninfo_v1/classification_results_v1/event3_to_event3/classification/ckip_bert_masked_short_title_body_mean_sgd_none_0.json	event_return_3d	event_return_3d
308	/data/alpha_team2/shares/llm_return/datasets/sina_cninfo_full_2010_2026/single_stock_cninfo_v1/embeddings	ckip_bert	masked_short	title_body_mean	simple_mlp	none	0	/data/alpha_team2/shares/llm_return/datasets/sina_cninfo_full_2010_2026/single_stock_cninfo_v1/classification_results_v1/event3_to_event3/classification/ckip_bert_masked_short_title_body_mean_simple_mlp_none_0.json	event_return_3d	event_return_3d
309	/data/alpha_team2/shares/llm_return/datasets/sina_cninfo_full_2010_2026/single_stock_cninfo_v1/embeddings	ckip_bert	masked_short	title_body_mean	hist_gradient_boosting	none	0	/data/alpha_team2/shares/llm_return/datasets/sina_cninfo_full_2010_2026/single_stock_cninfo_v1/classification_results_v1/event3_to_event3/classification/ckip_bert_masked_short_title_body_mean_hist_gradient_boosting_none_0.json	event_return_3d	event_return_3d
310	/data/alpha_team2/shares/llm_return/datasets/sina_cninfo_full_2010_2026/single_stock_cninfo_v1/embeddings	ckip_bert	masked_short	full_mean	logistic	none	0	/data/alpha_team2/shares/llm_return/datasets/sina_cninfo_full_2010_2026/single_stock_cninfo_v1/classification_results_v1/event3_to_event3/classification/ckip_bert_masked_short_full_mean_logistic_none_0.json	event_return_3d	event_return_3d
311	/data/alpha_team2/shares/llm_return/datasets/sina_cninfo_full_2010_2026/single_stock_cninfo_v1/embeddings	ckip_bert	masked_short	full_mean	linear_svm	none	0	/data/alpha_team2/shares/llm_return/datasets/sina_cninfo_full_2010_2026/single_stock_cninfo_v1/classification_results_v1/event3_to_event3/classification/ckip_bert_masked_short_full_mean_linear_svm_none_0.json	event_return_3d	event_return_3d
312	/data/alpha_team2/shares/llm_return/datasets/sina_cninfo_full_2010_2026/single_stock_cninfo_v1/embeddings	ckip_bert	masked_short	full_mean	sgd	none	0	/data/alpha_team2/shares/llm_return/datasets/sina_cninfo_full_2010_2026/single_stock_cninfo_v1/classification_results_v1/event3_to_event3/classification/ckip_bert_masked_short_full_mean_sgd_none_0.json	event_return_3d	event_return_3d
313	/data/alpha_team2/shares/llm_return/datasets/sina_cninfo_full_2010_2026/single_stock_cninfo_v1/embeddings	ckip_bert	masked_short	full_mean	simple_mlp	none	0	/data/alpha_team2/shares/llm_return/datasets/sina_cninfo_full_2010_2026/single_stock_cninfo_v1/classification_results_v1/event3_to_event3/classification/ckip_bert_masked_short_full_mean_simple_mlp_none_0.json	event_return_3d	event_return_3d
314	/data/alpha_team2/shares/llm_return/datasets/sina_cninfo_full_2010_2026/single_stock_cninfo_v1/embeddings	ckip_bert	masked_short	full_mean	hist_gradient_boosting	none	0	/data/alpha_team2/shares/llm_return/datasets/sina_cninfo_full_2010_2026/single_stock_cninfo_v1/classification_results_v1/event3_to_event3/classification/ckip_bert_masked_short_full_mean_hist_gradient_boosting_none_0.json	event_return_3d	event_return_3d
315	/data/alpha_team2/shares/llm_return/datasets/sina_cninfo_full_2010_2026/single_stock_cninfo_v1/embeddings	ckip_bert	masked_short	cls	logistic	none	0	/data/alpha_team2/shares/llm_return/datasets/sina_cninfo_full_2010_2026/single_stock_cninfo_v1/classification_results_v1/event3_to_event3/classification/ckip_bert_masked_short_cls_logistic_none_0.json	event_return_3d	event_return_3d
316	/data/alpha_team2/shares/llm_return/datasets/sina_cninfo_full_2010_2026/single_stock_cninfo_v1/embeddings	ckip_bert	masked_short	cls	linear_svm	none	0	/data/alpha_team2/shares/llm_return/datasets/sina_cninfo_full_2010_2026/single_stock_cninfo_v1/classification_results_v1/event3_to_event3/classification/ckip_bert_masked_short_cls_linear_svm_none_0.json	event_return_3d	event_return_3d
317	/data/alpha_team2/shares/llm_return/datasets/sina_cninfo_full_2010_2026/single_stock_cninfo_v1/embeddings	ckip_bert	masked_short	cls	sgd	none	0	/data/alpha_team2/shares/llm_return/datasets/sina_cninfo_full_2010_2026/single_stock_cninfo_v1/classification_results_v1/event3_to_event3/classification/ckip_bert_masked_short_cls_sgd_none_0.json	event_return_3d	event_return_3d
318	/data/alpha_team2/shares/llm_return/datasets/sina_cninfo_full_2010_2026/single_stock_cninfo_v1/embeddings	ckip_bert	masked_short	cls	simple_mlp	none	0	/data/alpha_team2/shares/llm_return/datasets/sina_cninfo_full_2010_2026/single_stock_cninfo_v1/classification_results_v1/event3_to_event3/classification/ckip_bert_masked_short_cls_simple_mlp_none_0.json	event_return_3d	event_return_3d
319	/data/alpha_team2/shares/llm_return/datasets/sina_cninfo_full_2010_2026/single_stock_cninfo_v1/embeddings	ckip_bert	masked_short	cls	hist_gradient_boosting	none	0	/data/alpha_team2/shares/llm_return/datasets/sina_cninfo_full_2010_2026/single_stock_cninfo_v1/classification_results_v1/event3_to_event3/classification/ckip_bert_masked_short_cls_hist_gradient_boosting_none_0.json	event_return_3d	event_return_3d
320	/data/alpha_team2/shares/llm_return/datasets/sina_cninfo_full_2010_2026/single_stock_cninfo_v1/embeddings	ckip_bert	masked_short	full_max	logistic	none	0	/data/alpha_team2/shares/llm_return/datasets/sina_cninfo_full_2010_2026/single_stock_cninfo_v1/classification_results_v1/event3_to_event3/classification/ckip_bert_masked_short_full_max_logistic_none_0.json	event_return_3d	event_return_3d
321	/data/alpha_team2/shares/llm_return/datasets/sina_cninfo_full_2010_2026/single_stock_cninfo_v1/embeddings	ckip_bert	masked_short	full_max	linear_svm	none	0	/data/alpha_team2/shares/llm_return/datasets/sina_cninfo_full_2010_2026/single_stock_cninfo_v1/classification_results_v1/event3_to_event3/classification/ckip_bert_masked_short_full_max_linear_svm_none_0.json	event_return_3d	event_return_3d
322	/data/alpha_team2/shares/llm_return/datasets/sina_cninfo_full_2010_2026/single_stock_cninfo_v1/embeddings	ckip_bert	masked_short	full_max	sgd	none	0	/data/alpha_team2/shares/llm_return/datasets/sina_cninfo_full_2010_2026/single_stock_cninfo_v1/classification_results_v1/event3_to_event3/classification/ckip_bert_masked_short_full_max_sgd_none_0.json	event_return_3d	event_return_3d
323	/data/alpha_team2/shares/llm_return/datasets/sina_cninfo_full_2010_2026/single_stock_cninfo_v1/embeddings	ckip_bert	masked_short	full_max	simple_mlp	none	0	/data/alpha_team2/shares/llm_return/datasets/sina_cninfo_full_2010_2026/single_stock_cninfo_v1/classification_results_v1/event3_to_event3/classification/ckip_bert_masked_short_full_max_simple_mlp_none_0.json	event_return_3d	event_return_3d
324	/data/alpha_team2/shares/llm_return/datasets/sina_cninfo_full_2010_2026/single_stock_cninfo_v1/embeddings	ckip_bert	masked_short	full_max	hist_gradient_boosting	none	0	/data/alpha_team2/shares/llm_return/datasets/sina_cninfo_full_2010_2026/single_stock_cninfo_v1/classification_results_v1/event3_to_event3/classification/ckip_bert_masked_short_full_max_hist_gradient_boosting_none_0.json	event_return_3d	event_return_3d
325	/data/alpha_team2/shares/llm_return/datasets/sina_cninfo_full_2010_2026/single_stock_cninfo_v1/embeddings	ckip_bert	long	body_mean	logistic	none	0	/data/alpha_team2/shares/llm_return/datasets/sina_cninfo_full_2010_2026/single_stock_cninfo_v1/classification_results_v1/event3_to_event3/classification/ckip_bert_long_body_mean_logistic_none_0.json	event_return_3d	event_return_3d
326	/data/alpha_team2/shares/llm_return/datasets/sina_cninfo_full_2010_2026/single_stock_cninfo_v1/embeddings	ckip_bert	long	body_mean	linear_svm	none	0	/data/alpha_team2/shares/llm_return/datasets/sina_cninfo_full_2010_2026/single_stock_cninfo_v1/classification_results_v1/event3_to_event3/classification/ckip_bert_long_body_mean_linear_svm_none_0.json	event_return_3d	event_return_3d
327	/data/alpha_team2/shares/llm_return/datasets/sina_cninfo_full_2010_2026/single_stock_cninfo_v1/embeddings	ckip_bert	long	body_mean	sgd	none	0	/data/alpha_team2/shares/llm_return/datasets/sina_cninfo_full_2010_2026/single_stock_cninfo_v1/classification_results_v1/event3_to_event3/classification/ckip_bert_long_body_mean_sgd_none_0.json	event_return_3d	event_return_3d
328	/data/alpha_team2/shares/llm_return/datasets/sina_cninfo_full_2010_2026/single_stock_cninfo_v1/embeddings	ckip_bert	long	body_mean	simple_mlp	none	0	/data/alpha_team2/shares/llm_return/datasets/sina_cninfo_full_2010_2026/single_stock_cninfo_v1/classification_results_v1/event3_to_event3/classification/ckip_bert_long_body_mean_simple_mlp_none_0.json	event_return_3d	event_return_3d
329	/data/alpha_team2/shares/llm_return/datasets/sina_cninfo_full_2010_2026/single_stock_cninfo_v1/embeddings	ckip_bert	long	body_mean	hist_gradient_boosting	none	0	/data/alpha_team2/shares/llm_return/datasets/sina_cninfo_full_2010_2026/single_stock_cninfo_v1/classification_results_v1/event3_to_event3/classification/ckip_bert_long_body_mean_hist_gradient_boosting_none_0.json	event_return_3d	event_return_3d
330	/data/alpha_team2/shares/llm_return/datasets/sina_cninfo_full_2010_2026/single_stock_cninfo_v1/embeddings	ckip_bert	long	title_body_mean	logistic	none	0	/data/alpha_team2/shares/llm_return/datasets/sina_cninfo_full_2010_2026/single_stock_cninfo_v1/classification_results_v1/event3_to_event3/classification/ckip_bert_long_title_body_mean_logistic_none_0.json	event_return_3d	event_return_3d
331	/data/alpha_team2/shares/llm_return/datasets/sina_cninfo_full_2010_2026/single_stock_cninfo_v1/embeddings	ckip_bert	long	title_body_mean	linear_svm	none	0	/data/alpha_team2/shares/llm_return/datasets/sina_cninfo_full_2010_2026/single_stock_cninfo_v1/classification_results_v1/event3_to_event3/classification/ckip_bert_long_title_body_mean_linear_svm_none_0.json	event_return_3d	event_return_3d
332	/data/alpha_team2/shares/llm_return/datasets/sina_cninfo_full_2010_2026/single_stock_cninfo_v1/embeddings	ckip_bert	long	title_body_mean	sgd	none	0	/data/alpha_team2/shares/llm_return/datasets/sina_cninfo_full_2010_2026/single_stock_cninfo_v1/classification_results_v1/event3_to_event3/classification/ckip_bert_long_title_body_mean_sgd_none_0.json	event_return_3d	event_return_3d
333	/data/alpha_team2/shares/llm_return/datasets/sina_cninfo_full_2010_2026/single_stock_cninfo_v1/embeddings	ckip_bert	long	title_body_mean	simple_mlp	none	0	/data/alpha_team2/shares/llm_return/datasets/sina_cninfo_full_2010_2026/single_stock_cninfo_v1/classification_results_v1/event3_to_event3/classification/ckip_bert_long_title_body_mean_simple_mlp_none_0.json	event_return_3d	event_return_3d
334	/data/alpha_team2/shares/llm_return/datasets/sina_cninfo_full_2010_2026/single_stock_cninfo_v1/embeddings	ckip_bert	long	title_body_mean	hist_gradient_boosting	none	0	/data/alpha_team2/shares/llm_return/datasets/sina_cninfo_full_2010_2026/single_stock_cninfo_v1/classification_results_v1/event3_to_event3/classification/ckip_bert_long_title_body_mean_hist_gradient_boosting_none_0.json	event_return_3d	event_return_3d
335	/data/alpha_team2/shares/llm_return/datasets/sina_cninfo_full_2010_2026/single_stock_cninfo_v1/embeddings	ckip_bert	long	full_mean	logistic	none	0	/data/alpha_team2/shares/llm_return/datasets/sina_cninfo_full_2010_2026/single_stock_cninfo_v1/classification_results_v1/event3_to_event3/classification/ckip_bert_long_full_mean_logistic_none_0.json	event_return_3d	event_return_3d
336	/data/alpha_team2/shares/llm_return/datasets/sina_cninfo_full_2010_2026/single_stock_cninfo_v1/embeddings	ckip_bert	long	full_mean	linear_svm	none	0	/data/alpha_team2/shares/llm_return/datasets/sina_cninfo_full_2010_2026/single_stock_cninfo_v1/classification_results_v1/event3_to_event3/classification/ckip_bert_long_full_mean_linear_svm_none_0.json	event_return_3d	event_return_3d
337	/data/alpha_team2/shares/llm_return/datasets/sina_cninfo_full_2010_2026/single_stock_cninfo_v1/embeddings	ckip_bert	long	full_mean	sgd	none	0	/data/alpha_team2/shares/llm_return/datasets/sina_cninfo_full_2010_2026/single_stock_cninfo_v1/classification_results_v1/event3_to_event3/classification/ckip_bert_long_full_mean_sgd_none_0.json	event_return_3d	event_return_3d
338	/data/alpha_team2/shares/llm_return/datasets/sina_cninfo_full_2010_2026/single_stock_cninfo_v1/embeddings	ckip_bert	long	full_mean	simple_mlp	none	0	/data/alpha_team2/shares/llm_return/datasets/sina_cninfo_full_2010_2026/single_stock_cninfo_v1/classification_results_v1/event3_to_event3/classification/ckip_bert_long_full_mean_simple_mlp_none_0.json	event_return_3d	event_return_3d
339	/data/alpha_team2/shares/llm_return/datasets/sina_cninfo_full_2010_2026/single_stock_cninfo_v1/embeddings	ckip_bert	long	full_mean	hist_gradient_boosting	none	0	/data/alpha_team2/shares/llm_return/datasets/sina_cninfo_full_2010_2026/single_stock_cninfo_v1/classification_results_v1/event3_to_event3/classification/ckip_bert_long_full_mean_hist_gradient_boosting_none_0.json	event_return_3d	event_return_3d
340	/data/alpha_team2/shares/llm_return/datasets/sina_cninfo_full_2010_2026/single_stock_cninfo_v1/embeddings	ckip_bert	long	cls	logistic	none	0	/data/alpha_team2/shares/llm_return/datasets/sina_cninfo_full_2010_2026/single_stock_cninfo_v1/classification_results_v1/event3_to_event3/classification/ckip_bert_long_cls_logistic_none_0.json	event_return_3d	event_return_3d
341	/data/alpha_team2/shares/llm_return/datasets/sina_cninfo_full_2010_2026/single_stock_cninfo_v1/embeddings	ckip_bert	long	cls	linear_svm	none	0	/data/alpha_team2/shares/llm_return/datasets/sina_cninfo_full_2010_2026/single_stock_cninfo_v1/classification_results_v1/event3_to_event3/classification/ckip_bert_long_cls_linear_svm_none_0.json	event_return_3d	event_return_3d
342	/data/alpha_team2/shares/llm_return/datasets/sina_cninfo_full_2010_2026/single_stock_cninfo_v1/embeddings	ckip_bert	long	cls	sgd	none	0	/data/alpha_team2/shares/llm_return/datasets/sina_cninfo_full_2010_2026/single_stock_cninfo_v1/classification_results_v1/event3_to_event3/classification/ckip_bert_long_cls_sgd_none_0.json	event_return_3d	event_return_3d
343	/data/alpha_team2/shares/llm_return/datasets/sina_cninfo_full_2010_2026/single_stock_cninfo_v1/embeddings	ckip_bert	long	cls	simple_mlp	none	0	/data/alpha_team2/shares/llm_return/datasets/sina_cninfo_full_2010_2026/single_stock_cninfo_v1/classification_results_v1/event3_to_event3/classification/ckip_bert_long_cls_simple_mlp_none_0.json	event_return_3d	event_return_3d
344	/data/alpha_team2/shares/llm_return/datasets/sina_cninfo_full_2010_2026/single_stock_cninfo_v1/embeddings	ckip_bert	long	cls	hist_gradient_boosting	none	0	/data/alpha_team2/shares/llm_return/datasets/sina_cninfo_full_2010_2026/single_stock_cninfo_v1/classification_results_v1/event3_to_event3/classification/ckip_bert_long_cls_hist_gradient_boosting_none_0.json	event_return_3d	event_return_3d
345	/data/alpha_team2/shares/llm_return/datasets/sina_cninfo_full_2010_2026/single_stock_cninfo_v1/embeddings	ckip_bert	long	full_max	logistic	none	0	/data/alpha_team2/shares/llm_return/datasets/sina_cninfo_full_2010_2026/single_stock_cninfo_v1/classification_results_v1/event3_to_event3/classification/ckip_bert_long_full_max_logistic_none_0.json	event_return_3d	event_return_3d
346	/data/alpha_team2/shares/llm_return/datasets/sina_cninfo_full_2010_2026/single_stock_cninfo_v1/embeddings	ckip_bert	long	full_max	linear_svm	none	0	/data/alpha_team2/shares/llm_return/datasets/sina_cninfo_full_2010_2026/single_stock_cninfo_v1/classification_results_v1/event3_to_event3/classification/ckip_bert_long_full_max_linear_svm_none_0.json	event_return_3d	event_return_3d
347	/data/alpha_team2/shares/llm_return/datasets/sina_cninfo_full_2010_2026/single_stock_cninfo_v1/embeddings	ckip_bert	long	full_max	sgd	none	0	/data/alpha_team2/shares/llm_return/datasets/sina_cninfo_full_2010_2026/single_stock_cninfo_v1/classification_results_v1/event3_to_event3/classification/ckip_bert_long_full_max_sgd_none_0.json	event_return_3d	event_return_3d
348	/data/alpha_team2/shares/llm_return/datasets/sina_cninfo_full_2010_2026/single_stock_cninfo_v1/embeddings	ckip_bert	long	full_max	simple_mlp	none	0	/data/alpha_team2/shares/llm_return/datasets/sina_cninfo_full_2010_2026/single_stock_cninfo_v1/classification_results_v1/event3_to_event3/classification/ckip_bert_long_full_max_simple_mlp_none_0.json	event_return_3d	event_return_3d
349	/data/alpha_team2/shares/llm_return/datasets/sina_cninfo_full_2010_2026/single_stock_cninfo_v1/embeddings	ckip_bert	long	full_max	hist_gradient_boosting	none	0	/data/alpha_team2/shares/llm_return/datasets/sina_cninfo_full_2010_2026/single_stock_cninfo_v1/classification_results_v1/event3_to_event3/classification/ckip_bert_long_full_max_hist_gradient_boosting_none_0.json	event_return_3d	event_return_3d
350	/data/alpha_team2/shares/llm_return/datasets/sina_cninfo_full_2010_2026/single_stock_cninfo_v1/embeddings	ckip_bert	masked_long	body_mean	logistic	none	0	/data/alpha_team2/shares/llm_return/datasets/sina_cninfo_full_2010_2026/single_stock_cninfo_v1/classification_results_v1/event3_to_event3/classification/ckip_bert_masked_long_body_mean_logistic_none_0.json	event_return_3d	event_return_3d
351	/data/alpha_team2/shares/llm_return/datasets/sina_cninfo_full_2010_2026/single_stock_cninfo_v1/embeddings	ckip_bert	masked_long	body_mean	linear_svm	none	0	/data/alpha_team2/shares/llm_return/datasets/sina_cninfo_full_2010_2026/single_stock_cninfo_v1/classification_results_v1/event3_to_event3/classification/ckip_bert_masked_long_body_mean_linear_svm_none_0.json	event_return_3d	event_return_3d
352	/data/alpha_team2/shares/llm_return/datasets/sina_cninfo_full_2010_2026/single_stock_cninfo_v1/embeddings	ckip_bert	masked_long	body_mean	sgd	none	0	/data/alpha_team2/shares/llm_return/datasets/sina_cninfo_full_2010_2026/single_stock_cninfo_v1/classification_results_v1/event3_to_event3/classification/ckip_bert_masked_long_body_mean_sgd_none_0.json	event_return_3d	event_return_3d
353	/data/alpha_team2/shares/llm_return/datasets/sina_cninfo_full_2010_2026/single_stock_cninfo_v1/embeddings	ckip_bert	masked_long	body_mean	simple_mlp	none	0	/data/alpha_team2/shares/llm_return/datasets/sina_cninfo_full_2010_2026/single_stock_cninfo_v1/classification_results_v1/event3_to_event3/classification/ckip_bert_masked_long_body_mean_simple_mlp_none_0.json	event_return_3d	event_return_3d
354	/data/alpha_team2/shares/llm_return/datasets/sina_cninfo_full_2010_2026/single_stock_cninfo_v1/embeddings	ckip_bert	masked_long	body_mean	hist_gradient_boosting	none	0	/data/alpha_team2/shares/llm_return/datasets/sina_cninfo_full_2010_2026/single_stock_cninfo_v1/classification_results_v1/event3_to_event3/classification/ckip_bert_masked_long_body_mean_hist_gradient_boosting_none_0.json	event_return_3d	event_return_3d
355	/data/alpha_team2/shares/llm_return/datasets/sina_cninfo_full_2010_2026/single_stock_cninfo_v1/embeddings	ckip_bert	masked_long	title_body_mean	logistic	none	0	/data/alpha_team2/shares/llm_return/datasets/sina_cninfo_full_2010_2026/single_stock_cninfo_v1/classification_results_v1/event3_to_event3/classification/ckip_bert_masked_long_title_body_mean_logistic_none_0.json	event_return_3d	event_return_3d
356	/data/alpha_team2/shares/llm_return/datasets/sina_cninfo_full_2010_2026/single_stock_cninfo_v1/embeddings	ckip_bert	masked_long	title_body_mean	linear_svm	none	0	/data/alpha_team2/shares/llm_return/datasets/sina_cninfo_full_2010_2026/single_stock_cninfo_v1/classification_results_v1/event3_to_event3/classification/ckip_bert_masked_long_title_body_mean_linear_svm_none_0.json	event_return_3d	event_return_3d
357	/data/alpha_team2/shares/llm_return/datasets/sina_cninfo_full_2010_2026/single_stock_cninfo_v1/embeddings	ckip_bert	masked_long	title_body_mean	sgd	none	0	/data/alpha_team2/shares/llm_return/datasets/sina_cninfo_full_2010_2026/single_stock_cninfo_v1/classification_results_v1/event3_to_event3/classification/ckip_bert_masked_long_title_body_mean_sgd_none_0.json	event_return_3d	event_return_3d
358	/data/alpha_team2/shares/llm_return/datasets/sina_cninfo_full_2010_2026/single_stock_cninfo_v1/embeddings	ckip_bert	masked_long	title_body_mean	simple_mlp	none	0	/data/alpha_team2/shares/llm_return/datasets/sina_cninfo_full_2010_2026/single_stock_cninfo_v1/classification_results_v1/event3_to_event3/classification/ckip_bert_masked_long_title_body_mean_simple_mlp_none_0.json	event_return_3d	event_return_3d
359	/data/alpha_team2/shares/llm_return/datasets/sina_cninfo_full_2010_2026/single_stock_cninfo_v1/embeddings	ckip_bert	masked_long	title_body_mean	hist_gradient_boosting	none	0	/data/alpha_team2/shares/llm_return/datasets/sina_cninfo_full_2010_2026/single_stock_cninfo_v1/classification_results_v1/event3_to_event3/classification/ckip_bert_masked_long_title_body_mean_hist_gradient_boosting_none_0.json	event_return_3d	event_return_3d
360	/data/alpha_team2/shares/llm_return/datasets/sina_cninfo_full_2010_2026/single_stock_cninfo_v1/embeddings	ckip_bert	masked_long	full_mean	logistic	none	0	/data/alpha_team2/shares/llm_return/datasets/sina_cninfo_full_2010_2026/single_stock_cninfo_v1/classification_results_v1/event3_to_event3/classification/ckip_bert_masked_long_full_mean_logistic_none_0.json	event_return_3d	event_return_3d
361	/data/alpha_team2/shares/llm_return/datasets/sina_cninfo_full_2010_2026/single_stock_cninfo_v1/embeddings	ckip_bert	masked_long	full_mean	linear_svm	none	0	/data/alpha_team2/shares/llm_return/datasets/sina_cninfo_full_2010_2026/single_stock_cninfo_v1/classification_results_v1/event3_to_event3/classification/ckip_bert_masked_long_full_mean_linear_svm_none_0.json	event_return_3d	event_return_3d
362	/data/alpha_team2/shares/llm_return/datasets/sina_cninfo_full_2010_2026/single_stock_cninfo_v1/embeddings	ckip_bert	masked_long	full_mean	sgd	none	0	/data/alpha_team2/shares/llm_return/datasets/sina_cninfo_full_2010_2026/single_stock_cninfo_v1/classification_results_v1/event3_to_event3/classification/ckip_bert_masked_long_full_mean_sgd_none_0.json	event_return_3d	event_return_3d
363	/data/alpha_team2/shares/llm_return/datasets/sina_cninfo_full_2010_2026/single_stock_cninfo_v1/embeddings	ckip_bert	masked_long	full_mean	simple_mlp	none	0	/data/alpha_team2/shares/llm_return/datasets/sina_cninfo_full_2010_2026/single_stock_cninfo_v1/classification_results_v1/event3_to_event3/classification/ckip_bert_masked_long_full_mean_simple_mlp_none_0.json	event_return_3d	event_return_3d
364	/data/alpha_team2/shares/llm_return/datasets/sina_cninfo_full_2010_2026/single_stock_cninfo_v1/embeddings	ckip_bert	masked_long	full_mean	hist_gradient_boosting	none	0	/data/alpha_team2/shares/llm_return/datasets/sina_cninfo_full_2010_2026/single_stock_cninfo_v1/classification_results_v1/event3_to_event3/classification/ckip_bert_masked_long_full_mean_hist_gradient_boosting_none_0.json	event_return_3d	event_return_3d
365	/data/alpha_team2/shares/llm_return/datasets/sina_cninfo_full_2010_2026/single_stock_cninfo_v1/embeddings	ckip_bert	masked_long	cls	logistic	none	0	/data/alpha_team2/shares/llm_return/datasets/sina_cninfo_full_2010_2026/single_stock_cninfo_v1/classification_results_v1/event3_to_event3/classification/ckip_bert_masked_long_cls_logistic_none_0.json	event_return_3d	event_return_3d
366	/data/alpha_team2/shares/llm_return/datasets/sina_cninfo_full_2010_2026/single_stock_cninfo_v1/embeddings	ckip_bert	masked_long	cls	linear_svm	none	0	/data/alpha_team2/shares/llm_return/datasets/sina_cninfo_full_2010_2026/single_stock_cninfo_v1/classification_results_v1/event3_to_event3/classification/ckip_bert_masked_long_cls_linear_svm_none_0.json	event_return_3d	event_return_3d
367	/data/alpha_team2/shares/llm_return/datasets/sina_cninfo_full_2010_2026/single_stock_cninfo_v1/embeddings	ckip_bert	masked_long	cls	sgd	none	0	/data/alpha_team2/shares/llm_return/datasets/sina_cninfo_full_2010_2026/single_stock_cninfo_v1/classification_results_v1/event3_to_event3/classification/ckip_bert_masked_long_cls_sgd_none_0.json	event_return_3d	event_return_3d
368	/data/alpha_team2/shares/llm_return/datasets/sina_cninfo_full_2010_2026/single_stock_cninfo_v1/embeddings	ckip_bert	masked_long	cls	simple_mlp	none	0	/data/alpha_team2/shares/llm_return/datasets/sina_cninfo_full_2010_2026/single_stock_cninfo_v1/classification_results_v1/event3_to_event3/classification/ckip_bert_masked_long_cls_simple_mlp_none_0.json	event_return_3d	event_return_3d
369	/data/alpha_team2/shares/llm_return/datasets/sina_cninfo_full_2010_2026/single_stock_cninfo_v1/embeddings	ckip_bert	masked_long	cls	hist_gradient_boosting	none	0	/data/alpha_team2/shares/llm_return/datasets/sina_cninfo_full_2010_2026/single_stock_cninfo_v1/classification_results_v1/event3_to_event3/classification/ckip_bert_masked_long_cls_hist_gradient_boosting_none_0.json	event_return_3d	event_return_3d
370	/data/alpha_team2/shares/llm_return/datasets/sina_cninfo_full_2010_2026/single_stock_cninfo_v1/embeddings	ckip_bert	masked_long	full_max	logistic	none	0	/data/alpha_team2/shares/llm_return/datasets/sina_cninfo_full_2010_2026/single_stock_cninfo_v1/classification_results_v1/event3_to_event3/classification/ckip_bert_masked_long_full_max_logistic_none_0.json	event_return_3d	event_return_3d
371	/data/alpha_team2/shares/llm_return/datasets/sina_cninfo_full_2010_2026/single_stock_cninfo_v1/embeddings	ckip_bert	masked_long	full_max	linear_svm	none	0	/data/alpha_team2/shares/llm_return/datasets/sina_cninfo_full_2010_2026/single_stock_cninfo_v1/classification_results_v1/event3_to_event3/classification/ckip_bert_masked_long_full_max_linear_svm_none_0.json	event_return_3d	event_return_3d
372	/data/alpha_team2/shares/llm_return/datasets/sina_cninfo_full_2010_2026/single_stock_cninfo_v1/embeddings	ckip_bert	masked_long	full_max	sgd	none	0	/data/alpha_team2/shares/llm_return/datasets/sina_cninfo_full_2010_2026/single_stock_cninfo_v1/classification_results_v1/event3_to_event3/classification/ckip_bert_masked_long_full_max_sgd_none_0.json	event_return_3d	event_return_3d
373	/data/alpha_team2/shares/llm_return/datasets/sina_cninfo_full_2010_2026/single_stock_cninfo_v1/embeddings	ckip_bert	masked_long	full_max	simple_mlp	none	0	/data/alpha_team2/shares/llm_return/datasets/sina_cninfo_full_2010_2026/single_stock_cninfo_v1/classification_results_v1/event3_to_event3/classification/ckip_bert_masked_long_full_max_simple_mlp_none_0.json	event_return_3d	event_return_3d
374	/data/alpha_team2/shares/llm_return/datasets/sina_cninfo_full_2010_2026/single_stock_cninfo_v1/embeddings	ckip_bert	masked_long	full_max	hist_gradient_boosting	none	0	/data/alpha_team2/shares/llm_return/datasets/sina_cninfo_full_2010_2026/single_stock_cninfo_v1/classification_results_v1/event3_to_event3/classification/ckip_bert_masked_long_full_max_hist_gradient_boosting_none_0.json	event_return_3d	event_return_3d
375	/data/alpha_team2/shares/llm_return/datasets/sina_cninfo_full_2010_2026/single_stock_cninfo_v1/embeddings	xlm_roberta_large	plain	body_mean	logistic	none	0	/data/alpha_team2/shares/llm_return/datasets/sina_cninfo_full_2010_2026/single_stock_cninfo_v1/classification_results_v1/event3_to_event3/classification/xlm_roberta_large_plain_body_mean_logistic_none_0.json	event_return_3d	event_return_3d
376	/data/alpha_team2/shares/llm_return/datasets/sina_cninfo_full_2010_2026/single_stock_cninfo_v1/embeddings	xlm_roberta_large	plain	body_mean	linear_svm	none	0	/data/alpha_team2/shares/llm_return/datasets/sina_cninfo_full_2010_2026/single_stock_cninfo_v1/classification_results_v1/event3_to_event3/classification/xlm_roberta_large_plain_body_mean_linear_svm_none_0.json	event_return_3d	event_return_3d
377	/data/alpha_team2/shares/llm_return/datasets/sina_cninfo_full_2010_2026/single_stock_cninfo_v1/embeddings	xlm_roberta_large	plain	body_mean	sgd	none	0	/data/alpha_team2/shares/llm_return/datasets/sina_cninfo_full_2010_2026/single_stock_cninfo_v1/classification_results_v1/event3_to_event3/classification/xlm_roberta_large_plain_body_mean_sgd_none_0.json	event_return_3d	event_return_3d
378	/data/alpha_team2/shares/llm_return/datasets/sina_cninfo_full_2010_2026/single_stock_cninfo_v1/embeddings	xlm_roberta_large	plain	body_mean	simple_mlp	none	0	/data/alpha_team2/shares/llm_return/datasets/sina_cninfo_full_2010_2026/single_stock_cninfo_v1/classification_results_v1/event3_to_event3/classification/xlm_roberta_large_plain_body_mean_simple_mlp_none_0.json	event_return_3d	event_return_3d
379	/data/alpha_team2/shares/llm_return/datasets/sina_cninfo_full_2010_2026/single_stock_cninfo_v1/embeddings	xlm_roberta_large	plain	body_mean	hist_gradient_boosting	none	0	/data/alpha_team2/shares/llm_return/datasets/sina_cninfo_full_2010_2026/single_stock_cninfo_v1/classification_results_v1/event3_to_event3/classification/xlm_roberta_large_plain_body_mean_hist_gradient_boosting_none_0.json	event_return_3d	event_return_3d
380	/data/alpha_team2/shares/llm_return/datasets/sina_cninfo_full_2010_2026/single_stock_cninfo_v1/embeddings	xlm_roberta_large	plain	title_body_mean	logistic	none	0	/data/alpha_team2/shares/llm_return/datasets/sina_cninfo_full_2010_2026/single_stock_cninfo_v1/classification_results_v1/event3_to_event3/classification/xlm_roberta_large_plain_title_body_mean_logistic_none_0.json	event_return_3d	event_return_3d
381	/data/alpha_team2/shares/llm_return/datasets/sina_cninfo_full_2010_2026/single_stock_cninfo_v1/embeddings	xlm_roberta_large	plain	title_body_mean	linear_svm	none	0	/data/alpha_team2/shares/llm_return/datasets/sina_cninfo_full_2010_2026/single_stock_cninfo_v1/classification_results_v1/event3_to_event3/classification/xlm_roberta_large_plain_title_body_mean_linear_svm_none_0.json	event_return_3d	event_return_3d
382	/data/alpha_team2/shares/llm_return/datasets/sina_cninfo_full_2010_2026/single_stock_cninfo_v1/embeddings	xlm_roberta_large	plain	title_body_mean	sgd	none	0	/data/alpha_team2/shares/llm_return/datasets/sina_cninfo_full_2010_2026/single_stock_cninfo_v1/classification_results_v1/event3_to_event3/classification/xlm_roberta_large_plain_title_body_mean_sgd_none_0.json	event_return_3d	event_return_3d
383	/data/alpha_team2/shares/llm_return/datasets/sina_cninfo_full_2010_2026/single_stock_cninfo_v1/embeddings	xlm_roberta_large	plain	title_body_mean	simple_mlp	none	0	/data/alpha_team2/shares/llm_return/datasets/sina_cninfo_full_2010_2026/single_stock_cninfo_v1/classification_results_v1/event3_to_event3/classification/xlm_roberta_large_plain_title_body_mean_simple_mlp_none_0.json	event_return_3d	event_return_3d
384	/data/alpha_team2/shares/llm_return/datasets/sina_cninfo_full_2010_2026/single_stock_cninfo_v1/embeddings	xlm_roberta_large	plain	title_body_mean	hist_gradient_boosting	none	0	/data/alpha_team2/shares/llm_return/datasets/sina_cninfo_full_2010_2026/single_stock_cninfo_v1/classification_results_v1/event3_to_event3/classification/xlm_roberta_large_plain_title_body_mean_hist_gradient_boosting_none_0.json	event_return_3d	event_return_3d
385	/data/alpha_team2/shares/llm_return/datasets/sina_cninfo_full_2010_2026/single_stock_cninfo_v1/embeddings	xlm_roberta_large	plain	full_mean	logistic	none	0	/data/alpha_team2/shares/llm_return/datasets/sina_cninfo_full_2010_2026/single_stock_cninfo_v1/classification_results_v1/event3_to_event3/classification/xlm_roberta_large_plain_full_mean_logistic_none_0.json	event_return_3d	event_return_3d
386	/data/alpha_team2/shares/llm_return/datasets/sina_cninfo_full_2010_2026/single_stock_cninfo_v1/embeddings	xlm_roberta_large	plain	full_mean	linear_svm	none	0	/data/alpha_team2/shares/llm_return/datasets/sina_cninfo_full_2010_2026/single_stock_cninfo_v1/classification_results_v1/event3_to_event3/classification/xlm_roberta_large_plain_full_mean_linear_svm_none_0.json	event_return_3d	event_return_3d
387	/data/alpha_team2/shares/llm_return/datasets/sina_cninfo_full_2010_2026/single_stock_cninfo_v1/embeddings	xlm_roberta_large	plain	full_mean	sgd	none	0	/data/alpha_team2/shares/llm_return/datasets/sina_cninfo_full_2010_2026/single_stock_cninfo_v1/classification_results_v1/event3_to_event3/classification/xlm_roberta_large_plain_full_mean_sgd_none_0.json	event_return_3d	event_return_3d
388	/data/alpha_team2/shares/llm_return/datasets/sina_cninfo_full_2010_2026/single_stock_cninfo_v1/embeddings	xlm_roberta_large	plain	full_mean	simple_mlp	none	0	/data/alpha_team2/shares/llm_return/datasets/sina_cninfo_full_2010_2026/single_stock_cninfo_v1/classification_results_v1/event3_to_event3/classification/xlm_roberta_large_plain_full_mean_simple_mlp_none_0.json	event_return_3d	event_return_3d
389	/data/alpha_team2/shares/llm_return/datasets/sina_cninfo_full_2010_2026/single_stock_cninfo_v1/embeddings	xlm_roberta_large	plain	full_mean	hist_gradient_boosting	none	0	/data/alpha_team2/shares/llm_return/datasets/sina_cninfo_full_2010_2026/single_stock_cninfo_v1/classification_results_v1/event3_to_event3/classification/xlm_roberta_large_plain_full_mean_hist_gradient_boosting_none_0.json	event_return_3d	event_return_3d
390	/data/alpha_team2/shares/llm_return/datasets/sina_cninfo_full_2010_2026/single_stock_cninfo_v1/embeddings	xlm_roberta_large	plain	cls	logistic	none	0	/data/alpha_team2/shares/llm_return/datasets/sina_cninfo_full_2010_2026/single_stock_cninfo_v1/classification_results_v1/event3_to_event3/classification/xlm_roberta_large_plain_cls_logistic_none_0.json	event_return_3d	event_return_3d
391	/data/alpha_team2/shares/llm_return/datasets/sina_cninfo_full_2010_2026/single_stock_cninfo_v1/embeddings	xlm_roberta_large	plain	cls	linear_svm	none	0	/data/alpha_team2/shares/llm_return/datasets/sina_cninfo_full_2010_2026/single_stock_cninfo_v1/classification_results_v1/event3_to_event3/classification/xlm_roberta_large_plain_cls_linear_svm_none_0.json	event_return_3d	event_return_3d
392	/data/alpha_team2/shares/llm_return/datasets/sina_cninfo_full_2010_2026/single_stock_cninfo_v1/embeddings	xlm_roberta_large	plain	cls	sgd	none	0	/data/alpha_team2/shares/llm_return/datasets/sina_cninfo_full_2010_2026/single_stock_cninfo_v1/classification_results_v1/event3_to_event3/classification/xlm_roberta_large_plain_cls_sgd_none_0.json	event_return_3d	event_return_3d
393	/data/alpha_team2/shares/llm_return/datasets/sina_cninfo_full_2010_2026/single_stock_cninfo_v1/embeddings	xlm_roberta_large	plain	cls	simple_mlp	none	0	/data/alpha_team2/shares/llm_return/datasets/sina_cninfo_full_2010_2026/single_stock_cninfo_v1/classification_results_v1/event3_to_event3/classification/xlm_roberta_large_plain_cls_simple_mlp_none_0.json	event_return_3d	event_return_3d
394	/data/alpha_team2/shares/llm_return/datasets/sina_cninfo_full_2010_2026/single_stock_cninfo_v1/embeddings	xlm_roberta_large	plain	cls	hist_gradient_boosting	none	0	/data/alpha_team2/shares/llm_return/datasets/sina_cninfo_full_2010_2026/single_stock_cninfo_v1/classification_results_v1/event3_to_event3/classification/xlm_roberta_large_plain_cls_hist_gradient_boosting_none_0.json	event_return_3d	event_return_3d
395	/data/alpha_team2/shares/llm_return/datasets/sina_cninfo_full_2010_2026/single_stock_cninfo_v1/embeddings	xlm_roberta_large	plain	full_max	logistic	none	0	/data/alpha_team2/shares/llm_return/datasets/sina_cninfo_full_2010_2026/single_stock_cninfo_v1/classification_results_v1/event3_to_event3/classification/xlm_roberta_large_plain_full_max_logistic_none_0.json	event_return_3d	event_return_3d
396	/data/alpha_team2/shares/llm_return/datasets/sina_cninfo_full_2010_2026/single_stock_cninfo_v1/embeddings	xlm_roberta_large	plain	full_max	linear_svm	none	0	/data/alpha_team2/shares/llm_return/datasets/sina_cninfo_full_2010_2026/single_stock_cninfo_v1/classification_results_v1/event3_to_event3/classification/xlm_roberta_large_plain_full_max_linear_svm_none_0.json	event_return_3d	event_return_3d
397	/data/alpha_team2/shares/llm_return/datasets/sina_cninfo_full_2010_2026/single_stock_cninfo_v1/embeddings	xlm_roberta_large	plain	full_max	sgd	none	0	/data/alpha_team2/shares/llm_return/datasets/sina_cninfo_full_2010_2026/single_stock_cninfo_v1/classification_results_v1/event3_to_event3/classification/xlm_roberta_large_plain_full_max_sgd_none_0.json	event_return_3d	event_return_3d
398	/data/alpha_team2/shares/llm_return/datasets/sina_cninfo_full_2010_2026/single_stock_cninfo_v1/embeddings	xlm_roberta_large	plain	full_max	simple_mlp	none	0	/data/alpha_team2/shares/llm_return/datasets/sina_cninfo_full_2010_2026/single_stock_cninfo_v1/classification_results_v1/event3_to_event3/classification/xlm_roberta_large_plain_full_max_simple_mlp_none_0.json	event_return_3d	event_return_3d
399	/data/alpha_team2/shares/llm_return/datasets/sina_cninfo_full_2010_2026/single_stock_cninfo_v1/embeddings	xlm_roberta_large	plain	full_max	hist_gradient_boosting	none	0	/data/alpha_team2/shares/llm_return/datasets/sina_cninfo_full_2010_2026/single_stock_cninfo_v1/classification_results_v1/event3_to_event3/classification/xlm_roberta_large_plain_full_max_hist_gradient_boosting_none_0.json	event_return_3d	event_return_3d
400	/data/alpha_team2/shares/llm_return/datasets/sina_cninfo_full_2010_2026/single_stock_cninfo_v1/embeddings	xlm_roberta_large	short	body_mean	logistic	none	0	/data/alpha_team2/shares/llm_return/datasets/sina_cninfo_full_2010_2026/single_stock_cninfo_v1/classification_results_v1/event3_to_event3/classification/xlm_roberta_large_short_body_mean_logistic_none_0.json	event_return_3d	event_return_3d
401	/data/alpha_team2/shares/llm_return/datasets/sina_cninfo_full_2010_2026/single_stock_cninfo_v1/embeddings	xlm_roberta_large	short	body_mean	linear_svm	none	0	/data/alpha_team2/shares/llm_return/datasets/sina_cninfo_full_2010_2026/single_stock_cninfo_v1/classification_results_v1/event3_to_event3/classification/xlm_roberta_large_short_body_mean_linear_svm_none_0.json	event_return_3d	event_return_3d
402	/data/alpha_team2/shares/llm_return/datasets/sina_cninfo_full_2010_2026/single_stock_cninfo_v1/embeddings	xlm_roberta_large	short	body_mean	sgd	none	0	/data/alpha_team2/shares/llm_return/datasets/sina_cninfo_full_2010_2026/single_stock_cninfo_v1/classification_results_v1/event3_to_event3/classification/xlm_roberta_large_short_body_mean_sgd_none_0.json	event_return_3d	event_return_3d
403	/data/alpha_team2/shares/llm_return/datasets/sina_cninfo_full_2010_2026/single_stock_cninfo_v1/embeddings	xlm_roberta_large	short	body_mean	simple_mlp	none	0	/data/alpha_team2/shares/llm_return/datasets/sina_cninfo_full_2010_2026/single_stock_cninfo_v1/classification_results_v1/event3_to_event3/classification/xlm_roberta_large_short_body_mean_simple_mlp_none_0.json	event_return_3d	event_return_3d
404	/data/alpha_team2/shares/llm_return/datasets/sina_cninfo_full_2010_2026/single_stock_cninfo_v1/embeddings	xlm_roberta_large	short	body_mean	hist_gradient_boosting	none	0	/data/alpha_team2/shares/llm_return/datasets/sina_cninfo_full_2010_2026/single_stock_cninfo_v1/classification_results_v1/event3_to_event3/classification/xlm_roberta_large_short_body_mean_hist_gradient_boosting_none_0.json	event_return_3d	event_return_3d
405	/data/alpha_team2/shares/llm_return/datasets/sina_cninfo_full_2010_2026/single_stock_cninfo_v1/embeddings	xlm_roberta_large	short	title_body_mean	logistic	none	0	/data/alpha_team2/shares/llm_return/datasets/sina_cninfo_full_2010_2026/single_stock_cninfo_v1/classification_results_v1/event3_to_event3/classification/xlm_roberta_large_short_title_body_mean_logistic_none_0.json	event_return_3d	event_return_3d
406	/data/alpha_team2/shares/llm_return/datasets/sina_cninfo_full_2010_2026/single_stock_cninfo_v1/embeddings	xlm_roberta_large	short	title_body_mean	linear_svm	none	0	/data/alpha_team2/shares/llm_return/datasets/sina_cninfo_full_2010_2026/single_stock_cninfo_v1/classification_results_v1/event3_to_event3/classification/xlm_roberta_large_short_title_body_mean_linear_svm_none_0.json	event_return_3d	event_return_3d
407	/data/alpha_team2/shares/llm_return/datasets/sina_cninfo_full_2010_2026/single_stock_cninfo_v1/embeddings	xlm_roberta_large	short	title_body_mean	sgd	none	0	/data/alpha_team2/shares/llm_return/datasets/sina_cninfo_full_2010_2026/single_stock_cninfo_v1/classification_results_v1/event3_to_event3/classification/xlm_roberta_large_short_title_body_mean_sgd_none_0.json	event_return_3d	event_return_3d
408	/data/alpha_team2/shares/llm_return/datasets/sina_cninfo_full_2010_2026/single_stock_cninfo_v1/embeddings	xlm_roberta_large	short	title_body_mean	simple_mlp	none	0	/data/alpha_team2/shares/llm_return/datasets/sina_cninfo_full_2010_2026/single_stock_cninfo_v1/classification_results_v1/event3_to_event3/classification/xlm_roberta_large_short_title_body_mean_simple_mlp_none_0.json	event_return_3d	event_return_3d
409	/data/alpha_team2/shares/llm_return/datasets/sina_cninfo_full_2010_2026/single_stock_cninfo_v1/embeddings	xlm_roberta_large	short	title_body_mean	hist_gradient_boosting	none	0	/data/alpha_team2/shares/llm_return/datasets/sina_cninfo_full_2010_2026/single_stock_cninfo_v1/classification_results_v1/event3_to_event3/classification/xlm_roberta_large_short_title_body_mean_hist_gradient_boosting_none_0.json	event_return_3d	event_return_3d
410	/data/alpha_team2/shares/llm_return/datasets/sina_cninfo_full_2010_2026/single_stock_cninfo_v1/embeddings	xlm_roberta_large	short	full_mean	logistic	none	0	/data/alpha_team2/shares/llm_return/datasets/sina_cninfo_full_2010_2026/single_stock_cninfo_v1/classification_results_v1/event3_to_event3/classification/xlm_roberta_large_short_full_mean_logistic_none_0.json	event_return_3d	event_return_3d
411	/data/alpha_team2/shares/llm_return/datasets/sina_cninfo_full_2010_2026/single_stock_cninfo_v1/embeddings	xlm_roberta_large	short	full_mean	linear_svm	none	0	/data/alpha_team2/shares/llm_return/datasets/sina_cninfo_full_2010_2026/single_stock_cninfo_v1/classification_results_v1/event3_to_event3/classification/xlm_roberta_large_short_full_mean_linear_svm_none_0.json	event_return_3d	event_return_3d
412	/data/alpha_team2/shares/llm_return/datasets/sina_cninfo_full_2010_2026/single_stock_cninfo_v1/embeddings	xlm_roberta_large	short	full_mean	sgd	none	0	/data/alpha_team2/shares/llm_return/datasets/sina_cninfo_full_2010_2026/single_stock_cninfo_v1/classification_results_v1/event3_to_event3/classification/xlm_roberta_large_short_full_mean_sgd_none_0.json	event_return_3d	event_return_3d
413	/data/alpha_team2/shares/llm_return/datasets/sina_cninfo_full_2010_2026/single_stock_cninfo_v1/embeddings	xlm_roberta_large	short	full_mean	simple_mlp	none	0	/data/alpha_team2/shares/llm_return/datasets/sina_cninfo_full_2010_2026/single_stock_cninfo_v1/classification_results_v1/event3_to_event3/classification/xlm_roberta_large_short_full_mean_simple_mlp_none_0.json	event_return_3d	event_return_3d
414	/data/alpha_team2/shares/llm_return/datasets/sina_cninfo_full_2010_2026/single_stock_cninfo_v1/embeddings	xlm_roberta_large	short	full_mean	hist_gradient_boosting	none	0	/data/alpha_team2/shares/llm_return/datasets/sina_cninfo_full_2010_2026/single_stock_cninfo_v1/classification_results_v1/event3_to_event3/classification/xlm_roberta_large_short_full_mean_hist_gradient_boosting_none_0.json	event_return_3d	event_return_3d
415	/data/alpha_team2/shares/llm_return/datasets/sina_cninfo_full_2010_2026/single_stock_cninfo_v1/embeddings	xlm_roberta_large	short	cls	logistic	none	0	/data/alpha_team2/shares/llm_return/datasets/sina_cninfo_full_2010_2026/single_stock_cninfo_v1/classification_results_v1/event3_to_event3/classification/xlm_roberta_large_short_cls_logistic_none_0.json	event_return_3d	event_return_3d
416	/data/alpha_team2/shares/llm_return/datasets/sina_cninfo_full_2010_2026/single_stock_cninfo_v1/embeddings	xlm_roberta_large	short	cls	linear_svm	none	0	/data/alpha_team2/shares/llm_return/datasets/sina_cninfo_full_2010_2026/single_stock_cninfo_v1/classification_results_v1/event3_to_event3/classification/xlm_roberta_large_short_cls_linear_svm_none_0.json	event_return_3d	event_return_3d
417	/data/alpha_team2/shares/llm_return/datasets/sina_cninfo_full_2010_2026/single_stock_cninfo_v1/embeddings	xlm_roberta_large	short	cls	sgd	none	0	/data/alpha_team2/shares/llm_return/datasets/sina_cninfo_full_2010_2026/single_stock_cninfo_v1/classification_results_v1/event3_to_event3/classification/xlm_roberta_large_short_cls_sgd_none_0.json	event_return_3d	event_return_3d
418	/data/alpha_team2/shares/llm_return/datasets/sina_cninfo_full_2010_2026/single_stock_cninfo_v1/embeddings	xlm_roberta_large	short	cls	simple_mlp	none	0	/data/alpha_team2/shares/llm_return/datasets/sina_cninfo_full_2010_2026/single_stock_cninfo_v1/classification_results_v1/event3_to_event3/classification/xlm_roberta_large_short_cls_simple_mlp_none_0.json	event_return_3d	event_return_3d
419	/data/alpha_team2/shares/llm_return/datasets/sina_cninfo_full_2010_2026/single_stock_cninfo_v1/embeddings	xlm_roberta_large	short	cls	hist_gradient_boosting	none	0	/data/alpha_team2/shares/llm_return/datasets/sina_cninfo_full_2010_2026/single_stock_cninfo_v1/classification_results_v1/event3_to_event3/classification/xlm_roberta_large_short_cls_hist_gradient_boosting_none_0.json	event_return_3d	event_return_3d
420	/data/alpha_team2/shares/llm_return/datasets/sina_cninfo_full_2010_2026/single_stock_cninfo_v1/embeddings	xlm_roberta_large	short	full_max	logistic	none	0	/data/alpha_team2/shares/llm_return/datasets/sina_cninfo_full_2010_2026/single_stock_cninfo_v1/classification_results_v1/event3_to_event3/classification/xlm_roberta_large_short_full_max_logistic_none_0.json	event_return_3d	event_return_3d
421	/data/alpha_team2/shares/llm_return/datasets/sina_cninfo_full_2010_2026/single_stock_cninfo_v1/embeddings	xlm_roberta_large	short	full_max	linear_svm	none	0	/data/alpha_team2/shares/llm_return/datasets/sina_cninfo_full_2010_2026/single_stock_cninfo_v1/classification_results_v1/event3_to_event3/classification/xlm_roberta_large_short_full_max_linear_svm_none_0.json	event_return_3d	event_return_3d
422	/data/alpha_team2/shares/llm_return/datasets/sina_cninfo_full_2010_2026/single_stock_cninfo_v1/embeddings	xlm_roberta_large	short	full_max	sgd	none	0	/data/alpha_team2/shares/llm_return/datasets/sina_cninfo_full_2010_2026/single_stock_cninfo_v1/classification_results_v1/event3_to_event3/classification/xlm_roberta_large_short_full_max_sgd_none_0.json	event_return_3d	event_return_3d
423	/data/alpha_team2/shares/llm_return/datasets/sina_cninfo_full_2010_2026/single_stock_cninfo_v1/embeddings	xlm_roberta_large	short	full_max	simple_mlp	none	0	/data/alpha_team2/shares/llm_return/datasets/sina_cninfo_full_2010_2026/single_stock_cninfo_v1/classification_results_v1/event3_to_event3/classification/xlm_roberta_large_short_full_max_simple_mlp_none_0.json	event_return_3d	event_return_3d
424	/data/alpha_team2/shares/llm_return/datasets/sina_cninfo_full_2010_2026/single_stock_cninfo_v1/embeddings	xlm_roberta_large	short	full_max	hist_gradient_boosting	none	0	/data/alpha_team2/shares/llm_return/datasets/sina_cninfo_full_2010_2026/single_stock_cninfo_v1/classification_results_v1/event3_to_event3/classification/xlm_roberta_large_short_full_max_hist_gradient_boosting_none_0.json	event_return_3d	event_return_3d
425	/data/alpha_team2/shares/llm_return/datasets/sina_cninfo_full_2010_2026/single_stock_cninfo_v1/embeddings	xlm_roberta_large	masked_short	body_mean	logistic	none	0	/data/alpha_team2/shares/llm_return/datasets/sina_cninfo_full_2010_2026/single_stock_cninfo_v1/classification_results_v1/event3_to_event3/classification/xlm_roberta_large_masked_short_body_mean_logistic_none_0.json	event_return_3d	event_return_3d
426	/data/alpha_team2/shares/llm_return/datasets/sina_cninfo_full_2010_2026/single_stock_cninfo_v1/embeddings	xlm_roberta_large	masked_short	body_mean	linear_svm	none	0	/data/alpha_team2/shares/llm_return/datasets/sina_cninfo_full_2010_2026/single_stock_cninfo_v1/classification_results_v1/event3_to_event3/classification/xlm_roberta_large_masked_short_body_mean_linear_svm_none_0.json	event_return_3d	event_return_3d
427	/data/alpha_team2/shares/llm_return/datasets/sina_cninfo_full_2010_2026/single_stock_cninfo_v1/embeddings	xlm_roberta_large	masked_short	body_mean	sgd	none	0	/data/alpha_team2/shares/llm_return/datasets/sina_cninfo_full_2010_2026/single_stock_cninfo_v1/classification_results_v1/event3_to_event3/classification/xlm_roberta_large_masked_short_body_mean_sgd_none_0.json	event_return_3d	event_return_3d
428	/data/alpha_team2/shares/llm_return/datasets/sina_cninfo_full_2010_2026/single_stock_cninfo_v1/embeddings	xlm_roberta_large	masked_short	body_mean	simple_mlp	none	0	/data/alpha_team2/shares/llm_return/datasets/sina_cninfo_full_2010_2026/single_stock_cninfo_v1/classification_results_v1/event3_to_event3/classification/xlm_roberta_large_masked_short_body_mean_simple_mlp_none_0.json	event_return_3d	event_return_3d
429	/data/alpha_team2/shares/llm_return/datasets/sina_cninfo_full_2010_2026/single_stock_cninfo_v1/embeddings	xlm_roberta_large	masked_short	body_mean	hist_gradient_boosting	none	0	/data/alpha_team2/shares/llm_return/datasets/sina_cninfo_full_2010_2026/single_stock_cninfo_v1/classification_results_v1/event3_to_event3/classification/xlm_roberta_large_masked_short_body_mean_hist_gradient_boosting_none_0.json	event_return_3d	event_return_3d
430	/data/alpha_team2/shares/llm_return/datasets/sina_cninfo_full_2010_2026/single_stock_cninfo_v1/embeddings	xlm_roberta_large	masked_short	title_body_mean	logistic	none	0	/data/alpha_team2/shares/llm_return/datasets/sina_cninfo_full_2010_2026/single_stock_cninfo_v1/classification_results_v1/event3_to_event3/classification/xlm_roberta_large_masked_short_title_body_mean_logistic_none_0.json	event_return_3d	event_return_3d
431	/data/alpha_team2/shares/llm_return/datasets/sina_cninfo_full_2010_2026/single_stock_cninfo_v1/embeddings	xlm_roberta_large	masked_short	title_body_mean	linear_svm	none	0	/data/alpha_team2/shares/llm_return/datasets/sina_cninfo_full_2010_2026/single_stock_cninfo_v1/classification_results_v1/event3_to_event3/classification/xlm_roberta_large_masked_short_title_body_mean_linear_svm_none_0.json	event_return_3d	event_return_3d
432	/data/alpha_team2/shares/llm_return/datasets/sina_cninfo_full_2010_2026/single_stock_cninfo_v1/embeddings	xlm_roberta_large	masked_short	title_body_mean	sgd	none	0	/data/alpha_team2/shares/llm_return/datasets/sina_cninfo_full_2010_2026/single_stock_cninfo_v1/classification_results_v1/event3_to_event3/classification/xlm_roberta_large_masked_short_title_body_mean_sgd_none_0.json	event_return_3d	event_return_3d
433	/data/alpha_team2/shares/llm_return/datasets/sina_cninfo_full_2010_2026/single_stock_cninfo_v1/embeddings	xlm_roberta_large	masked_short	title_body_mean	simple_mlp	none	0	/data/alpha_team2/shares/llm_return/datasets/sina_cninfo_full_2010_2026/single_stock_cninfo_v1/classification_results_v1/event3_to_event3/classification/xlm_roberta_large_masked_short_title_body_mean_simple_mlp_none_0.json	event_return_3d	event_return_3d
434	/data/alpha_team2/shares/llm_return/datasets/sina_cninfo_full_2010_2026/single_stock_cninfo_v1/embeddings	xlm_roberta_large	masked_short	title_body_mean	hist_gradient_boosting	none	0	/data/alpha_team2/shares/llm_return/datasets/sina_cninfo_full_2010_2026/single_stock_cninfo_v1/classification_results_v1/event3_to_event3/classification/xlm_roberta_large_masked_short_title_body_mean_hist_gradient_boosting_none_0.json	event_return_3d	event_return_3d
435	/data/alpha_team2/shares/llm_return/datasets/sina_cninfo_full_2010_2026/single_stock_cninfo_v1/embeddings	xlm_roberta_large	masked_short	full_mean	logistic	none	0	/data/alpha_team2/shares/llm_return/datasets/sina_cninfo_full_2010_2026/single_stock_cninfo_v1/classification_results_v1/event3_to_event3/classification/xlm_roberta_large_masked_short_full_mean_logistic_none_0.json	event_return_3d	event_return_3d
436	/data/alpha_team2/shares/llm_return/datasets/sina_cninfo_full_2010_2026/single_stock_cninfo_v1/embeddings	xlm_roberta_large	masked_short	full_mean	linear_svm	none	0	/data/alpha_team2/shares/llm_return/datasets/sina_cninfo_full_2010_2026/single_stock_cninfo_v1/classification_results_v1/event3_to_event3/classification/xlm_roberta_large_masked_short_full_mean_linear_svm_none_0.json	event_return_3d	event_return_3d
437	/data/alpha_team2/shares/llm_return/datasets/sina_cninfo_full_2010_2026/single_stock_cninfo_v1/embeddings	xlm_roberta_large	masked_short	full_mean	sgd	none	0	/data/alpha_team2/shares/llm_return/datasets/sina_cninfo_full_2010_2026/single_stock_cninfo_v1/classification_results_v1/event3_to_event3/classification/xlm_roberta_large_masked_short_full_mean_sgd_none_0.json	event_return_3d	event_return_3d
438	/data/alpha_team2/shares/llm_return/datasets/sina_cninfo_full_2010_2026/single_stock_cninfo_v1/embeddings	xlm_roberta_large	masked_short	full_mean	simple_mlp	none	0	/data/alpha_team2/shares/llm_return/datasets/sina_cninfo_full_2010_2026/single_stock_cninfo_v1/classification_results_v1/event3_to_event3/classification/xlm_roberta_large_masked_short_full_mean_simple_mlp_none_0.json	event_return_3d	event_return_3d
439	/data/alpha_team2/shares/llm_return/datasets/sina_cninfo_full_2010_2026/single_stock_cninfo_v1/embeddings	xlm_roberta_large	masked_short	full_mean	hist_gradient_boosting	none	0	/data/alpha_team2/shares/llm_return/datasets/sina_cninfo_full_2010_2026/single_stock_cninfo_v1/classification_results_v1/event3_to_event3/classification/xlm_roberta_large_masked_short_full_mean_hist_gradient_boosting_none_0.json	event_return_3d	event_return_3d
440	/data/alpha_team2/shares/llm_return/datasets/sina_cninfo_full_2010_2026/single_stock_cninfo_v1/embeddings	xlm_roberta_large	masked_short	cls	logistic	none	0	/data/alpha_team2/shares/llm_return/datasets/sina_cninfo_full_2010_2026/single_stock_cninfo_v1/classification_results_v1/event3_to_event3/classification/xlm_roberta_large_masked_short_cls_logistic_none_0.json	event_return_3d	event_return_3d
441	/data/alpha_team2/shares/llm_return/datasets/sina_cninfo_full_2010_2026/single_stock_cninfo_v1/embeddings	xlm_roberta_large	masked_short	cls	linear_svm	none	0	/data/alpha_team2/shares/llm_return/datasets/sina_cninfo_full_2010_2026/single_stock_cninfo_v1/classification_results_v1/event3_to_event3/classification/xlm_roberta_large_masked_short_cls_linear_svm_none_0.json	event_return_3d	event_return_3d
442	/data/alpha_team2/shares/llm_return/datasets/sina_cninfo_full_2010_2026/single_stock_cninfo_v1/embeddings	xlm_roberta_large	masked_short	cls	sgd	none	0	/data/alpha_team2/shares/llm_return/datasets/sina_cninfo_full_2010_2026/single_stock_cninfo_v1/classification_results_v1/event3_to_event3/classification/xlm_roberta_large_masked_short_cls_sgd_none_0.json	event_return_3d	event_return_3d
443	/data/alpha_team2/shares/llm_return/datasets/sina_cninfo_full_2010_2026/single_stock_cninfo_v1/embeddings	xlm_roberta_large	masked_short	cls	simple_mlp	none	0	/data/alpha_team2/shares/llm_return/datasets/sina_cninfo_full_2010_2026/single_stock_cninfo_v1/classification_results_v1/event3_to_event3/classification/xlm_roberta_large_masked_short_cls_simple_mlp_none_0.json	event_return_3d	event_return_3d
444	/data/alpha_team2/shares/llm_return/datasets/sina_cninfo_full_2010_2026/single_stock_cninfo_v1/embeddings	xlm_roberta_large	masked_short	cls	hist_gradient_boosting	none	0	/data/alpha_team2/shares/llm_return/datasets/sina_cninfo_full_2010_2026/single_stock_cninfo_v1/classification_results_v1/event3_to_event3/classification/xlm_roberta_large_masked_short_cls_hist_gradient_boosting_none_0.json	event_return_3d	event_return_3d
445	/data/alpha_team2/shares/llm_return/datasets/sina_cninfo_full_2010_2026/single_stock_cninfo_v1/embeddings	xlm_roberta_large	masked_short	full_max	logistic	none	0	/data/alpha_team2/shares/llm_return/datasets/sina_cninfo_full_2010_2026/single_stock_cninfo_v1/classification_results_v1/event3_to_event3/classification/xlm_roberta_large_masked_short_full_max_logistic_none_0.json	event_return_3d	event_return_3d
446	/data/alpha_team2/shares/llm_return/datasets/sina_cninfo_full_2010_2026/single_stock_cninfo_v1/embeddings	xlm_roberta_large	masked_short	full_max	linear_svm	none	0	/data/alpha_team2/shares/llm_return/datasets/sina_cninfo_full_2010_2026/single_stock_cninfo_v1/classification_results_v1/event3_to_event3/classification/xlm_roberta_large_masked_short_full_max_linear_svm_none_0.json	event_return_3d	event_return_3d
447	/data/alpha_team2/shares/llm_return/datasets/sina_cninfo_full_2010_2026/single_stock_cninfo_v1/embeddings	xlm_roberta_large	masked_short	full_max	sgd	none	0	/data/alpha_team2/shares/llm_return/datasets/sina_cninfo_full_2010_2026/single_stock_cninfo_v1/classification_results_v1/event3_to_event3/classification/xlm_roberta_large_masked_short_full_max_sgd_none_0.json	event_return_3d	event_return_3d
448	/data/alpha_team2/shares/llm_return/datasets/sina_cninfo_full_2010_2026/single_stock_cninfo_v1/embeddings	xlm_roberta_large	masked_short	full_max	simple_mlp	none	0	/data/alpha_team2/shares/llm_return/datasets/sina_cninfo_full_2010_2026/single_stock_cninfo_v1/classification_results_v1/event3_to_event3/classification/xlm_roberta_large_masked_short_full_max_simple_mlp_none_0.json	event_return_3d	event_return_3d
449	/data/alpha_team2/shares/llm_return/datasets/sina_cninfo_full_2010_2026/single_stock_cninfo_v1/embeddings	xlm_roberta_large	masked_short	full_max	hist_gradient_boosting	none	0	/data/alpha_team2/shares/llm_return/datasets/sina_cninfo_full_2010_2026/single_stock_cninfo_v1/classification_results_v1/event3_to_event3/classification/xlm_roberta_large_masked_short_full_max_hist_gradient_boosting_none_0.json	event_return_3d	event_return_3d
450	/data/alpha_team2/shares/llm_return/datasets/sina_cninfo_full_2010_2026/single_stock_cninfo_v1/embeddings	xlm_roberta_large	long	body_mean	logistic	none	0	/data/alpha_team2/shares/llm_return/datasets/sina_cninfo_full_2010_2026/single_stock_cninfo_v1/classification_results_v1/event3_to_event3/classification/xlm_roberta_large_long_body_mean_logistic_none_0.json	event_return_3d	event_return_3d
451	/data/alpha_team2/shares/llm_return/datasets/sina_cninfo_full_2010_2026/single_stock_cninfo_v1/embeddings	xlm_roberta_large	long	body_mean	linear_svm	none	0	/data/alpha_team2/shares/llm_return/datasets/sina_cninfo_full_2010_2026/single_stock_cninfo_v1/classification_results_v1/event3_to_event3/classification/xlm_roberta_large_long_body_mean_linear_svm_none_0.json	event_return_3d	event_return_3d
452	/data/alpha_team2/shares/llm_return/datasets/sina_cninfo_full_2010_2026/single_stock_cninfo_v1/embeddings	xlm_roberta_large	long	body_mean	sgd	none	0	/data/alpha_team2/shares/llm_return/datasets/sina_cninfo_full_2010_2026/single_stock_cninfo_v1/classification_results_v1/event3_to_event3/classification/xlm_roberta_large_long_body_mean_sgd_none_0.json	event_return_3d	event_return_3d
453	/data/alpha_team2/shares/llm_return/datasets/sina_cninfo_full_2010_2026/single_stock_cninfo_v1/embeddings	xlm_roberta_large	long	body_mean	simple_mlp	none	0	/data/alpha_team2/shares/llm_return/datasets/sina_cninfo_full_2010_2026/single_stock_cninfo_v1/classification_results_v1/event3_to_event3/classification/xlm_roberta_large_long_body_mean_simple_mlp_none_0.json	event_return_3d	event_return_3d
454	/data/alpha_team2/shares/llm_return/datasets/sina_cninfo_full_2010_2026/single_stock_cninfo_v1/embeddings	xlm_roberta_large	long	body_mean	hist_gradient_boosting	none	0	/data/alpha_team2/shares/llm_return/datasets/sina_cninfo_full_2010_2026/single_stock_cninfo_v1/classification_results_v1/event3_to_event3/classification/xlm_roberta_large_long_body_mean_hist_gradient_boosting_none_0.json	event_return_3d	event_return_3d
455	/data/alpha_team2/shares/llm_return/datasets/sina_cninfo_full_2010_2026/single_stock_cninfo_v1/embeddings	xlm_roberta_large	long	title_body_mean	logistic	none	0	/data/alpha_team2/shares/llm_return/datasets/sina_cninfo_full_2010_2026/single_stock_cninfo_v1/classification_results_v1/event3_to_event3/classification/xlm_roberta_large_long_title_body_mean_logistic_none_0.json	event_return_3d	event_return_3d
456	/data/alpha_team2/shares/llm_return/datasets/sina_cninfo_full_2010_2026/single_stock_cninfo_v1/embeddings	xlm_roberta_large	long	title_body_mean	linear_svm	none	0	/data/alpha_team2/shares/llm_return/datasets/sina_cninfo_full_2010_2026/single_stock_cninfo_v1/classification_results_v1/event3_to_event3/classification/xlm_roberta_large_long_title_body_mean_linear_svm_none_0.json	event_return_3d	event_return_3d
457	/data/alpha_team2/shares/llm_return/datasets/sina_cninfo_full_2010_2026/single_stock_cninfo_v1/embeddings	xlm_roberta_large	long	title_body_mean	sgd	none	0	/data/alpha_team2/shares/llm_return/datasets/sina_cninfo_full_2010_2026/single_stock_cninfo_v1/classification_results_v1/event3_to_event3/classification/xlm_roberta_large_long_title_body_mean_sgd_none_0.json	event_return_3d	event_return_3d
458	/data/alpha_team2/shares/llm_return/datasets/sina_cninfo_full_2010_2026/single_stock_cninfo_v1/embeddings	xlm_roberta_large	long	title_body_mean	simple_mlp	none	0	/data/alpha_team2/shares/llm_return/datasets/sina_cninfo_full_2010_2026/single_stock_cninfo_v1/classification_results_v1/event3_to_event3/classification/xlm_roberta_large_long_title_body_mean_simple_mlp_none_0.json	event_return_3d	event_return_3d
459	/data/alpha_team2/shares/llm_return/datasets/sina_cninfo_full_2010_2026/single_stock_cninfo_v1/embeddings	xlm_roberta_large	long	title_body_mean	hist_gradient_boosting	none	0	/data/alpha_team2/shares/llm_return/datasets/sina_cninfo_full_2010_2026/single_stock_cninfo_v1/classification_results_v1/event3_to_event3/classification/xlm_roberta_large_long_title_body_mean_hist_gradient_boosting_none_0.json	event_return_3d	event_return_3d
460	/data/alpha_team2/shares/llm_return/datasets/sina_cninfo_full_2010_2026/single_stock_cninfo_v1/embeddings	xlm_roberta_large	long	full_mean	logistic	none	0	/data/alpha_team2/shares/llm_return/datasets/sina_cninfo_full_2010_2026/single_stock_cninfo_v1/classification_results_v1/event3_to_event3/classification/xlm_roberta_large_long_full_mean_logistic_none_0.json	event_return_3d	event_return_3d
461	/data/alpha_team2/shares/llm_return/datasets/sina_cninfo_full_2010_2026/single_stock_cninfo_v1/embeddings	xlm_roberta_large	long	full_mean	linear_svm	none	0	/data/alpha_team2/shares/llm_return/datasets/sina_cninfo_full_2010_2026/single_stock_cninfo_v1/classification_results_v1/event3_to_event3/classification/xlm_roberta_large_long_full_mean_linear_svm_none_0.json	event_return_3d	event_return_3d
462	/data/alpha_team2/shares/llm_return/datasets/sina_cninfo_full_2010_2026/single_stock_cninfo_v1/embeddings	xlm_roberta_large	long	full_mean	sgd	none	0	/data/alpha_team2/shares/llm_return/datasets/sina_cninfo_full_2010_2026/single_stock_cninfo_v1/classification_results_v1/event3_to_event3/classification/xlm_roberta_large_long_full_mean_sgd_none_0.json	event_return_3d	event_return_3d
463	/data/alpha_team2/shares/llm_return/datasets/sina_cninfo_full_2010_2026/single_stock_cninfo_v1/embeddings	xlm_roberta_large	long	full_mean	simple_mlp	none	0	/data/alpha_team2/shares/llm_return/datasets/sina_cninfo_full_2010_2026/single_stock_cninfo_v1/classification_results_v1/event3_to_event3/classification/xlm_roberta_large_long_full_mean_simple_mlp_none_0.json	event_return_3d	event_return_3d
464	/data/alpha_team2/shares/llm_return/datasets/sina_cninfo_full_2010_2026/single_stock_cninfo_v1/embeddings	xlm_roberta_large	long	full_mean	hist_gradient_boosting	none	0	/data/alpha_team2/shares/llm_return/datasets/sina_cninfo_full_2010_2026/single_stock_cninfo_v1/classification_results_v1/event3_to_event3/classification/xlm_roberta_large_long_full_mean_hist_gradient_boosting_none_0.json	event_return_3d	event_return_3d
465	/data/alpha_team2/shares/llm_return/datasets/sina_cninfo_full_2010_2026/single_stock_cninfo_v1/embeddings	xlm_roberta_large	long	cls	logistic	none	0	/data/alpha_team2/shares/llm_return/datasets/sina_cninfo_full_2010_2026/single_stock_cninfo_v1/classification_results_v1/event3_to_event3/classification/xlm_roberta_large_long_cls_logistic_none_0.json	event_return_3d	event_return_3d
466	/data/alpha_team2/shares/llm_return/datasets/sina_cninfo_full_2010_2026/single_stock_cninfo_v1/embeddings	xlm_roberta_large	long	cls	linear_svm	none	0	/data/alpha_team2/shares/llm_return/datasets/sina_cninfo_full_2010_2026/single_stock_cninfo_v1/classification_results_v1/event3_to_event3/classification/xlm_roberta_large_long_cls_linear_svm_none_0.json	event_return_3d	event_return_3d
467	/data/alpha_team2/shares/llm_return/datasets/sina_cninfo_full_2010_2026/single_stock_cninfo_v1/embeddings	xlm_roberta_large	long	cls	sgd	none	0	/data/alpha_team2/shares/llm_return/datasets/sina_cninfo_full_2010_2026/single_stock_cninfo_v1/classification_results_v1/event3_to_event3/classification/xlm_roberta_large_long_cls_sgd_none_0.json	event_return_3d	event_return_3d
468	/data/alpha_team2/shares/llm_return/datasets/sina_cninfo_full_2010_2026/single_stock_cninfo_v1/embeddings	xlm_roberta_large	long	cls	simple_mlp	none	0	/data/alpha_team2/shares/llm_return/datasets/sina_cninfo_full_2010_2026/single_stock_cninfo_v1/classification_results_v1/event3_to_event3/classification/xlm_roberta_large_long_cls_simple_mlp_none_0.json	event_return_3d	event_return_3d
469	/data/alpha_team2/shares/llm_return/datasets/sina_cninfo_full_2010_2026/single_stock_cninfo_v1/embeddings	xlm_roberta_large	long	cls	hist_gradient_boosting	none	0	/data/alpha_team2/shares/llm_return/datasets/sina_cninfo_full_2010_2026/single_stock_cninfo_v1/classification_results_v1/event3_to_event3/classification/xlm_roberta_large_long_cls_hist_gradient_boosting_none_0.json	event_return_3d	event_return_3d
470	/data/alpha_team2/shares/llm_return/datasets/sina_cninfo_full_2010_2026/single_stock_cninfo_v1/embeddings	xlm_roberta_large	long	full_max	logistic	none	0	/data/alpha_team2/shares/llm_return/datasets/sina_cninfo_full_2010_2026/single_stock_cninfo_v1/classification_results_v1/event3_to_event3/classification/xlm_roberta_large_long_full_max_logistic_none_0.json	event_return_3d	event_return_3d
471	/data/alpha_team2/shares/llm_return/datasets/sina_cninfo_full_2010_2026/single_stock_cninfo_v1/embeddings	xlm_roberta_large	long	full_max	linear_svm	none	0	/data/alpha_team2/shares/llm_return/datasets/sina_cninfo_full_2010_2026/single_stock_cninfo_v1/classification_results_v1/event3_to_event3/classification/xlm_roberta_large_long_full_max_linear_svm_none_0.json	event_return_3d	event_return_3d
472	/data/alpha_team2/shares/llm_return/datasets/sina_cninfo_full_2010_2026/single_stock_cninfo_v1/embeddings	xlm_roberta_large	long	full_max	sgd	none	0	/data/alpha_team2/shares/llm_return/datasets/sina_cninfo_full_2010_2026/single_stock_cninfo_v1/classification_results_v1/event3_to_event3/classification/xlm_roberta_large_long_full_max_sgd_none_0.json	event_return_3d	event_return_3d
473	/data/alpha_team2/shares/llm_return/datasets/sina_cninfo_full_2010_2026/single_stock_cninfo_v1/embeddings	xlm_roberta_large	long	full_max	simple_mlp	none	0	/data/alpha_team2/shares/llm_return/datasets/sina_cninfo_full_2010_2026/single_stock_cninfo_v1/classification_results_v1/event3_to_event3/classification/xlm_roberta_large_long_full_max_simple_mlp_none_0.json	event_return_3d	event_return_3d
474	/data/alpha_team2/shares/llm_return/datasets/sina_cninfo_full_2010_2026/single_stock_cninfo_v1/embeddings	xlm_roberta_large	long	full_max	hist_gradient_boosting	none	0	/data/alpha_team2/shares/llm_return/datasets/sina_cninfo_full_2010_2026/single_stock_cninfo_v1/classification_results_v1/event3_to_event3/classification/xlm_roberta_large_long_full_max_hist_gradient_boosting_none_0.json	event_return_3d	event_return_3d
475	/data/alpha_team2/shares/llm_return/datasets/sina_cninfo_full_2010_2026/single_stock_cninfo_v1/embeddings	xlm_roberta_large	masked_long	body_mean	logistic	none	0	/data/alpha_team2/shares/llm_return/datasets/sina_cninfo_full_2010_2026/single_stock_cninfo_v1/classification_results_v1/event3_to_event3/classification/xlm_roberta_large_masked_long_body_mean_logistic_none_0.json	event_return_3d	event_return_3d
476	/data/alpha_team2/shares/llm_return/datasets/sina_cninfo_full_2010_2026/single_stock_cninfo_v1/embeddings	xlm_roberta_large	masked_long	body_mean	linear_svm	none	0	/data/alpha_team2/shares/llm_return/datasets/sina_cninfo_full_2010_2026/single_stock_cninfo_v1/classification_results_v1/event3_to_event3/classification/xlm_roberta_large_masked_long_body_mean_linear_svm_none_0.json	event_return_3d	event_return_3d
477	/data/alpha_team2/shares/llm_return/datasets/sina_cninfo_full_2010_2026/single_stock_cninfo_v1/embeddings	xlm_roberta_large	masked_long	body_mean	sgd	none	0	/data/alpha_team2/shares/llm_return/datasets/sina_cninfo_full_2010_2026/single_stock_cninfo_v1/classification_results_v1/event3_to_event3/classification/xlm_roberta_large_masked_long_body_mean_sgd_none_0.json	event_return_3d	event_return_3d
478	/data/alpha_team2/shares/llm_return/datasets/sina_cninfo_full_2010_2026/single_stock_cninfo_v1/embeddings	xlm_roberta_large	masked_long	body_mean	simple_mlp	none	0	/data/alpha_team2/shares/llm_return/datasets/sina_cninfo_full_2010_2026/single_stock_cninfo_v1/classification_results_v1/event3_to_event3/classification/xlm_roberta_large_masked_long_body_mean_simple_mlp_none_0.json	event_return_3d	event_return_3d
479	/data/alpha_team2/shares/llm_return/datasets/sina_cninfo_full_2010_2026/single_stock_cninfo_v1/embeddings	xlm_roberta_large	masked_long	body_mean	hist_gradient_boosting	none	0	/data/alpha_team2/shares/llm_return/datasets/sina_cninfo_full_2010_2026/single_stock_cninfo_v1/classification_results_v1/event3_to_event3/classification/xlm_roberta_large_masked_long_body_mean_hist_gradient_boosting_none_0.json	event_return_3d	event_return_3d
480	/data/alpha_team2/shares/llm_return/datasets/sina_cninfo_full_2010_2026/single_stock_cninfo_v1/embeddings	xlm_roberta_large	masked_long	title_body_mean	logistic	none	0	/data/alpha_team2/shares/llm_return/datasets/sina_cninfo_full_2010_2026/single_stock_cninfo_v1/classification_results_v1/event3_to_event3/classification/xlm_roberta_large_masked_long_title_body_mean_logistic_none_0.json	event_return_3d	event_return_3d
481	/data/alpha_team2/shares/llm_return/datasets/sina_cninfo_full_2010_2026/single_stock_cninfo_v1/embeddings	xlm_roberta_large	masked_long	title_body_mean	linear_svm	none	0	/data/alpha_team2/shares/llm_return/datasets/sina_cninfo_full_2010_2026/single_stock_cninfo_v1/classification_results_v1/event3_to_event3/classification/xlm_roberta_large_masked_long_title_body_mean_linear_svm_none_0.json	event_return_3d	event_return_3d
482	/data/alpha_team2/shares/llm_return/datasets/sina_cninfo_full_2010_2026/single_stock_cninfo_v1/embeddings	xlm_roberta_large	masked_long	title_body_mean	sgd	none	0	/data/alpha_team2/shares/llm_return/datasets/sina_cninfo_full_2010_2026/single_stock_cninfo_v1/classification_results_v1/event3_to_event3/classification/xlm_roberta_large_masked_long_title_body_mean_sgd_none_0.json	event_return_3d	event_return_3d
483	/data/alpha_team2/shares/llm_return/datasets/sina_cninfo_full_2010_2026/single_stock_cninfo_v1/embeddings	xlm_roberta_large	masked_long	title_body_mean	simple_mlp	none	0	/data/alpha_team2/shares/llm_return/datasets/sina_cninfo_full_2010_2026/single_stock_cninfo_v1/classification_results_v1/event3_to_event3/classification/xlm_roberta_large_masked_long_title_body_mean_simple_mlp_none_0.json	event_return_3d	event_return_3d
484	/data/alpha_team2/shares/llm_return/datasets/sina_cninfo_full_2010_2026/single_stock_cninfo_v1/embeddings	xlm_roberta_large	masked_long	title_body_mean	hist_gradient_boosting	none	0	/data/alpha_team2/shares/llm_return/datasets/sina_cninfo_full_2010_2026/single_stock_cninfo_v1/classification_results_v1/event3_to_event3/classification/xlm_roberta_large_masked_long_title_body_mean_hist_gradient_boosting_none_0.json	event_return_3d	event_return_3d
485	/data/alpha_team2/shares/llm_return/datasets/sina_cninfo_full_2010_2026/single_stock_cninfo_v1/embeddings	xlm_roberta_large	masked_long	full_mean	logistic	none	0	/data/alpha_team2/shares/llm_return/datasets/sina_cninfo_full_2010_2026/single_stock_cninfo_v1/classification_results_v1/event3_to_event3/classification/xlm_roberta_large_masked_long_full_mean_logistic_none_0.json	event_return_3d	event_return_3d
486	/data/alpha_team2/shares/llm_return/datasets/sina_cninfo_full_2010_2026/single_stock_cninfo_v1/embeddings	xlm_roberta_large	masked_long	full_mean	linear_svm	none	0	/data/alpha_team2/shares/llm_return/datasets/sina_cninfo_full_2010_2026/single_stock_cninfo_v1/classification_results_v1/event3_to_event3/classification/xlm_roberta_large_masked_long_full_mean_linear_svm_none_0.json	event_return_3d	event_return_3d
487	/data/alpha_team2/shares/llm_return/datasets/sina_cninfo_full_2010_2026/single_stock_cninfo_v1/embeddings	xlm_roberta_large	masked_long	full_mean	sgd	none	0	/data/alpha_team2/shares/llm_return/datasets/sina_cninfo_full_2010_2026/single_stock_cninfo_v1/classification_results_v1/event3_to_event3/classification/xlm_roberta_large_masked_long_full_mean_sgd_none_0.json	event_return_3d	event_return_3d
488	/data/alpha_team2/shares/llm_return/datasets/sina_cninfo_full_2010_2026/single_stock_cninfo_v1/embeddings	xlm_roberta_large	masked_long	full_mean	simple_mlp	none	0	/data/alpha_team2/shares/llm_return/datasets/sina_cninfo_full_2010_2026/single_stock_cninfo_v1/classification_results_v1/event3_to_event3/classification/xlm_roberta_large_masked_long_full_mean_simple_mlp_none_0.json	event_return_3d	event_return_3d
489	/data/alpha_team2/shares/llm_return/datasets/sina_cninfo_full_2010_2026/single_stock_cninfo_v1/embeddings	xlm_roberta_large	masked_long	full_mean	hist_gradient_boosting	none	0	/data/alpha_team2/shares/llm_return/datasets/sina_cninfo_full_2010_2026/single_stock_cninfo_v1/classification_results_v1/event3_to_event3/classification/xlm_roberta_large_masked_long_full_mean_hist_gradient_boosting_none_0.json	event_return_3d	event_return_3d
490	/data/alpha_team2/shares/llm_return/datasets/sina_cninfo_full_2010_2026/single_stock_cninfo_v1/embeddings	xlm_roberta_large	masked_long	cls	logistic	none	0	/data/alpha_team2/shares/llm_return/datasets/sina_cninfo_full_2010_2026/single_stock_cninfo_v1/classification_results_v1/event3_to_event3/classification/xlm_roberta_large_masked_long_cls_logistic_none_0.json	event_return_3d	event_return_3d
491	/data/alpha_team2/shares/llm_return/datasets/sina_cninfo_full_2010_2026/single_stock_cninfo_v1/embeddings	xlm_roberta_large	masked_long	cls	linear_svm	none	0	/data/alpha_team2/shares/llm_return/datasets/sina_cninfo_full_2010_2026/single_stock_cninfo_v1/classification_results_v1/event3_to_event3/classification/xlm_roberta_large_masked_long_cls_linear_svm_none_0.json	event_return_3d	event_return_3d
492	/data/alpha_team2/shares/llm_return/datasets/sina_cninfo_full_2010_2026/single_stock_cninfo_v1/embeddings	xlm_roberta_large	masked_long	cls	sgd	none	0	/data/alpha_team2/shares/llm_return/datasets/sina_cninfo_full_2010_2026/single_stock_cninfo_v1/classification_results_v1/event3_to_event3/classification/xlm_roberta_large_masked_long_cls_sgd_none_0.json	event_return_3d	event_return_3d
493	/data/alpha_team2/shares/llm_return/datasets/sina_cninfo_full_2010_2026/single_stock_cninfo_v1/embeddings	xlm_roberta_large	masked_long	cls	simple_mlp	none	0	/data/alpha_team2/shares/llm_return/datasets/sina_cninfo_full_2010_2026/single_stock_cninfo_v1/classification_results_v1/event3_to_event3/classification/xlm_roberta_large_masked_long_cls_simple_mlp_none_0.json	event_return_3d	event_return_3d
494	/data/alpha_team2/shares/llm_return/datasets/sina_cninfo_full_2010_2026/single_stock_cninfo_v1/embeddings	xlm_roberta_large	masked_long	cls	hist_gradient_boosting	none	0	/data/alpha_team2/shares/llm_return/datasets/sina_cninfo_full_2010_2026/single_stock_cninfo_v1/classification_results_v1/event3_to_event3/classification/xlm_roberta_large_masked_long_cls_hist_gradient_boosting_none_0.json	event_return_3d	event_return_3d
495	/data/alpha_team2/shares/llm_return/datasets/sina_cninfo_full_2010_2026/single_stock_cninfo_v1/embeddings	xlm_roberta_large	masked_long	full_max	logistic	none	0	/data/alpha_team2/shares/llm_return/datasets/sina_cninfo_full_2010_2026/single_stock_cninfo_v1/classification_results_v1/event3_to_event3/classification/xlm_roberta_large_masked_long_full_max_logistic_none_0.json	event_return_3d	event_return_3d
496	/data/alpha_team2/shares/llm_return/datasets/sina_cninfo_full_2010_2026/single_stock_cninfo_v1/embeddings	xlm_roberta_large	masked_long	full_max	linear_svm	none	0	/data/alpha_team2/shares/llm_return/datasets/sina_cninfo_full_2010_2026/single_stock_cninfo_v1/classification_results_v1/event3_to_event3/classification/xlm_roberta_large_masked_long_full_max_linear_svm_none_0.json	event_return_3d	event_return_3d
497	/data/alpha_team2/shares/llm_return/datasets/sina_cninfo_full_2010_2026/single_stock_cninfo_v1/embeddings	xlm_roberta_large	masked_long	full_max	sgd	none	0	/data/alpha_team2/shares/llm_return/datasets/sina_cninfo_full_2010_2026/single_stock_cninfo_v1/classification_results_v1/event3_to_event3/classification/xlm_roberta_large_masked_long_full_max_sgd_none_0.json	event_return_3d	event_return_3d
498	/data/alpha_team2/shares/llm_return/datasets/sina_cninfo_full_2010_2026/single_stock_cninfo_v1/embeddings	xlm_roberta_large	masked_long	full_max	simple_mlp	none	0	/data/alpha_team2/shares/llm_return/datasets/sina_cninfo_full_2010_2026/single_stock_cninfo_v1/classification_results_v1/event3_to_event3/classification/xlm_roberta_large_masked_long_full_max_simple_mlp_none_0.json	event_return_3d	event_return_3d
499	/data/alpha_team2/shares/llm_return/datasets/sina_cninfo_full_2010_2026/single_stock_cninfo_v1/embeddings	xlm_roberta_large	masked_long	full_max	hist_gradient_boosting	none	0	/data/alpha_team2/shares/llm_return/datasets/sina_cninfo_full_2010_2026/single_stock_cninfo_v1/classification_results_v1/event3_to_event3/classification/xlm_roberta_large_masked_long_full_max_hist_gradient_boosting_none_0.json	event_return_3d	event_return_3d
500	/data/alpha_team2/shares/llm_return/datasets/sina_cninfo_full_2010_2026/single_stock_cninfo_v1/embeddings	roberta	plain	body_mean	logistic	none	0	/data/alpha_team2/shares/llm_return/datasets/sina_cninfo_full_2010_2026/single_stock_cninfo_v1/classification_results_v1/next1_to_next1/classification/roberta_plain_body_mean_logistic_none_0.json	next_day_return	next_day_return
501	/data/alpha_team2/shares/llm_return/datasets/sina_cninfo_full_2010_2026/single_stock_cninfo_v1/embeddings	roberta	plain	body_mean	linear_svm	none	0	/data/alpha_team2/shares/llm_return/datasets/sina_cninfo_full_2010_2026/single_stock_cninfo_v1/classification_results_v1/next1_to_next1/classification/roberta_plain_body_mean_linear_svm_none_0.json	next_day_return	next_day_return
502	/data/alpha_team2/shares/llm_return/datasets/sina_cninfo_full_2010_2026/single_stock_cninfo_v1/embeddings	roberta	plain	body_mean	sgd	none	0	/data/alpha_team2/shares/llm_return/datasets/sina_cninfo_full_2010_2026/single_stock_cninfo_v1/classification_results_v1/next1_to_next1/classification/roberta_plain_body_mean_sgd_none_0.json	next_day_return	next_day_return
503	/data/alpha_team2/shares/llm_return/datasets/sina_cninfo_full_2010_2026/single_stock_cninfo_v1/embeddings	roberta	plain	body_mean	simple_mlp	none	0	/data/alpha_team2/shares/llm_return/datasets/sina_cninfo_full_2010_2026/single_stock_cninfo_v1/classification_results_v1/next1_to_next1/classification/roberta_plain_body_mean_simple_mlp_none_0.json	next_day_return	next_day_return
504	/data/alpha_team2/shares/llm_return/datasets/sina_cninfo_full_2010_2026/single_stock_cninfo_v1/embeddings	roberta	plain	body_mean	hist_gradient_boosting	none	0	/data/alpha_team2/shares/llm_return/datasets/sina_cninfo_full_2010_2026/single_stock_cninfo_v1/classification_results_v1/next1_to_next1/classification/roberta_plain_body_mean_hist_gradient_boosting_none_0.json	next_day_return	next_day_return
505	/data/alpha_team2/shares/llm_return/datasets/sina_cninfo_full_2010_2026/single_stock_cninfo_v1/embeddings	roberta	plain	title_body_mean	logistic	none	0	/data/alpha_team2/shares/llm_return/datasets/sina_cninfo_full_2010_2026/single_stock_cninfo_v1/classification_results_v1/next1_to_next1/classification/roberta_plain_title_body_mean_logistic_none_0.json	next_day_return	next_day_return
506	/data/alpha_team2/shares/llm_return/datasets/sina_cninfo_full_2010_2026/single_stock_cninfo_v1/embeddings	roberta	plain	title_body_mean	linear_svm	none	0	/data/alpha_team2/shares/llm_return/datasets/sina_cninfo_full_2010_2026/single_stock_cninfo_v1/classification_results_v1/next1_to_next1/classification/roberta_plain_title_body_mean_linear_svm_none_0.json	next_day_return	next_day_return
507	/data/alpha_team2/shares/llm_return/datasets/sina_cninfo_full_2010_2026/single_stock_cninfo_v1/embeddings	roberta	plain	title_body_mean	sgd	none	0	/data/alpha_team2/shares/llm_return/datasets/sina_cninfo_full_2010_2026/single_stock_cninfo_v1/classification_results_v1/next1_to_next1/classification/roberta_plain_title_body_mean_sgd_none_0.json	next_day_return	next_day_return
508	/data/alpha_team2/shares/llm_return/datasets/sina_cninfo_full_2010_2026/single_stock_cninfo_v1/embeddings	roberta	plain	title_body_mean	simple_mlp	none	0	/data/alpha_team2/shares/llm_return/datasets/sina_cninfo_full_2010_2026/single_stock_cninfo_v1/classification_results_v1/next1_to_next1/classification/roberta_plain_title_body_mean_simple_mlp_none_0.json	next_day_return	next_day_return
509	/data/alpha_team2/shares/llm_return/datasets/sina_cninfo_full_2010_2026/single_stock_cninfo_v1/embeddings	roberta	plain	title_body_mean	hist_gradient_boosting	none	0	/data/alpha_team2/shares/llm_return/datasets/sina_cninfo_full_2010_2026/single_stock_cninfo_v1/classification_results_v1/next1_to_next1/classification/roberta_plain_title_body_mean_hist_gradient_boosting_none_0.json	next_day_return	next_day_return
510	/data/alpha_team2/shares/llm_return/datasets/sina_cninfo_full_2010_2026/single_stock_cninfo_v1/embeddings	roberta	plain	full_mean	logistic	none	0	/data/alpha_team2/shares/llm_return/datasets/sina_cninfo_full_2010_2026/single_stock_cninfo_v1/classification_results_v1/next1_to_next1/classification/roberta_plain_full_mean_logistic_none_0.json	next_day_return	next_day_return
511	/data/alpha_team2/shares/llm_return/datasets/sina_cninfo_full_2010_2026/single_stock_cninfo_v1/embeddings	roberta	plain	full_mean	linear_svm	none	0	/data/alpha_team2/shares/llm_return/datasets/sina_cninfo_full_2010_2026/single_stock_cninfo_v1/classification_results_v1/next1_to_next1/classification/roberta_plain_full_mean_linear_svm_none_0.json	next_day_return	next_day_return
512	/data/alpha_team2/shares/llm_return/datasets/sina_cninfo_full_2010_2026/single_stock_cninfo_v1/embeddings	roberta	plain	full_mean	sgd	none	0	/data/alpha_team2/shares/llm_return/datasets/sina_cninfo_full_2010_2026/single_stock_cninfo_v1/classification_results_v1/next1_to_next1/classification/roberta_plain_full_mean_sgd_none_0.json	next_day_return	next_day_return
513	/data/alpha_team2/shares/llm_return/datasets/sina_cninfo_full_2010_2026/single_stock_cninfo_v1/embeddings	roberta	plain	full_mean	simple_mlp	none	0	/data/alpha_team2/shares/llm_return/datasets/sina_cninfo_full_2010_2026/single_stock_cninfo_v1/classification_results_v1/next1_to_next1/classification/roberta_plain_full_mean_simple_mlp_none_0.json	next_day_return	next_day_return
514	/data/alpha_team2/shares/llm_return/datasets/sina_cninfo_full_2010_2026/single_stock_cninfo_v1/embeddings	roberta	plain	full_mean	hist_gradient_boosting	none	0	/data/alpha_team2/shares/llm_return/datasets/sina_cninfo_full_2010_2026/single_stock_cninfo_v1/classification_results_v1/next1_to_next1/classification/roberta_plain_full_mean_hist_gradient_boosting_none_0.json	next_day_return	next_day_return
515	/data/alpha_team2/shares/llm_return/datasets/sina_cninfo_full_2010_2026/single_stock_cninfo_v1/embeddings	roberta	plain	cls	logistic	none	0	/data/alpha_team2/shares/llm_return/datasets/sina_cninfo_full_2010_2026/single_stock_cninfo_v1/classification_results_v1/next1_to_next1/classification/roberta_plain_cls_logistic_none_0.json	next_day_return	next_day_return
516	/data/alpha_team2/shares/llm_return/datasets/sina_cninfo_full_2010_2026/single_stock_cninfo_v1/embeddings	roberta	plain	cls	linear_svm	none	0	/data/alpha_team2/shares/llm_return/datasets/sina_cninfo_full_2010_2026/single_stock_cninfo_v1/classification_results_v1/next1_to_next1/classification/roberta_plain_cls_linear_svm_none_0.json	next_day_return	next_day_return
517	/data/alpha_team2/shares/llm_return/datasets/sina_cninfo_full_2010_2026/single_stock_cninfo_v1/embeddings	roberta	plain	cls	sgd	none	0	/data/alpha_team2/shares/llm_return/datasets/sina_cninfo_full_2010_2026/single_stock_cninfo_v1/classification_results_v1/next1_to_next1/classification/roberta_plain_cls_sgd_none_0.json	next_day_return	next_day_return
518	/data/alpha_team2/shares/llm_return/datasets/sina_cninfo_full_2010_2026/single_stock_cninfo_v1/embeddings	roberta	plain	cls	simple_mlp	none	0	/data/alpha_team2/shares/llm_return/datasets/sina_cninfo_full_2010_2026/single_stock_cninfo_v1/classification_results_v1/next1_to_next1/classification/roberta_plain_cls_simple_mlp_none_0.json	next_day_return	next_day_return
519	/data/alpha_team2/shares/llm_return/datasets/sina_cninfo_full_2010_2026/single_stock_cninfo_v1/embeddings	roberta	plain	cls	hist_gradient_boosting	none	0	/data/alpha_team2/shares/llm_return/datasets/sina_cninfo_full_2010_2026/single_stock_cninfo_v1/classification_results_v1/next1_to_next1/classification/roberta_plain_cls_hist_gradient_boosting_none_0.json	next_day_return	next_day_return
520	/data/alpha_team2/shares/llm_return/datasets/sina_cninfo_full_2010_2026/single_stock_cninfo_v1/embeddings	roberta	plain	full_max	logistic	none	0	/data/alpha_team2/shares/llm_return/datasets/sina_cninfo_full_2010_2026/single_stock_cninfo_v1/classification_results_v1/next1_to_next1/classification/roberta_plain_full_max_logistic_none_0.json	next_day_return	next_day_return
521	/data/alpha_team2/shares/llm_return/datasets/sina_cninfo_full_2010_2026/single_stock_cninfo_v1/embeddings	roberta	plain	full_max	linear_svm	none	0	/data/alpha_team2/shares/llm_return/datasets/sina_cninfo_full_2010_2026/single_stock_cninfo_v1/classification_results_v1/next1_to_next1/classification/roberta_plain_full_max_linear_svm_none_0.json	next_day_return	next_day_return
522	/data/alpha_team2/shares/llm_return/datasets/sina_cninfo_full_2010_2026/single_stock_cninfo_v1/embeddings	roberta	plain	full_max	sgd	none	0	/data/alpha_team2/shares/llm_return/datasets/sina_cninfo_full_2010_2026/single_stock_cninfo_v1/classification_results_v1/next1_to_next1/classification/roberta_plain_full_max_sgd_none_0.json	next_day_return	next_day_return
523	/data/alpha_team2/shares/llm_return/datasets/sina_cninfo_full_2010_2026/single_stock_cninfo_v1/embeddings	roberta	plain	full_max	simple_mlp	none	0	/data/alpha_team2/shares/llm_return/datasets/sina_cninfo_full_2010_2026/single_stock_cninfo_v1/classification_results_v1/next1_to_next1/classification/roberta_plain_full_max_simple_mlp_none_0.json	next_day_return	next_day_return
524	/data/alpha_team2/shares/llm_return/datasets/sina_cninfo_full_2010_2026/single_stock_cninfo_v1/embeddings	roberta	plain	full_max	hist_gradient_boosting	none	0	/data/alpha_team2/shares/llm_return/datasets/sina_cninfo_full_2010_2026/single_stock_cninfo_v1/classification_results_v1/next1_to_next1/classification/roberta_plain_full_max_hist_gradient_boosting_none_0.json	next_day_return	next_day_return
525	/data/alpha_team2/shares/llm_return/datasets/sina_cninfo_full_2010_2026/single_stock_cninfo_v1/embeddings	roberta	short	body_mean	logistic	none	0	/data/alpha_team2/shares/llm_return/datasets/sina_cninfo_full_2010_2026/single_stock_cninfo_v1/classification_results_v1/next1_to_next1/classification/roberta_short_body_mean_logistic_none_0.json	next_day_return	next_day_return
526	/data/alpha_team2/shares/llm_return/datasets/sina_cninfo_full_2010_2026/single_stock_cninfo_v1/embeddings	roberta	short	body_mean	linear_svm	none	0	/data/alpha_team2/shares/llm_return/datasets/sina_cninfo_full_2010_2026/single_stock_cninfo_v1/classification_results_v1/next1_to_next1/classification/roberta_short_body_mean_linear_svm_none_0.json	next_day_return	next_day_return
527	/data/alpha_team2/shares/llm_return/datasets/sina_cninfo_full_2010_2026/single_stock_cninfo_v1/embeddings	roberta	short	body_mean	sgd	none	0	/data/alpha_team2/shares/llm_return/datasets/sina_cninfo_full_2010_2026/single_stock_cninfo_v1/classification_results_v1/next1_to_next1/classification/roberta_short_body_mean_sgd_none_0.json	next_day_return	next_day_return
528	/data/alpha_team2/shares/llm_return/datasets/sina_cninfo_full_2010_2026/single_stock_cninfo_v1/embeddings	roberta	short	body_mean	simple_mlp	none	0	/data/alpha_team2/shares/llm_return/datasets/sina_cninfo_full_2010_2026/single_stock_cninfo_v1/classification_results_v1/next1_to_next1/classification/roberta_short_body_mean_simple_mlp_none_0.json	next_day_return	next_day_return
529	/data/alpha_team2/shares/llm_return/datasets/sina_cninfo_full_2010_2026/single_stock_cninfo_v1/embeddings	roberta	short	body_mean	hist_gradient_boosting	none	0	/data/alpha_team2/shares/llm_return/datasets/sina_cninfo_full_2010_2026/single_stock_cninfo_v1/classification_results_v1/next1_to_next1/classification/roberta_short_body_mean_hist_gradient_boosting_none_0.json	next_day_return	next_day_return
530	/data/alpha_team2/shares/llm_return/datasets/sina_cninfo_full_2010_2026/single_stock_cninfo_v1/embeddings	roberta	short	title_body_mean	logistic	none	0	/data/alpha_team2/shares/llm_return/datasets/sina_cninfo_full_2010_2026/single_stock_cninfo_v1/classification_results_v1/next1_to_next1/classification/roberta_short_title_body_mean_logistic_none_0.json	next_day_return	next_day_return
531	/data/alpha_team2/shares/llm_return/datasets/sina_cninfo_full_2010_2026/single_stock_cninfo_v1/embeddings	roberta	short	title_body_mean	linear_svm	none	0	/data/alpha_team2/shares/llm_return/datasets/sina_cninfo_full_2010_2026/single_stock_cninfo_v1/classification_results_v1/next1_to_next1/classification/roberta_short_title_body_mean_linear_svm_none_0.json	next_day_return	next_day_return
532	/data/alpha_team2/shares/llm_return/datasets/sina_cninfo_full_2010_2026/single_stock_cninfo_v1/embeddings	roberta	short	title_body_mean	sgd	none	0	/data/alpha_team2/shares/llm_return/datasets/sina_cninfo_full_2010_2026/single_stock_cninfo_v1/classification_results_v1/next1_to_next1/classification/roberta_short_title_body_mean_sgd_none_0.json	next_day_return	next_day_return
533	/data/alpha_team2/shares/llm_return/datasets/sina_cninfo_full_2010_2026/single_stock_cninfo_v1/embeddings	roberta	short	title_body_mean	simple_mlp	none	0	/data/alpha_team2/shares/llm_return/datasets/sina_cninfo_full_2010_2026/single_stock_cninfo_v1/classification_results_v1/next1_to_next1/classification/roberta_short_title_body_mean_simple_mlp_none_0.json	next_day_return	next_day_return
534	/data/alpha_team2/shares/llm_return/datasets/sina_cninfo_full_2010_2026/single_stock_cninfo_v1/embeddings	roberta	short	title_body_mean	hist_gradient_boosting	none	0	/data/alpha_team2/shares/llm_return/datasets/sina_cninfo_full_2010_2026/single_stock_cninfo_v1/classification_results_v1/next1_to_next1/classification/roberta_short_title_body_mean_hist_gradient_boosting_none_0.json	next_day_return	next_day_return
535	/data/alpha_team2/shares/llm_return/datasets/sina_cninfo_full_2010_2026/single_stock_cninfo_v1/embeddings	roberta	short	full_mean	logistic	none	0	/data/alpha_team2/shares/llm_return/datasets/sina_cninfo_full_2010_2026/single_stock_cninfo_v1/classification_results_v1/next1_to_next1/classification/roberta_short_full_mean_logistic_none_0.json	next_day_return	next_day_return
536	/data/alpha_team2/shares/llm_return/datasets/sina_cninfo_full_2010_2026/single_stock_cninfo_v1/embeddings	roberta	short	full_mean	linear_svm	none	0	/data/alpha_team2/shares/llm_return/datasets/sina_cninfo_full_2010_2026/single_stock_cninfo_v1/classification_results_v1/next1_to_next1/classification/roberta_short_full_mean_linear_svm_none_0.json	next_day_return	next_day_return
537	/data/alpha_team2/shares/llm_return/datasets/sina_cninfo_full_2010_2026/single_stock_cninfo_v1/embeddings	roberta	short	full_mean	sgd	none	0	/data/alpha_team2/shares/llm_return/datasets/sina_cninfo_full_2010_2026/single_stock_cninfo_v1/classification_results_v1/next1_to_next1/classification/roberta_short_full_mean_sgd_none_0.json	next_day_return	next_day_return
538	/data/alpha_team2/shares/llm_return/datasets/sina_cninfo_full_2010_2026/single_stock_cninfo_v1/embeddings	roberta	short	full_mean	simple_mlp	none	0	/data/alpha_team2/shares/llm_return/datasets/sina_cninfo_full_2010_2026/single_stock_cninfo_v1/classification_results_v1/next1_to_next1/classification/roberta_short_full_mean_simple_mlp_none_0.json	next_day_return	next_day_return
539	/data/alpha_team2/shares/llm_return/datasets/sina_cninfo_full_2010_2026/single_stock_cninfo_v1/embeddings	roberta	short	full_mean	hist_gradient_boosting	none	0	/data/alpha_team2/shares/llm_return/datasets/sina_cninfo_full_2010_2026/single_stock_cninfo_v1/classification_results_v1/next1_to_next1/classification/roberta_short_full_mean_hist_gradient_boosting_none_0.json	next_day_return	next_day_return
540	/data/alpha_team2/shares/llm_return/datasets/sina_cninfo_full_2010_2026/single_stock_cninfo_v1/embeddings	roberta	short	cls	logistic	none	0	/data/alpha_team2/shares/llm_return/datasets/sina_cninfo_full_2010_2026/single_stock_cninfo_v1/classification_results_v1/next1_to_next1/classification/roberta_short_cls_logistic_none_0.json	next_day_return	next_day_return
541	/data/alpha_team2/shares/llm_return/datasets/sina_cninfo_full_2010_2026/single_stock_cninfo_v1/embeddings	roberta	short	cls	linear_svm	none	0	/data/alpha_team2/shares/llm_return/datasets/sina_cninfo_full_2010_2026/single_stock_cninfo_v1/classification_results_v1/next1_to_next1/classification/roberta_short_cls_linear_svm_none_0.json	next_day_return	next_day_return
542	/data/alpha_team2/shares/llm_return/datasets/sina_cninfo_full_2010_2026/single_stock_cninfo_v1/embeddings	roberta	short	cls	sgd	none	0	/data/alpha_team2/shares/llm_return/datasets/sina_cninfo_full_2010_2026/single_stock_cninfo_v1/classification_results_v1/next1_to_next1/classification/roberta_short_cls_sgd_none_0.json	next_day_return	next_day_return
543	/data/alpha_team2/shares/llm_return/datasets/sina_cninfo_full_2010_2026/single_stock_cninfo_v1/embeddings	roberta	short	cls	simple_mlp	none	0	/data/alpha_team2/shares/llm_return/datasets/sina_cninfo_full_2010_2026/single_stock_cninfo_v1/classification_results_v1/next1_to_next1/classification/roberta_short_cls_simple_mlp_none_0.json	next_day_return	next_day_return
544	/data/alpha_team2/shares/llm_return/datasets/sina_cninfo_full_2010_2026/single_stock_cninfo_v1/embeddings	roberta	short	cls	hist_gradient_boosting	none	0	/data/alpha_team2/shares/llm_return/datasets/sina_cninfo_full_2010_2026/single_stock_cninfo_v1/classification_results_v1/next1_to_next1/classification/roberta_short_cls_hist_gradient_boosting_none_0.json	next_day_return	next_day_return
545	/data/alpha_team2/shares/llm_return/datasets/sina_cninfo_full_2010_2026/single_stock_cninfo_v1/embeddings	roberta	short	full_max	logistic	none	0	/data/alpha_team2/shares/llm_return/datasets/sina_cninfo_full_2010_2026/single_stock_cninfo_v1/classification_results_v1/next1_to_next1/classification/roberta_short_full_max_logistic_none_0.json	next_day_return	next_day_return
546	/data/alpha_team2/shares/llm_return/datasets/sina_cninfo_full_2010_2026/single_stock_cninfo_v1/embeddings	roberta	short	full_max	linear_svm	none	0	/data/alpha_team2/shares/llm_return/datasets/sina_cninfo_full_2010_2026/single_stock_cninfo_v1/classification_results_v1/next1_to_next1/classification/roberta_short_full_max_linear_svm_none_0.json	next_day_return	next_day_return
547	/data/alpha_team2/shares/llm_return/datasets/sina_cninfo_full_2010_2026/single_stock_cninfo_v1/embeddings	roberta	short	full_max	sgd	none	0	/data/alpha_team2/shares/llm_return/datasets/sina_cninfo_full_2010_2026/single_stock_cninfo_v1/classification_results_v1/next1_to_next1/classification/roberta_short_full_max_sgd_none_0.json	next_day_return	next_day_return
548	/data/alpha_team2/shares/llm_return/datasets/sina_cninfo_full_2010_2026/single_stock_cninfo_v1/embeddings	roberta	short	full_max	simple_mlp	none	0	/data/alpha_team2/shares/llm_return/datasets/sina_cninfo_full_2010_2026/single_stock_cninfo_v1/classification_results_v1/next1_to_next1/classification/roberta_short_full_max_simple_mlp_none_0.json	next_day_return	next_day_return
549	/data/alpha_team2/shares/llm_return/datasets/sina_cninfo_full_2010_2026/single_stock_cninfo_v1/embeddings	roberta	short	full_max	hist_gradient_boosting	none	0	/data/alpha_team2/shares/llm_return/datasets/sina_cninfo_full_2010_2026/single_stock_cninfo_v1/classification_results_v1/next1_to_next1/classification/roberta_short_full_max_hist_gradient_boosting_none_0.json	next_day_return	next_day_return
550	/data/alpha_team2/shares/llm_return/datasets/sina_cninfo_full_2010_2026/single_stock_cninfo_v1/embeddings	roberta	masked_short	body_mean	logistic	none	0	/data/alpha_team2/shares/llm_return/datasets/sina_cninfo_full_2010_2026/single_stock_cninfo_v1/classification_results_v1/next1_to_next1/classification/roberta_masked_short_body_mean_logistic_none_0.json	next_day_return	next_day_return
551	/data/alpha_team2/shares/llm_return/datasets/sina_cninfo_full_2010_2026/single_stock_cninfo_v1/embeddings	roberta	masked_short	body_mean	linear_svm	none	0	/data/alpha_team2/shares/llm_return/datasets/sina_cninfo_full_2010_2026/single_stock_cninfo_v1/classification_results_v1/next1_to_next1/classification/roberta_masked_short_body_mean_linear_svm_none_0.json	next_day_return	next_day_return
552	/data/alpha_team2/shares/llm_return/datasets/sina_cninfo_full_2010_2026/single_stock_cninfo_v1/embeddings	roberta	masked_short	body_mean	sgd	none	0	/data/alpha_team2/shares/llm_return/datasets/sina_cninfo_full_2010_2026/single_stock_cninfo_v1/classification_results_v1/next1_to_next1/classification/roberta_masked_short_body_mean_sgd_none_0.json	next_day_return	next_day_return
553	/data/alpha_team2/shares/llm_return/datasets/sina_cninfo_full_2010_2026/single_stock_cninfo_v1/embeddings	roberta	masked_short	body_mean	simple_mlp	none	0	/data/alpha_team2/shares/llm_return/datasets/sina_cninfo_full_2010_2026/single_stock_cninfo_v1/classification_results_v1/next1_to_next1/classification/roberta_masked_short_body_mean_simple_mlp_none_0.json	next_day_return	next_day_return
554	/data/alpha_team2/shares/llm_return/datasets/sina_cninfo_full_2010_2026/single_stock_cninfo_v1/embeddings	roberta	masked_short	body_mean	hist_gradient_boosting	none	0	/data/alpha_team2/shares/llm_return/datasets/sina_cninfo_full_2010_2026/single_stock_cninfo_v1/classification_results_v1/next1_to_next1/classification/roberta_masked_short_body_mean_hist_gradient_boosting_none_0.json	next_day_return	next_day_return
555	/data/alpha_team2/shares/llm_return/datasets/sina_cninfo_full_2010_2026/single_stock_cninfo_v1/embeddings	roberta	masked_short	title_body_mean	logistic	none	0	/data/alpha_team2/shares/llm_return/datasets/sina_cninfo_full_2010_2026/single_stock_cninfo_v1/classification_results_v1/next1_to_next1/classification/roberta_masked_short_title_body_mean_logistic_none_0.json	next_day_return	next_day_return
556	/data/alpha_team2/shares/llm_return/datasets/sina_cninfo_full_2010_2026/single_stock_cninfo_v1/embeddings	roberta	masked_short	title_body_mean	linear_svm	none	0	/data/alpha_team2/shares/llm_return/datasets/sina_cninfo_full_2010_2026/single_stock_cninfo_v1/classification_results_v1/next1_to_next1/classification/roberta_masked_short_title_body_mean_linear_svm_none_0.json	next_day_return	next_day_return
557	/data/alpha_team2/shares/llm_return/datasets/sina_cninfo_full_2010_2026/single_stock_cninfo_v1/embeddings	roberta	masked_short	title_body_mean	sgd	none	0	/data/alpha_team2/shares/llm_return/datasets/sina_cninfo_full_2010_2026/single_stock_cninfo_v1/classification_results_v1/next1_to_next1/classification/roberta_masked_short_title_body_mean_sgd_none_0.json	next_day_return	next_day_return
558	/data/alpha_team2/shares/llm_return/datasets/sina_cninfo_full_2010_2026/single_stock_cninfo_v1/embeddings	roberta	masked_short	title_body_mean	simple_mlp	none	0	/data/alpha_team2/shares/llm_return/datasets/sina_cninfo_full_2010_2026/single_stock_cninfo_v1/classification_results_v1/next1_to_next1/classification/roberta_masked_short_title_body_mean_simple_mlp_none_0.json	next_day_return	next_day_return
559	/data/alpha_team2/shares/llm_return/datasets/sina_cninfo_full_2010_2026/single_stock_cninfo_v1/embeddings	roberta	masked_short	title_body_mean	hist_gradient_boosting	none	0	/data/alpha_team2/shares/llm_return/datasets/sina_cninfo_full_2010_2026/single_stock_cninfo_v1/classification_results_v1/next1_to_next1/classification/roberta_masked_short_title_body_mean_hist_gradient_boosting_none_0.json	next_day_return	next_day_return
560	/data/alpha_team2/shares/llm_return/datasets/sina_cninfo_full_2010_2026/single_stock_cninfo_v1/embeddings	roberta	masked_short	full_mean	logistic	none	0	/data/alpha_team2/shares/llm_return/datasets/sina_cninfo_full_2010_2026/single_stock_cninfo_v1/classification_results_v1/next1_to_next1/classification/roberta_masked_short_full_mean_logistic_none_0.json	next_day_return	next_day_return
561	/data/alpha_team2/shares/llm_return/datasets/sina_cninfo_full_2010_2026/single_stock_cninfo_v1/embeddings	roberta	masked_short	full_mean	linear_svm	none	0	/data/alpha_team2/shares/llm_return/datasets/sina_cninfo_full_2010_2026/single_stock_cninfo_v1/classification_results_v1/next1_to_next1/classification/roberta_masked_short_full_mean_linear_svm_none_0.json	next_day_return	next_day_return
562	/data/alpha_team2/shares/llm_return/datasets/sina_cninfo_full_2010_2026/single_stock_cninfo_v1/embeddings	roberta	masked_short	full_mean	sgd	none	0	/data/alpha_team2/shares/llm_return/datasets/sina_cninfo_full_2010_2026/single_stock_cninfo_v1/classification_results_v1/next1_to_next1/classification/roberta_masked_short_full_mean_sgd_none_0.json	next_day_return	next_day_return
563	/data/alpha_team2/shares/llm_return/datasets/sina_cninfo_full_2010_2026/single_stock_cninfo_v1/embeddings	roberta	masked_short	full_mean	simple_mlp	none	0	/data/alpha_team2/shares/llm_return/datasets/sina_cninfo_full_2010_2026/single_stock_cninfo_v1/classification_results_v1/next1_to_next1/classification/roberta_masked_short_full_mean_simple_mlp_none_0.json	next_day_return	next_day_return
564	/data/alpha_team2/shares/llm_return/datasets/sina_cninfo_full_2010_2026/single_stock_cninfo_v1/embeddings	roberta	masked_short	full_mean	hist_gradient_boosting	none	0	/data/alpha_team2/shares/llm_return/datasets/sina_cninfo_full_2010_2026/single_stock_cninfo_v1/classification_results_v1/next1_to_next1/classification/roberta_masked_short_full_mean_hist_gradient_boosting_none_0.json	next_day_return	next_day_return
565	/data/alpha_team2/shares/llm_return/datasets/sina_cninfo_full_2010_2026/single_stock_cninfo_v1/embeddings	roberta	masked_short	cls	logistic	none	0	/data/alpha_team2/shares/llm_return/datasets/sina_cninfo_full_2010_2026/single_stock_cninfo_v1/classification_results_v1/next1_to_next1/classification/roberta_masked_short_cls_logistic_none_0.json	next_day_return	next_day_return
566	/data/alpha_team2/shares/llm_return/datasets/sina_cninfo_full_2010_2026/single_stock_cninfo_v1/embeddings	roberta	masked_short	cls	linear_svm	none	0	/data/alpha_team2/shares/llm_return/datasets/sina_cninfo_full_2010_2026/single_stock_cninfo_v1/classification_results_v1/next1_to_next1/classification/roberta_masked_short_cls_linear_svm_none_0.json	next_day_return	next_day_return
567	/data/alpha_team2/shares/llm_return/datasets/sina_cninfo_full_2010_2026/single_stock_cninfo_v1/embeddings	roberta	masked_short	cls	sgd	none	0	/data/alpha_team2/shares/llm_return/datasets/sina_cninfo_full_2010_2026/single_stock_cninfo_v1/classification_results_v1/next1_to_next1/classification/roberta_masked_short_cls_sgd_none_0.json	next_day_return	next_day_return
568	/data/alpha_team2/shares/llm_return/datasets/sina_cninfo_full_2010_2026/single_stock_cninfo_v1/embeddings	roberta	masked_short	cls	simple_mlp	none	0	/data/alpha_team2/shares/llm_return/datasets/sina_cninfo_full_2010_2026/single_stock_cninfo_v1/classification_results_v1/next1_to_next1/classification/roberta_masked_short_cls_simple_mlp_none_0.json	next_day_return	next_day_return
569	/data/alpha_team2/shares/llm_return/datasets/sina_cninfo_full_2010_2026/single_stock_cninfo_v1/embeddings	roberta	masked_short	cls	hist_gradient_boosting	none	0	/data/alpha_team2/shares/llm_return/datasets/sina_cninfo_full_2010_2026/single_stock_cninfo_v1/classification_results_v1/next1_to_next1/classification/roberta_masked_short_cls_hist_gradient_boosting_none_0.json	next_day_return	next_day_return
570	/data/alpha_team2/shares/llm_return/datasets/sina_cninfo_full_2010_2026/single_stock_cninfo_v1/embeddings	roberta	masked_short	full_max	logistic	none	0	/data/alpha_team2/shares/llm_return/datasets/sina_cninfo_full_2010_2026/single_stock_cninfo_v1/classification_results_v1/next1_to_next1/classification/roberta_masked_short_full_max_logistic_none_0.json	next_day_return	next_day_return
571	/data/alpha_team2/shares/llm_return/datasets/sina_cninfo_full_2010_2026/single_stock_cninfo_v1/embeddings	roberta	masked_short	full_max	linear_svm	none	0	/data/alpha_team2/shares/llm_return/datasets/sina_cninfo_full_2010_2026/single_stock_cninfo_v1/classification_results_v1/next1_to_next1/classification/roberta_masked_short_full_max_linear_svm_none_0.json	next_day_return	next_day_return
572	/data/alpha_team2/shares/llm_return/datasets/sina_cninfo_full_2010_2026/single_stock_cninfo_v1/embeddings	roberta	masked_short	full_max	sgd	none	0	/data/alpha_team2/shares/llm_return/datasets/sina_cninfo_full_2010_2026/single_stock_cninfo_v1/classification_results_v1/next1_to_next1/classification/roberta_masked_short_full_max_sgd_none_0.json	next_day_return	next_day_return
573	/data/alpha_team2/shares/llm_return/datasets/sina_cninfo_full_2010_2026/single_stock_cninfo_v1/embeddings	roberta	masked_short	full_max	simple_mlp	none	0	/data/alpha_team2/shares/llm_return/datasets/sina_cninfo_full_2010_2026/single_stock_cninfo_v1/classification_results_v1/next1_to_next1/classification/roberta_masked_short_full_max_simple_mlp_none_0.json	next_day_return	next_day_return
574	/data/alpha_team2/shares/llm_return/datasets/sina_cninfo_full_2010_2026/single_stock_cninfo_v1/embeddings	roberta	masked_short	full_max	hist_gradient_boosting	none	0	/data/alpha_team2/shares/llm_return/datasets/sina_cninfo_full_2010_2026/single_stock_cninfo_v1/classification_results_v1/next1_to_next1/classification/roberta_masked_short_full_max_hist_gradient_boosting_none_0.json	next_day_return	next_day_return
575	/data/alpha_team2/shares/llm_return/datasets/sina_cninfo_full_2010_2026/single_stock_cninfo_v1/embeddings	roberta	long	body_mean	logistic	none	0	/data/alpha_team2/shares/llm_return/datasets/sina_cninfo_full_2010_2026/single_stock_cninfo_v1/classification_results_v1/next1_to_next1/classification/roberta_long_body_mean_logistic_none_0.json	next_day_return	next_day_return
576	/data/alpha_team2/shares/llm_return/datasets/sina_cninfo_full_2010_2026/single_stock_cninfo_v1/embeddings	roberta	long	body_mean	linear_svm	none	0	/data/alpha_team2/shares/llm_return/datasets/sina_cninfo_full_2010_2026/single_stock_cninfo_v1/classification_results_v1/next1_to_next1/classification/roberta_long_body_mean_linear_svm_none_0.json	next_day_return	next_day_return
577	/data/alpha_team2/shares/llm_return/datasets/sina_cninfo_full_2010_2026/single_stock_cninfo_v1/embeddings	roberta	long	body_mean	sgd	none	0	/data/alpha_team2/shares/llm_return/datasets/sina_cninfo_full_2010_2026/single_stock_cninfo_v1/classification_results_v1/next1_to_next1/classification/roberta_long_body_mean_sgd_none_0.json	next_day_return	next_day_return
578	/data/alpha_team2/shares/llm_return/datasets/sina_cninfo_full_2010_2026/single_stock_cninfo_v1/embeddings	roberta	long	body_mean	simple_mlp	none	0	/data/alpha_team2/shares/llm_return/datasets/sina_cninfo_full_2010_2026/single_stock_cninfo_v1/classification_results_v1/next1_to_next1/classification/roberta_long_body_mean_simple_mlp_none_0.json	next_day_return	next_day_return
579	/data/alpha_team2/shares/llm_return/datasets/sina_cninfo_full_2010_2026/single_stock_cninfo_v1/embeddings	roberta	long	body_mean	hist_gradient_boosting	none	0	/data/alpha_team2/shares/llm_return/datasets/sina_cninfo_full_2010_2026/single_stock_cninfo_v1/classification_results_v1/next1_to_next1/classification/roberta_long_body_mean_hist_gradient_boosting_none_0.json	next_day_return	next_day_return
580	/data/alpha_team2/shares/llm_return/datasets/sina_cninfo_full_2010_2026/single_stock_cninfo_v1/embeddings	roberta	long	title_body_mean	logistic	none	0	/data/alpha_team2/shares/llm_return/datasets/sina_cninfo_full_2010_2026/single_stock_cninfo_v1/classification_results_v1/next1_to_next1/classification/roberta_long_title_body_mean_logistic_none_0.json	next_day_return	next_day_return
581	/data/alpha_team2/shares/llm_return/datasets/sina_cninfo_full_2010_2026/single_stock_cninfo_v1/embeddings	roberta	long	title_body_mean	linear_svm	none	0	/data/alpha_team2/shares/llm_return/datasets/sina_cninfo_full_2010_2026/single_stock_cninfo_v1/classification_results_v1/next1_to_next1/classification/roberta_long_title_body_mean_linear_svm_none_0.json	next_day_return	next_day_return
582	/data/alpha_team2/shares/llm_return/datasets/sina_cninfo_full_2010_2026/single_stock_cninfo_v1/embeddings	roberta	long	title_body_mean	sgd	none	0	/data/alpha_team2/shares/llm_return/datasets/sina_cninfo_full_2010_2026/single_stock_cninfo_v1/classification_results_v1/next1_to_next1/classification/roberta_long_title_body_mean_sgd_none_0.json	next_day_return	next_day_return
583	/data/alpha_team2/shares/llm_return/datasets/sina_cninfo_full_2010_2026/single_stock_cninfo_v1/embeddings	roberta	long	title_body_mean	simple_mlp	none	0	/data/alpha_team2/shares/llm_return/datasets/sina_cninfo_full_2010_2026/single_stock_cninfo_v1/classification_results_v1/next1_to_next1/classification/roberta_long_title_body_mean_simple_mlp_none_0.json	next_day_return	next_day_return
584	/data/alpha_team2/shares/llm_return/datasets/sina_cninfo_full_2010_2026/single_stock_cninfo_v1/embeddings	roberta	long	title_body_mean	hist_gradient_boosting	none	0	/data/alpha_team2/shares/llm_return/datasets/sina_cninfo_full_2010_2026/single_stock_cninfo_v1/classification_results_v1/next1_to_next1/classification/roberta_long_title_body_mean_hist_gradient_boosting_none_0.json	next_day_return	next_day_return
585	/data/alpha_team2/shares/llm_return/datasets/sina_cninfo_full_2010_2026/single_stock_cninfo_v1/embeddings	roberta	long	full_mean	logistic	none	0	/data/alpha_team2/shares/llm_return/datasets/sina_cninfo_full_2010_2026/single_stock_cninfo_v1/classification_results_v1/next1_to_next1/classification/roberta_long_full_mean_logistic_none_0.json	next_day_return	next_day_return
586	/data/alpha_team2/shares/llm_return/datasets/sina_cninfo_full_2010_2026/single_stock_cninfo_v1/embeddings	roberta	long	full_mean	linear_svm	none	0	/data/alpha_team2/shares/llm_return/datasets/sina_cninfo_full_2010_2026/single_stock_cninfo_v1/classification_results_v1/next1_to_next1/classification/roberta_long_full_mean_linear_svm_none_0.json	next_day_return	next_day_return
587	/data/alpha_team2/shares/llm_return/datasets/sina_cninfo_full_2010_2026/single_stock_cninfo_v1/embeddings	roberta	long	full_mean	sgd	none	0	/data/alpha_team2/shares/llm_return/datasets/sina_cninfo_full_2010_2026/single_stock_cninfo_v1/classification_results_v1/next1_to_next1/classification/roberta_long_full_mean_sgd_none_0.json	next_day_return	next_day_return
588	/data/alpha_team2/shares/llm_return/datasets/sina_cninfo_full_2010_2026/single_stock_cninfo_v1/embeddings	roberta	long	full_mean	simple_mlp	none	0	/data/alpha_team2/shares/llm_return/datasets/sina_cninfo_full_2010_2026/single_stock_cninfo_v1/classification_results_v1/next1_to_next1/classification/roberta_long_full_mean_simple_mlp_none_0.json	next_day_return	next_day_return
589	/data/alpha_team2/shares/llm_return/datasets/sina_cninfo_full_2010_2026/single_stock_cninfo_v1/embeddings	roberta	long	full_mean	hist_gradient_boosting	none	0	/data/alpha_team2/shares/llm_return/datasets/sina_cninfo_full_2010_2026/single_stock_cninfo_v1/classification_results_v1/next1_to_next1/classification/roberta_long_full_mean_hist_gradient_boosting_none_0.json	next_day_return	next_day_return
590	/data/alpha_team2/shares/llm_return/datasets/sina_cninfo_full_2010_2026/single_stock_cninfo_v1/embeddings	roberta	long	cls	logistic	none	0	/data/alpha_team2/shares/llm_return/datasets/sina_cninfo_full_2010_2026/single_stock_cninfo_v1/classification_results_v1/next1_to_next1/classification/roberta_long_cls_logistic_none_0.json	next_day_return	next_day_return
591	/data/alpha_team2/shares/llm_return/datasets/sina_cninfo_full_2010_2026/single_stock_cninfo_v1/embeddings	roberta	long	cls	linear_svm	none	0	/data/alpha_team2/shares/llm_return/datasets/sina_cninfo_full_2010_2026/single_stock_cninfo_v1/classification_results_v1/next1_to_next1/classification/roberta_long_cls_linear_svm_none_0.json	next_day_return	next_day_return
592	/data/alpha_team2/shares/llm_return/datasets/sina_cninfo_full_2010_2026/single_stock_cninfo_v1/embeddings	roberta	long	cls	sgd	none	0	/data/alpha_team2/shares/llm_return/datasets/sina_cninfo_full_2010_2026/single_stock_cninfo_v1/classification_results_v1/next1_to_next1/classification/roberta_long_cls_sgd_none_0.json	next_day_return	next_day_return
593	/data/alpha_team2/shares/llm_return/datasets/sina_cninfo_full_2010_2026/single_stock_cninfo_v1/embeddings	roberta	long	cls	simple_mlp	none	0	/data/alpha_team2/shares/llm_return/datasets/sina_cninfo_full_2010_2026/single_stock_cninfo_v1/classification_results_v1/next1_to_next1/classification/roberta_long_cls_simple_mlp_none_0.json	next_day_return	next_day_return
594	/data/alpha_team2/shares/llm_return/datasets/sina_cninfo_full_2010_2026/single_stock_cninfo_v1/embeddings	roberta	long	cls	hist_gradient_boosting	none	0	/data/alpha_team2/shares/llm_return/datasets/sina_cninfo_full_2010_2026/single_stock_cninfo_v1/classification_results_v1/next1_to_next1/classification/roberta_long_cls_hist_gradient_boosting_none_0.json	next_day_return	next_day_return
595	/data/alpha_team2/shares/llm_return/datasets/sina_cninfo_full_2010_2026/single_stock_cninfo_v1/embeddings	roberta	long	full_max	logistic	none	0	/data/alpha_team2/shares/llm_return/datasets/sina_cninfo_full_2010_2026/single_stock_cninfo_v1/classification_results_v1/next1_to_next1/classification/roberta_long_full_max_logistic_none_0.json	next_day_return	next_day_return
596	/data/alpha_team2/shares/llm_return/datasets/sina_cninfo_full_2010_2026/single_stock_cninfo_v1/embeddings	roberta	long	full_max	linear_svm	none	0	/data/alpha_team2/shares/llm_return/datasets/sina_cninfo_full_2010_2026/single_stock_cninfo_v1/classification_results_v1/next1_to_next1/classification/roberta_long_full_max_linear_svm_none_0.json	next_day_return	next_day_return
597	/data/alpha_team2/shares/llm_return/datasets/sina_cninfo_full_2010_2026/single_stock_cninfo_v1/embeddings	roberta	long	full_max	sgd	none	0	/data/alpha_team2/shares/llm_return/datasets/sina_cninfo_full_2010_2026/single_stock_cninfo_v1/classification_results_v1/next1_to_next1/classification/roberta_long_full_max_sgd_none_0.json	next_day_return	next_day_return
598	/data/alpha_team2/shares/llm_return/datasets/sina_cninfo_full_2010_2026/single_stock_cninfo_v1/embeddings	roberta	long	full_max	simple_mlp	none	0	/data/alpha_team2/shares/llm_return/datasets/sina_cninfo_full_2010_2026/single_stock_cninfo_v1/classification_results_v1/next1_to_next1/classification/roberta_long_full_max_simple_mlp_none_0.json	next_day_return	next_day_return
599	/data/alpha_team2/shares/llm_return/datasets/sina_cninfo_full_2010_2026/single_stock_cninfo_v1/embeddings	roberta	long	full_max	hist_gradient_boosting	none	0	/data/alpha_team2/shares/llm_return/datasets/sina_cninfo_full_2010_2026/single_stock_cninfo_v1/classification_results_v1/next1_to_next1/classification/roberta_long_full_max_hist_gradient_boosting_none_0.json	next_day_return	next_day_return
600	/data/alpha_team2/shares/llm_return/datasets/sina_cninfo_full_2010_2026/single_stock_cninfo_v1/embeddings	roberta	masked_long	body_mean	logistic	none	0	/data/alpha_team2/shares/llm_return/datasets/sina_cninfo_full_2010_2026/single_stock_cninfo_v1/classification_results_v1/next1_to_next1/classification/roberta_masked_long_body_mean_logistic_none_0.json	next_day_return	next_day_return
601	/data/alpha_team2/shares/llm_return/datasets/sina_cninfo_full_2010_2026/single_stock_cninfo_v1/embeddings	roberta	masked_long	body_mean	linear_svm	none	0	/data/alpha_team2/shares/llm_return/datasets/sina_cninfo_full_2010_2026/single_stock_cninfo_v1/classification_results_v1/next1_to_next1/classification/roberta_masked_long_body_mean_linear_svm_none_0.json	next_day_return	next_day_return
602	/data/alpha_team2/shares/llm_return/datasets/sina_cninfo_full_2010_2026/single_stock_cninfo_v1/embeddings	roberta	masked_long	body_mean	sgd	none	0	/data/alpha_team2/shares/llm_return/datasets/sina_cninfo_full_2010_2026/single_stock_cninfo_v1/classification_results_v1/next1_to_next1/classification/roberta_masked_long_body_mean_sgd_none_0.json	next_day_return	next_day_return
603	/data/alpha_team2/shares/llm_return/datasets/sina_cninfo_full_2010_2026/single_stock_cninfo_v1/embeddings	roberta	masked_long	body_mean	simple_mlp	none	0	/data/alpha_team2/shares/llm_return/datasets/sina_cninfo_full_2010_2026/single_stock_cninfo_v1/classification_results_v1/next1_to_next1/classification/roberta_masked_long_body_mean_simple_mlp_none_0.json	next_day_return	next_day_return
604	/data/alpha_team2/shares/llm_return/datasets/sina_cninfo_full_2010_2026/single_stock_cninfo_v1/embeddings	roberta	masked_long	body_mean	hist_gradient_boosting	none	0	/data/alpha_team2/shares/llm_return/datasets/sina_cninfo_full_2010_2026/single_stock_cninfo_v1/classification_results_v1/next1_to_next1/classification/roberta_masked_long_body_mean_hist_gradient_boosting_none_0.json	next_day_return	next_day_return
605	/data/alpha_team2/shares/llm_return/datasets/sina_cninfo_full_2010_2026/single_stock_cninfo_v1/embeddings	roberta	masked_long	title_body_mean	logistic	none	0	/data/alpha_team2/shares/llm_return/datasets/sina_cninfo_full_2010_2026/single_stock_cninfo_v1/classification_results_v1/next1_to_next1/classification/roberta_masked_long_title_body_mean_logistic_none_0.json	next_day_return	next_day_return
606	/data/alpha_team2/shares/llm_return/datasets/sina_cninfo_full_2010_2026/single_stock_cninfo_v1/embeddings	roberta	masked_long	title_body_mean	linear_svm	none	0	/data/alpha_team2/shares/llm_return/datasets/sina_cninfo_full_2010_2026/single_stock_cninfo_v1/classification_results_v1/next1_to_next1/classification/roberta_masked_long_title_body_mean_linear_svm_none_0.json	next_day_return	next_day_return
607	/data/alpha_team2/shares/llm_return/datasets/sina_cninfo_full_2010_2026/single_stock_cninfo_v1/embeddings	roberta	masked_long	title_body_mean	sgd	none	0	/data/alpha_team2/shares/llm_return/datasets/sina_cninfo_full_2010_2026/single_stock_cninfo_v1/classification_results_v1/next1_to_next1/classification/roberta_masked_long_title_body_mean_sgd_none_0.json	next_day_return	next_day_return
608	/data/alpha_team2/shares/llm_return/datasets/sina_cninfo_full_2010_2026/single_stock_cninfo_v1/embeddings	roberta	masked_long	title_body_mean	simple_mlp	none	0	/data/alpha_team2/shares/llm_return/datasets/sina_cninfo_full_2010_2026/single_stock_cninfo_v1/classification_results_v1/next1_to_next1/classification/roberta_masked_long_title_body_mean_simple_mlp_none_0.json	next_day_return	next_day_return
609	/data/alpha_team2/shares/llm_return/datasets/sina_cninfo_full_2010_2026/single_stock_cninfo_v1/embeddings	roberta	masked_long	title_body_mean	hist_gradient_boosting	none	0	/data/alpha_team2/shares/llm_return/datasets/sina_cninfo_full_2010_2026/single_stock_cninfo_v1/classification_results_v1/next1_to_next1/classification/roberta_masked_long_title_body_mean_hist_gradient_boosting_none_0.json	next_day_return	next_day_return
610	/data/alpha_team2/shares/llm_return/datasets/sina_cninfo_full_2010_2026/single_stock_cninfo_v1/embeddings	roberta	masked_long	full_mean	logistic	none	0	/data/alpha_team2/shares/llm_return/datasets/sina_cninfo_full_2010_2026/single_stock_cninfo_v1/classification_results_v1/next1_to_next1/classification/roberta_masked_long_full_mean_logistic_none_0.json	next_day_return	next_day_return
611	/data/alpha_team2/shares/llm_return/datasets/sina_cninfo_full_2010_2026/single_stock_cninfo_v1/embeddings	roberta	masked_long	full_mean	linear_svm	none	0	/data/alpha_team2/shares/llm_return/datasets/sina_cninfo_full_2010_2026/single_stock_cninfo_v1/classification_results_v1/next1_to_next1/classification/roberta_masked_long_full_mean_linear_svm_none_0.json	next_day_return	next_day_return
612	/data/alpha_team2/shares/llm_return/datasets/sina_cninfo_full_2010_2026/single_stock_cninfo_v1/embeddings	roberta	masked_long	full_mean	sgd	none	0	/data/alpha_team2/shares/llm_return/datasets/sina_cninfo_full_2010_2026/single_stock_cninfo_v1/classification_results_v1/next1_to_next1/classification/roberta_masked_long_full_mean_sgd_none_0.json	next_day_return	next_day_return
613	/data/alpha_team2/shares/llm_return/datasets/sina_cninfo_full_2010_2026/single_stock_cninfo_v1/embeddings	roberta	masked_long	full_mean	simple_mlp	none	0	/data/alpha_team2/shares/llm_return/datasets/sina_cninfo_full_2010_2026/single_stock_cninfo_v1/classification_results_v1/next1_to_next1/classification/roberta_masked_long_full_mean_simple_mlp_none_0.json	next_day_return	next_day_return
614	/data/alpha_team2/shares/llm_return/datasets/sina_cninfo_full_2010_2026/single_stock_cninfo_v1/embeddings	roberta	masked_long	full_mean	hist_gradient_boosting	none	0	/data/alpha_team2/shares/llm_return/datasets/sina_cninfo_full_2010_2026/single_stock_cninfo_v1/classification_results_v1/next1_to_next1/classification/roberta_masked_long_full_mean_hist_gradient_boosting_none_0.json	next_day_return	next_day_return
615	/data/alpha_team2/shares/llm_return/datasets/sina_cninfo_full_2010_2026/single_stock_cninfo_v1/embeddings	roberta	masked_long	cls	logistic	none	0	/data/alpha_team2/shares/llm_return/datasets/sina_cninfo_full_2010_2026/single_stock_cninfo_v1/classification_results_v1/next1_to_next1/classification/roberta_masked_long_cls_logistic_none_0.json	next_day_return	next_day_return
616	/data/alpha_team2/shares/llm_return/datasets/sina_cninfo_full_2010_2026/single_stock_cninfo_v1/embeddings	roberta	masked_long	cls	linear_svm	none	0	/data/alpha_team2/shares/llm_return/datasets/sina_cninfo_full_2010_2026/single_stock_cninfo_v1/classification_results_v1/next1_to_next1/classification/roberta_masked_long_cls_linear_svm_none_0.json	next_day_return	next_day_return
617	/data/alpha_team2/shares/llm_return/datasets/sina_cninfo_full_2010_2026/single_stock_cninfo_v1/embeddings	roberta	masked_long	cls	sgd	none	0	/data/alpha_team2/shares/llm_return/datasets/sina_cninfo_full_2010_2026/single_stock_cninfo_v1/classification_results_v1/next1_to_next1/classification/roberta_masked_long_cls_sgd_none_0.json	next_day_return	next_day_return
618	/data/alpha_team2/shares/llm_return/datasets/sina_cninfo_full_2010_2026/single_stock_cninfo_v1/embeddings	roberta	masked_long	cls	simple_mlp	none	0	/data/alpha_team2/shares/llm_return/datasets/sina_cninfo_full_2010_2026/single_stock_cninfo_v1/classification_results_v1/next1_to_next1/classification/roberta_masked_long_cls_simple_mlp_none_0.json	next_day_return	next_day_return
619	/data/alpha_team2/shares/llm_return/datasets/sina_cninfo_full_2010_2026/single_stock_cninfo_v1/embeddings	roberta	masked_long	cls	hist_gradient_boosting	none	0	/data/alpha_team2/shares/llm_return/datasets/sina_cninfo_full_2010_2026/single_stock_cninfo_v1/classification_results_v1/next1_to_next1/classification/roberta_masked_long_cls_hist_gradient_boosting_none_0.json	next_day_return	next_day_return
620	/data/alpha_team2/shares/llm_return/datasets/sina_cninfo_full_2010_2026/single_stock_cninfo_v1/embeddings	roberta	masked_long	full_max	logistic	none	0	/data/alpha_team2/shares/llm_return/datasets/sina_cninfo_full_2010_2026/single_stock_cninfo_v1/classification_results_v1/next1_to_next1/classification/roberta_masked_long_full_max_logistic_none_0.json	next_day_return	next_day_return
621	/data/alpha_team2/shares/llm_return/datasets/sina_cninfo_full_2010_2026/single_stock_cninfo_v1/embeddings	roberta	masked_long	full_max	linear_svm	none	0	/data/alpha_team2/shares/llm_return/datasets/sina_cninfo_full_2010_2026/single_stock_cninfo_v1/classification_results_v1/next1_to_next1/classification/roberta_masked_long_full_max_linear_svm_none_0.json	next_day_return	next_day_return
622	/data/alpha_team2/shares/llm_return/datasets/sina_cninfo_full_2010_2026/single_stock_cninfo_v1/embeddings	roberta	masked_long	full_max	sgd	none	0	/data/alpha_team2/shares/llm_return/datasets/sina_cninfo_full_2010_2026/single_stock_cninfo_v1/classification_results_v1/next1_to_next1/classification/roberta_masked_long_full_max_sgd_none_0.json	next_day_return	next_day_return
623	/data/alpha_team2/shares/llm_return/datasets/sina_cninfo_full_2010_2026/single_stock_cninfo_v1/embeddings	roberta	masked_long	full_max	simple_mlp	none	0	/data/alpha_team2/shares/llm_return/datasets/sina_cninfo_full_2010_2026/single_stock_cninfo_v1/classification_results_v1/next1_to_next1/classification/roberta_masked_long_full_max_simple_mlp_none_0.json	next_day_return	next_day_return
624	/data/alpha_team2/shares/llm_return/datasets/sina_cninfo_full_2010_2026/single_stock_cninfo_v1/embeddings	roberta	masked_long	full_max	hist_gradient_boosting	none	0	/data/alpha_team2/shares/llm_return/datasets/sina_cninfo_full_2010_2026/single_stock_cninfo_v1/classification_results_v1/next1_to_next1/classification/roberta_masked_long_full_max_hist_gradient_boosting_none_0.json	next_day_return	next_day_return
625	/data/alpha_team2/shares/llm_return/datasets/sina_cninfo_full_2010_2026/single_stock_cninfo_v1/embeddings	bge_m3	plain	body_mean	logistic	none	0	/data/alpha_team2/shares/llm_return/datasets/sina_cninfo_full_2010_2026/single_stock_cninfo_v1/classification_results_v1/next1_to_next1/classification/bge_m3_plain_body_mean_logistic_none_0.json	next_day_return	next_day_return
626	/data/alpha_team2/shares/llm_return/datasets/sina_cninfo_full_2010_2026/single_stock_cninfo_v1/embeddings	bge_m3	plain	body_mean	linear_svm	none	0	/data/alpha_team2/shares/llm_return/datasets/sina_cninfo_full_2010_2026/single_stock_cninfo_v1/classification_results_v1/next1_to_next1/classification/bge_m3_plain_body_mean_linear_svm_none_0.json	next_day_return	next_day_return
627	/data/alpha_team2/shares/llm_return/datasets/sina_cninfo_full_2010_2026/single_stock_cninfo_v1/embeddings	bge_m3	plain	body_mean	sgd	none	0	/data/alpha_team2/shares/llm_return/datasets/sina_cninfo_full_2010_2026/single_stock_cninfo_v1/classification_results_v1/next1_to_next1/classification/bge_m3_plain_body_mean_sgd_none_0.json	next_day_return	next_day_return
628	/data/alpha_team2/shares/llm_return/datasets/sina_cninfo_full_2010_2026/single_stock_cninfo_v1/embeddings	bge_m3	plain	body_mean	simple_mlp	none	0	/data/alpha_team2/shares/llm_return/datasets/sina_cninfo_full_2010_2026/single_stock_cninfo_v1/classification_results_v1/next1_to_next1/classification/bge_m3_plain_body_mean_simple_mlp_none_0.json	next_day_return	next_day_return
629	/data/alpha_team2/shares/llm_return/datasets/sina_cninfo_full_2010_2026/single_stock_cninfo_v1/embeddings	bge_m3	plain	body_mean	hist_gradient_boosting	none	0	/data/alpha_team2/shares/llm_return/datasets/sina_cninfo_full_2010_2026/single_stock_cninfo_v1/classification_results_v1/next1_to_next1/classification/bge_m3_plain_body_mean_hist_gradient_boosting_none_0.json	next_day_return	next_day_return
630	/data/alpha_team2/shares/llm_return/datasets/sina_cninfo_full_2010_2026/single_stock_cninfo_v1/embeddings	bge_m3	plain	title_body_mean	logistic	none	0	/data/alpha_team2/shares/llm_return/datasets/sina_cninfo_full_2010_2026/single_stock_cninfo_v1/classification_results_v1/next1_to_next1/classification/bge_m3_plain_title_body_mean_logistic_none_0.json	next_day_return	next_day_return
631	/data/alpha_team2/shares/llm_return/datasets/sina_cninfo_full_2010_2026/single_stock_cninfo_v1/embeddings	bge_m3	plain	title_body_mean	linear_svm	none	0	/data/alpha_team2/shares/llm_return/datasets/sina_cninfo_full_2010_2026/single_stock_cninfo_v1/classification_results_v1/next1_to_next1/classification/bge_m3_plain_title_body_mean_linear_svm_none_0.json	next_day_return	next_day_return
632	/data/alpha_team2/shares/llm_return/datasets/sina_cninfo_full_2010_2026/single_stock_cninfo_v1/embeddings	bge_m3	plain	title_body_mean	sgd	none	0	/data/alpha_team2/shares/llm_return/datasets/sina_cninfo_full_2010_2026/single_stock_cninfo_v1/classification_results_v1/next1_to_next1/classification/bge_m3_plain_title_body_mean_sgd_none_0.json	next_day_return	next_day_return
633	/data/alpha_team2/shares/llm_return/datasets/sina_cninfo_full_2010_2026/single_stock_cninfo_v1/embeddings	bge_m3	plain	title_body_mean	simple_mlp	none	0	/data/alpha_team2/shares/llm_return/datasets/sina_cninfo_full_2010_2026/single_stock_cninfo_v1/classification_results_v1/next1_to_next1/classification/bge_m3_plain_title_body_mean_simple_mlp_none_0.json	next_day_return	next_day_return
634	/data/alpha_team2/shares/llm_return/datasets/sina_cninfo_full_2010_2026/single_stock_cninfo_v1/embeddings	bge_m3	plain	title_body_mean	hist_gradient_boosting	none	0	/data/alpha_team2/shares/llm_return/datasets/sina_cninfo_full_2010_2026/single_stock_cninfo_v1/classification_results_v1/next1_to_next1/classification/bge_m3_plain_title_body_mean_hist_gradient_boosting_none_0.json	next_day_return	next_day_return
635	/data/alpha_team2/shares/llm_return/datasets/sina_cninfo_full_2010_2026/single_stock_cninfo_v1/embeddings	bge_m3	plain	full_mean	logistic	none	0	/data/alpha_team2/shares/llm_return/datasets/sina_cninfo_full_2010_2026/single_stock_cninfo_v1/classification_results_v1/next1_to_next1/classification/bge_m3_plain_full_mean_logistic_none_0.json	next_day_return	next_day_return
636	/data/alpha_team2/shares/llm_return/datasets/sina_cninfo_full_2010_2026/single_stock_cninfo_v1/embeddings	bge_m3	plain	full_mean	linear_svm	none	0	/data/alpha_team2/shares/llm_return/datasets/sina_cninfo_full_2010_2026/single_stock_cninfo_v1/classification_results_v1/next1_to_next1/classification/bge_m3_plain_full_mean_linear_svm_none_0.json	next_day_return	next_day_return
637	/data/alpha_team2/shares/llm_return/datasets/sina_cninfo_full_2010_2026/single_stock_cninfo_v1/embeddings	bge_m3	plain	full_mean	sgd	none	0	/data/alpha_team2/shares/llm_return/datasets/sina_cninfo_full_2010_2026/single_stock_cninfo_v1/classification_results_v1/next1_to_next1/classification/bge_m3_plain_full_mean_sgd_none_0.json	next_day_return	next_day_return
638	/data/alpha_team2/shares/llm_return/datasets/sina_cninfo_full_2010_2026/single_stock_cninfo_v1/embeddings	bge_m3	plain	full_mean	simple_mlp	none	0	/data/alpha_team2/shares/llm_return/datasets/sina_cninfo_full_2010_2026/single_stock_cninfo_v1/classification_results_v1/next1_to_next1/classification/bge_m3_plain_full_mean_simple_mlp_none_0.json	next_day_return	next_day_return
639	/data/alpha_team2/shares/llm_return/datasets/sina_cninfo_full_2010_2026/single_stock_cninfo_v1/embeddings	bge_m3	plain	full_mean	hist_gradient_boosting	none	0	/data/alpha_team2/shares/llm_return/datasets/sina_cninfo_full_2010_2026/single_stock_cninfo_v1/classification_results_v1/next1_to_next1/classification/bge_m3_plain_full_mean_hist_gradient_boosting_none_0.json	next_day_return	next_day_return
640	/data/alpha_team2/shares/llm_return/datasets/sina_cninfo_full_2010_2026/single_stock_cninfo_v1/embeddings	bge_m3	plain	cls	logistic	none	0	/data/alpha_team2/shares/llm_return/datasets/sina_cninfo_full_2010_2026/single_stock_cninfo_v1/classification_results_v1/next1_to_next1/classification/bge_m3_plain_cls_logistic_none_0.json	next_day_return	next_day_return
641	/data/alpha_team2/shares/llm_return/datasets/sina_cninfo_full_2010_2026/single_stock_cninfo_v1/embeddings	bge_m3	plain	cls	linear_svm	none	0	/data/alpha_team2/shares/llm_return/datasets/sina_cninfo_full_2010_2026/single_stock_cninfo_v1/classification_results_v1/next1_to_next1/classification/bge_m3_plain_cls_linear_svm_none_0.json	next_day_return	next_day_return
642	/data/alpha_team2/shares/llm_return/datasets/sina_cninfo_full_2010_2026/single_stock_cninfo_v1/embeddings	bge_m3	plain	cls	sgd	none	0	/data/alpha_team2/shares/llm_return/datasets/sina_cninfo_full_2010_2026/single_stock_cninfo_v1/classification_results_v1/next1_to_next1/classification/bge_m3_plain_cls_sgd_none_0.json	next_day_return	next_day_return
643	/data/alpha_team2/shares/llm_return/datasets/sina_cninfo_full_2010_2026/single_stock_cninfo_v1/embeddings	bge_m3	plain	cls	simple_mlp	none	0	/data/alpha_team2/shares/llm_return/datasets/sina_cninfo_full_2010_2026/single_stock_cninfo_v1/classification_results_v1/next1_to_next1/classification/bge_m3_plain_cls_simple_mlp_none_0.json	next_day_return	next_day_return
644	/data/alpha_team2/shares/llm_return/datasets/sina_cninfo_full_2010_2026/single_stock_cninfo_v1/embeddings	bge_m3	plain	cls	hist_gradient_boosting	none	0	/data/alpha_team2/shares/llm_return/datasets/sina_cninfo_full_2010_2026/single_stock_cninfo_v1/classification_results_v1/next1_to_next1/classification/bge_m3_plain_cls_hist_gradient_boosting_none_0.json	next_day_return	next_day_return
645	/data/alpha_team2/shares/llm_return/datasets/sina_cninfo_full_2010_2026/single_stock_cninfo_v1/embeddings	bge_m3	plain	full_max	logistic	none	0	/data/alpha_team2/shares/llm_return/datasets/sina_cninfo_full_2010_2026/single_stock_cninfo_v1/classification_results_v1/next1_to_next1/classification/bge_m3_plain_full_max_logistic_none_0.json	next_day_return	next_day_return
646	/data/alpha_team2/shares/llm_return/datasets/sina_cninfo_full_2010_2026/single_stock_cninfo_v1/embeddings	bge_m3	plain	full_max	linear_svm	none	0	/data/alpha_team2/shares/llm_return/datasets/sina_cninfo_full_2010_2026/single_stock_cninfo_v1/classification_results_v1/next1_to_next1/classification/bge_m3_plain_full_max_linear_svm_none_0.json	next_day_return	next_day_return
647	/data/alpha_team2/shares/llm_return/datasets/sina_cninfo_full_2010_2026/single_stock_cninfo_v1/embeddings	bge_m3	plain	full_max	sgd	none	0	/data/alpha_team2/shares/llm_return/datasets/sina_cninfo_full_2010_2026/single_stock_cninfo_v1/classification_results_v1/next1_to_next1/classification/bge_m3_plain_full_max_sgd_none_0.json	next_day_return	next_day_return
648	/data/alpha_team2/shares/llm_return/datasets/sina_cninfo_full_2010_2026/single_stock_cninfo_v1/embeddings	bge_m3	plain	full_max	simple_mlp	none	0	/data/alpha_team2/shares/llm_return/datasets/sina_cninfo_full_2010_2026/single_stock_cninfo_v1/classification_results_v1/next1_to_next1/classification/bge_m3_plain_full_max_simple_mlp_none_0.json	next_day_return	next_day_return
649	/data/alpha_team2/shares/llm_return/datasets/sina_cninfo_full_2010_2026/single_stock_cninfo_v1/embeddings	bge_m3	plain	full_max	hist_gradient_boosting	none	0	/data/alpha_team2/shares/llm_return/datasets/sina_cninfo_full_2010_2026/single_stock_cninfo_v1/classification_results_v1/next1_to_next1/classification/bge_m3_plain_full_max_hist_gradient_boosting_none_0.json	next_day_return	next_day_return
650	/data/alpha_team2/shares/llm_return/datasets/sina_cninfo_full_2010_2026/single_stock_cninfo_v1/embeddings	bge_m3	short	body_mean	logistic	none	0	/data/alpha_team2/shares/llm_return/datasets/sina_cninfo_full_2010_2026/single_stock_cninfo_v1/classification_results_v1/next1_to_next1/classification/bge_m3_short_body_mean_logistic_none_0.json	next_day_return	next_day_return
651	/data/alpha_team2/shares/llm_return/datasets/sina_cninfo_full_2010_2026/single_stock_cninfo_v1/embeddings	bge_m3	short	body_mean	linear_svm	none	0	/data/alpha_team2/shares/llm_return/datasets/sina_cninfo_full_2010_2026/single_stock_cninfo_v1/classification_results_v1/next1_to_next1/classification/bge_m3_short_body_mean_linear_svm_none_0.json	next_day_return	next_day_return
652	/data/alpha_team2/shares/llm_return/datasets/sina_cninfo_full_2010_2026/single_stock_cninfo_v1/embeddings	bge_m3	short	body_mean	sgd	none	0	/data/alpha_team2/shares/llm_return/datasets/sina_cninfo_full_2010_2026/single_stock_cninfo_v1/classification_results_v1/next1_to_next1/classification/bge_m3_short_body_mean_sgd_none_0.json	next_day_return	next_day_return
653	/data/alpha_team2/shares/llm_return/datasets/sina_cninfo_full_2010_2026/single_stock_cninfo_v1/embeddings	bge_m3	short	body_mean	simple_mlp	none	0	/data/alpha_team2/shares/llm_return/datasets/sina_cninfo_full_2010_2026/single_stock_cninfo_v1/classification_results_v1/next1_to_next1/classification/bge_m3_short_body_mean_simple_mlp_none_0.json	next_day_return	next_day_return
654	/data/alpha_team2/shares/llm_return/datasets/sina_cninfo_full_2010_2026/single_stock_cninfo_v1/embeddings	bge_m3	short	body_mean	hist_gradient_boosting	none	0	/data/alpha_team2/shares/llm_return/datasets/sina_cninfo_full_2010_2026/single_stock_cninfo_v1/classification_results_v1/next1_to_next1/classification/bge_m3_short_body_mean_hist_gradient_boosting_none_0.json	next_day_return	next_day_return
655	/data/alpha_team2/shares/llm_return/datasets/sina_cninfo_full_2010_2026/single_stock_cninfo_v1/embeddings	bge_m3	short	title_body_mean	logistic	none	0	/data/alpha_team2/shares/llm_return/datasets/sina_cninfo_full_2010_2026/single_stock_cninfo_v1/classification_results_v1/next1_to_next1/classification/bge_m3_short_title_body_mean_logistic_none_0.json	next_day_return	next_day_return
656	/data/alpha_team2/shares/llm_return/datasets/sina_cninfo_full_2010_2026/single_stock_cninfo_v1/embeddings	bge_m3	short	title_body_mean	linear_svm	none	0	/data/alpha_team2/shares/llm_return/datasets/sina_cninfo_full_2010_2026/single_stock_cninfo_v1/classification_results_v1/next1_to_next1/classification/bge_m3_short_title_body_mean_linear_svm_none_0.json	next_day_return	next_day_return
657	/data/alpha_team2/shares/llm_return/datasets/sina_cninfo_full_2010_2026/single_stock_cninfo_v1/embeddings	bge_m3	short	title_body_mean	sgd	none	0	/data/alpha_team2/shares/llm_return/datasets/sina_cninfo_full_2010_2026/single_stock_cninfo_v1/classification_results_v1/next1_to_next1/classification/bge_m3_short_title_body_mean_sgd_none_0.json	next_day_return	next_day_return
658	/data/alpha_team2/shares/llm_return/datasets/sina_cninfo_full_2010_2026/single_stock_cninfo_v1/embeddings	bge_m3	short	title_body_mean	simple_mlp	none	0	/data/alpha_team2/shares/llm_return/datasets/sina_cninfo_full_2010_2026/single_stock_cninfo_v1/classification_results_v1/next1_to_next1/classification/bge_m3_short_title_body_mean_simple_mlp_none_0.json	next_day_return	next_day_return
659	/data/alpha_team2/shares/llm_return/datasets/sina_cninfo_full_2010_2026/single_stock_cninfo_v1/embeddings	bge_m3	short	title_body_mean	hist_gradient_boosting	none	0	/data/alpha_team2/shares/llm_return/datasets/sina_cninfo_full_2010_2026/single_stock_cninfo_v1/classification_results_v1/next1_to_next1/classification/bge_m3_short_title_body_mean_hist_gradient_boosting_none_0.json	next_day_return	next_day_return
660	/data/alpha_team2/shares/llm_return/datasets/sina_cninfo_full_2010_2026/single_stock_cninfo_v1/embeddings	bge_m3	short	full_mean	logistic	none	0	/data/alpha_team2/shares/llm_return/datasets/sina_cninfo_full_2010_2026/single_stock_cninfo_v1/classification_results_v1/next1_to_next1/classification/bge_m3_short_full_mean_logistic_none_0.json	next_day_return	next_day_return
661	/data/alpha_team2/shares/llm_return/datasets/sina_cninfo_full_2010_2026/single_stock_cninfo_v1/embeddings	bge_m3	short	full_mean	linear_svm	none	0	/data/alpha_team2/shares/llm_return/datasets/sina_cninfo_full_2010_2026/single_stock_cninfo_v1/classification_results_v1/next1_to_next1/classification/bge_m3_short_full_mean_linear_svm_none_0.json	next_day_return	next_day_return
662	/data/alpha_team2/shares/llm_return/datasets/sina_cninfo_full_2010_2026/single_stock_cninfo_v1/embeddings	bge_m3	short	full_mean	sgd	none	0	/data/alpha_team2/shares/llm_return/datasets/sina_cninfo_full_2010_2026/single_stock_cninfo_v1/classification_results_v1/next1_to_next1/classification/bge_m3_short_full_mean_sgd_none_0.json	next_day_return	next_day_return
663	/data/alpha_team2/shares/llm_return/datasets/sina_cninfo_full_2010_2026/single_stock_cninfo_v1/embeddings	bge_m3	short	full_mean	simple_mlp	none	0	/data/alpha_team2/shares/llm_return/datasets/sina_cninfo_full_2010_2026/single_stock_cninfo_v1/classification_results_v1/next1_to_next1/classification/bge_m3_short_full_mean_simple_mlp_none_0.json	next_day_return	next_day_return
664	/data/alpha_team2/shares/llm_return/datasets/sina_cninfo_full_2010_2026/single_stock_cninfo_v1/embeddings	bge_m3	short	full_mean	hist_gradient_boosting	none	0	/data/alpha_team2/shares/llm_return/datasets/sina_cninfo_full_2010_2026/single_stock_cninfo_v1/classification_results_v1/next1_to_next1/classification/bge_m3_short_full_mean_hist_gradient_boosting_none_0.json	next_day_return	next_day_return
665	/data/alpha_team2/shares/llm_return/datasets/sina_cninfo_full_2010_2026/single_stock_cninfo_v1/embeddings	bge_m3	short	cls	logistic	none	0	/data/alpha_team2/shares/llm_return/datasets/sina_cninfo_full_2010_2026/single_stock_cninfo_v1/classification_results_v1/next1_to_next1/classification/bge_m3_short_cls_logistic_none_0.json	next_day_return	next_day_return
666	/data/alpha_team2/shares/llm_return/datasets/sina_cninfo_full_2010_2026/single_stock_cninfo_v1/embeddings	bge_m3	short	cls	linear_svm	none	0	/data/alpha_team2/shares/llm_return/datasets/sina_cninfo_full_2010_2026/single_stock_cninfo_v1/classification_results_v1/next1_to_next1/classification/bge_m3_short_cls_linear_svm_none_0.json	next_day_return	next_day_return
667	/data/alpha_team2/shares/llm_return/datasets/sina_cninfo_full_2010_2026/single_stock_cninfo_v1/embeddings	bge_m3	short	cls	sgd	none	0	/data/alpha_team2/shares/llm_return/datasets/sina_cninfo_full_2010_2026/single_stock_cninfo_v1/classification_results_v1/next1_to_next1/classification/bge_m3_short_cls_sgd_none_0.json	next_day_return	next_day_return
668	/data/alpha_team2/shares/llm_return/datasets/sina_cninfo_full_2010_2026/single_stock_cninfo_v1/embeddings	bge_m3	short	cls	simple_mlp	none	0	/data/alpha_team2/shares/llm_return/datasets/sina_cninfo_full_2010_2026/single_stock_cninfo_v1/classification_results_v1/next1_to_next1/classification/bge_m3_short_cls_simple_mlp_none_0.json	next_day_return	next_day_return
669	/data/alpha_team2/shares/llm_return/datasets/sina_cninfo_full_2010_2026/single_stock_cninfo_v1/embeddings	bge_m3	short	cls	hist_gradient_boosting	none	0	/data/alpha_team2/shares/llm_return/datasets/sina_cninfo_full_2010_2026/single_stock_cninfo_v1/classification_results_v1/next1_to_next1/classification/bge_m3_short_cls_hist_gradient_boosting_none_0.json	next_day_return	next_day_return
670	/data/alpha_team2/shares/llm_return/datasets/sina_cninfo_full_2010_2026/single_stock_cninfo_v1/embeddings	bge_m3	short	full_max	logistic	none	0	/data/alpha_team2/shares/llm_return/datasets/sina_cninfo_full_2010_2026/single_stock_cninfo_v1/classification_results_v1/next1_to_next1/classification/bge_m3_short_full_max_logistic_none_0.json	next_day_return	next_day_return
671	/data/alpha_team2/shares/llm_return/datasets/sina_cninfo_full_2010_2026/single_stock_cninfo_v1/embeddings	bge_m3	short	full_max	linear_svm	none	0	/data/alpha_team2/shares/llm_return/datasets/sina_cninfo_full_2010_2026/single_stock_cninfo_v1/classification_results_v1/next1_to_next1/classification/bge_m3_short_full_max_linear_svm_none_0.json	next_day_return	next_day_return
672	/data/alpha_team2/shares/llm_return/datasets/sina_cninfo_full_2010_2026/single_stock_cninfo_v1/embeddings	bge_m3	short	full_max	sgd	none	0	/data/alpha_team2/shares/llm_return/datasets/sina_cninfo_full_2010_2026/single_stock_cninfo_v1/classification_results_v1/next1_to_next1/classification/bge_m3_short_full_max_sgd_none_0.json	next_day_return	next_day_return
673	/data/alpha_team2/shares/llm_return/datasets/sina_cninfo_full_2010_2026/single_stock_cninfo_v1/embeddings	bge_m3	short	full_max	simple_mlp	none	0	/data/alpha_team2/shares/llm_return/datasets/sina_cninfo_full_2010_2026/single_stock_cninfo_v1/classification_results_v1/next1_to_next1/classification/bge_m3_short_full_max_simple_mlp_none_0.json	next_day_return	next_day_return
674	/data/alpha_team2/shares/llm_return/datasets/sina_cninfo_full_2010_2026/single_stock_cninfo_v1/embeddings	bge_m3	short	full_max	hist_gradient_boosting	none	0	/data/alpha_team2/shares/llm_return/datasets/sina_cninfo_full_2010_2026/single_stock_cninfo_v1/classification_results_v1/next1_to_next1/classification/bge_m3_short_full_max_hist_gradient_boosting_none_0.json	next_day_return	next_day_return
675	/data/alpha_team2/shares/llm_return/datasets/sina_cninfo_full_2010_2026/single_stock_cninfo_v1/embeddings	bge_m3	masked_short	body_mean	logistic	none	0	/data/alpha_team2/shares/llm_return/datasets/sina_cninfo_full_2010_2026/single_stock_cninfo_v1/classification_results_v1/next1_to_next1/classification/bge_m3_masked_short_body_mean_logistic_none_0.json	next_day_return	next_day_return
676	/data/alpha_team2/shares/llm_return/datasets/sina_cninfo_full_2010_2026/single_stock_cninfo_v1/embeddings	bge_m3	masked_short	body_mean	linear_svm	none	0	/data/alpha_team2/shares/llm_return/datasets/sina_cninfo_full_2010_2026/single_stock_cninfo_v1/classification_results_v1/next1_to_next1/classification/bge_m3_masked_short_body_mean_linear_svm_none_0.json	next_day_return	next_day_return
677	/data/alpha_team2/shares/llm_return/datasets/sina_cninfo_full_2010_2026/single_stock_cninfo_v1/embeddings	bge_m3	masked_short	body_mean	sgd	none	0	/data/alpha_team2/shares/llm_return/datasets/sina_cninfo_full_2010_2026/single_stock_cninfo_v1/classification_results_v1/next1_to_next1/classification/bge_m3_masked_short_body_mean_sgd_none_0.json	next_day_return	next_day_return
678	/data/alpha_team2/shares/llm_return/datasets/sina_cninfo_full_2010_2026/single_stock_cninfo_v1/embeddings	bge_m3	masked_short	body_mean	simple_mlp	none	0	/data/alpha_team2/shares/llm_return/datasets/sina_cninfo_full_2010_2026/single_stock_cninfo_v1/classification_results_v1/next1_to_next1/classification/bge_m3_masked_short_body_mean_simple_mlp_none_0.json	next_day_return	next_day_return
679	/data/alpha_team2/shares/llm_return/datasets/sina_cninfo_full_2010_2026/single_stock_cninfo_v1/embeddings	bge_m3	masked_short	body_mean	hist_gradient_boosting	none	0	/data/alpha_team2/shares/llm_return/datasets/sina_cninfo_full_2010_2026/single_stock_cninfo_v1/classification_results_v1/next1_to_next1/classification/bge_m3_masked_short_body_mean_hist_gradient_boosting_none_0.json	next_day_return	next_day_return
680	/data/alpha_team2/shares/llm_return/datasets/sina_cninfo_full_2010_2026/single_stock_cninfo_v1/embeddings	bge_m3	masked_short	title_body_mean	logistic	none	0	/data/alpha_team2/shares/llm_return/datasets/sina_cninfo_full_2010_2026/single_stock_cninfo_v1/classification_results_v1/next1_to_next1/classification/bge_m3_masked_short_title_body_mean_logistic_none_0.json	next_day_return	next_day_return
681	/data/alpha_team2/shares/llm_return/datasets/sina_cninfo_full_2010_2026/single_stock_cninfo_v1/embeddings	bge_m3	masked_short	title_body_mean	linear_svm	none	0	/data/alpha_team2/shares/llm_return/datasets/sina_cninfo_full_2010_2026/single_stock_cninfo_v1/classification_results_v1/next1_to_next1/classification/bge_m3_masked_short_title_body_mean_linear_svm_none_0.json	next_day_return	next_day_return
682	/data/alpha_team2/shares/llm_return/datasets/sina_cninfo_full_2010_2026/single_stock_cninfo_v1/embeddings	bge_m3	masked_short	title_body_mean	sgd	none	0	/data/alpha_team2/shares/llm_return/datasets/sina_cninfo_full_2010_2026/single_stock_cninfo_v1/classification_results_v1/next1_to_next1/classification/bge_m3_masked_short_title_body_mean_sgd_none_0.json	next_day_return	next_day_return
683	/data/alpha_team2/shares/llm_return/datasets/sina_cninfo_full_2010_2026/single_stock_cninfo_v1/embeddings	bge_m3	masked_short	title_body_mean	simple_mlp	none	0	/data/alpha_team2/shares/llm_return/datasets/sina_cninfo_full_2010_2026/single_stock_cninfo_v1/classification_results_v1/next1_to_next1/classification/bge_m3_masked_short_title_body_mean_simple_mlp_none_0.json	next_day_return	next_day_return
684	/data/alpha_team2/shares/llm_return/datasets/sina_cninfo_full_2010_2026/single_stock_cninfo_v1/embeddings	bge_m3	masked_short	title_body_mean	hist_gradient_boosting	none	0	/data/alpha_team2/shares/llm_return/datasets/sina_cninfo_full_2010_2026/single_stock_cninfo_v1/classification_results_v1/next1_to_next1/classification/bge_m3_masked_short_title_body_mean_hist_gradient_boosting_none_0.json	next_day_return	next_day_return
685	/data/alpha_team2/shares/llm_return/datasets/sina_cninfo_full_2010_2026/single_stock_cninfo_v1/embeddings	bge_m3	masked_short	full_mean	logistic	none	0	/data/alpha_team2/shares/llm_return/datasets/sina_cninfo_full_2010_2026/single_stock_cninfo_v1/classification_results_v1/next1_to_next1/classification/bge_m3_masked_short_full_mean_logistic_none_0.json	next_day_return	next_day_return
686	/data/alpha_team2/shares/llm_return/datasets/sina_cninfo_full_2010_2026/single_stock_cninfo_v1/embeddings	bge_m3	masked_short	full_mean	linear_svm	none	0	/data/alpha_team2/shares/llm_return/datasets/sina_cninfo_full_2010_2026/single_stock_cninfo_v1/classification_results_v1/next1_to_next1/classification/bge_m3_masked_short_full_mean_linear_svm_none_0.json	next_day_return	next_day_return
687	/data/alpha_team2/shares/llm_return/datasets/sina_cninfo_full_2010_2026/single_stock_cninfo_v1/embeddings	bge_m3	masked_short	full_mean	sgd	none	0	/data/alpha_team2/shares/llm_return/datasets/sina_cninfo_full_2010_2026/single_stock_cninfo_v1/classification_results_v1/next1_to_next1/classification/bge_m3_masked_short_full_mean_sgd_none_0.json	next_day_return	next_day_return
688	/data/alpha_team2/shares/llm_return/datasets/sina_cninfo_full_2010_2026/single_stock_cninfo_v1/embeddings	bge_m3	masked_short	full_mean	simple_mlp	none	0	/data/alpha_team2/shares/llm_return/datasets/sina_cninfo_full_2010_2026/single_stock_cninfo_v1/classification_results_v1/next1_to_next1/classification/bge_m3_masked_short_full_mean_simple_mlp_none_0.json	next_day_return	next_day_return
689	/data/alpha_team2/shares/llm_return/datasets/sina_cninfo_full_2010_2026/single_stock_cninfo_v1/embeddings	bge_m3	masked_short	full_mean	hist_gradient_boosting	none	0	/data/alpha_team2/shares/llm_return/datasets/sina_cninfo_full_2010_2026/single_stock_cninfo_v1/classification_results_v1/next1_to_next1/classification/bge_m3_masked_short_full_mean_hist_gradient_boosting_none_0.json	next_day_return	next_day_return
690	/data/alpha_team2/shares/llm_return/datasets/sina_cninfo_full_2010_2026/single_stock_cninfo_v1/embeddings	bge_m3	masked_short	cls	logistic	none	0	/data/alpha_team2/shares/llm_return/datasets/sina_cninfo_full_2010_2026/single_stock_cninfo_v1/classification_results_v1/next1_to_next1/classification/bge_m3_masked_short_cls_logistic_none_0.json	next_day_return	next_day_return
691	/data/alpha_team2/shares/llm_return/datasets/sina_cninfo_full_2010_2026/single_stock_cninfo_v1/embeddings	bge_m3	masked_short	cls	linear_svm	none	0	/data/alpha_team2/shares/llm_return/datasets/sina_cninfo_full_2010_2026/single_stock_cninfo_v1/classification_results_v1/next1_to_next1/classification/bge_m3_masked_short_cls_linear_svm_none_0.json	next_day_return	next_day_return
692	/data/alpha_team2/shares/llm_return/datasets/sina_cninfo_full_2010_2026/single_stock_cninfo_v1/embeddings	bge_m3	masked_short	cls	sgd	none	0	/data/alpha_team2/shares/llm_return/datasets/sina_cninfo_full_2010_2026/single_stock_cninfo_v1/classification_results_v1/next1_to_next1/classification/bge_m3_masked_short_cls_sgd_none_0.json	next_day_return	next_day_return
693	/data/alpha_team2/shares/llm_return/datasets/sina_cninfo_full_2010_2026/single_stock_cninfo_v1/embeddings	bge_m3	masked_short	cls	simple_mlp	none	0	/data/alpha_team2/shares/llm_return/datasets/sina_cninfo_full_2010_2026/single_stock_cninfo_v1/classification_results_v1/next1_to_next1/classification/bge_m3_masked_short_cls_simple_mlp_none_0.json	next_day_return	next_day_return
694	/data/alpha_team2/shares/llm_return/datasets/sina_cninfo_full_2010_2026/single_stock_cninfo_v1/embeddings	bge_m3	masked_short	cls	hist_gradient_boosting	none	0	/data/alpha_team2/shares/llm_return/datasets/sina_cninfo_full_2010_2026/single_stock_cninfo_v1/classification_results_v1/next1_to_next1/classification/bge_m3_masked_short_cls_hist_gradient_boosting_none_0.json	next_day_return	next_day_return
695	/data/alpha_team2/shares/llm_return/datasets/sina_cninfo_full_2010_2026/single_stock_cninfo_v1/embeddings	bge_m3	masked_short	full_max	logistic	none	0	/data/alpha_team2/shares/llm_return/datasets/sina_cninfo_full_2010_2026/single_stock_cninfo_v1/classification_results_v1/next1_to_next1/classification/bge_m3_masked_short_full_max_logistic_none_0.json	next_day_return	next_day_return
696	/data/alpha_team2/shares/llm_return/datasets/sina_cninfo_full_2010_2026/single_stock_cninfo_v1/embeddings	bge_m3	masked_short	full_max	linear_svm	none	0	/data/alpha_team2/shares/llm_return/datasets/sina_cninfo_full_2010_2026/single_stock_cninfo_v1/classification_results_v1/next1_to_next1/classification/bge_m3_masked_short_full_max_linear_svm_none_0.json	next_day_return	next_day_return
697	/data/alpha_team2/shares/llm_return/datasets/sina_cninfo_full_2010_2026/single_stock_cninfo_v1/embeddings	bge_m3	masked_short	full_max	sgd	none	0	/data/alpha_team2/shares/llm_return/datasets/sina_cninfo_full_2010_2026/single_stock_cninfo_v1/classification_results_v1/next1_to_next1/classification/bge_m3_masked_short_full_max_sgd_none_0.json	next_day_return	next_day_return
698	/data/alpha_team2/shares/llm_return/datasets/sina_cninfo_full_2010_2026/single_stock_cninfo_v1/embeddings	bge_m3	masked_short	full_max	simple_mlp	none	0	/data/alpha_team2/shares/llm_return/datasets/sina_cninfo_full_2010_2026/single_stock_cninfo_v1/classification_results_v1/next1_to_next1/classification/bge_m3_masked_short_full_max_simple_mlp_none_0.json	next_day_return	next_day_return
699	/data/alpha_team2/shares/llm_return/datasets/sina_cninfo_full_2010_2026/single_stock_cninfo_v1/embeddings	bge_m3	masked_short	full_max	hist_gradient_boosting	none	0	/data/alpha_team2/shares/llm_return/datasets/sina_cninfo_full_2010_2026/single_stock_cninfo_v1/classification_results_v1/next1_to_next1/classification/bge_m3_masked_short_full_max_hist_gradient_boosting_none_0.json	next_day_return	next_day_return
700	/data/alpha_team2/shares/llm_return/datasets/sina_cninfo_full_2010_2026/single_stock_cninfo_v1/embeddings	bge_m3	long	body_mean	logistic	none	0	/data/alpha_team2/shares/llm_return/datasets/sina_cninfo_full_2010_2026/single_stock_cninfo_v1/classification_results_v1/next1_to_next1/classification/bge_m3_long_body_mean_logistic_none_0.json	next_day_return	next_day_return
701	/data/alpha_team2/shares/llm_return/datasets/sina_cninfo_full_2010_2026/single_stock_cninfo_v1/embeddings	bge_m3	long	body_mean	linear_svm	none	0	/data/alpha_team2/shares/llm_return/datasets/sina_cninfo_full_2010_2026/single_stock_cninfo_v1/classification_results_v1/next1_to_next1/classification/bge_m3_long_body_mean_linear_svm_none_0.json	next_day_return	next_day_return
702	/data/alpha_team2/shares/llm_return/datasets/sina_cninfo_full_2010_2026/single_stock_cninfo_v1/embeddings	bge_m3	long	body_mean	sgd	none	0	/data/alpha_team2/shares/llm_return/datasets/sina_cninfo_full_2010_2026/single_stock_cninfo_v1/classification_results_v1/next1_to_next1/classification/bge_m3_long_body_mean_sgd_none_0.json	next_day_return	next_day_return
703	/data/alpha_team2/shares/llm_return/datasets/sina_cninfo_full_2010_2026/single_stock_cninfo_v1/embeddings	bge_m3	long	body_mean	simple_mlp	none	0	/data/alpha_team2/shares/llm_return/datasets/sina_cninfo_full_2010_2026/single_stock_cninfo_v1/classification_results_v1/next1_to_next1/classification/bge_m3_long_body_mean_simple_mlp_none_0.json	next_day_return	next_day_return
704	/data/alpha_team2/shares/llm_return/datasets/sina_cninfo_full_2010_2026/single_stock_cninfo_v1/embeddings	bge_m3	long	body_mean	hist_gradient_boosting	none	0	/data/alpha_team2/shares/llm_return/datasets/sina_cninfo_full_2010_2026/single_stock_cninfo_v1/classification_results_v1/next1_to_next1/classification/bge_m3_long_body_mean_hist_gradient_boosting_none_0.json	next_day_return	next_day_return
705	/data/alpha_team2/shares/llm_return/datasets/sina_cninfo_full_2010_2026/single_stock_cninfo_v1/embeddings	bge_m3	long	title_body_mean	logistic	none	0	/data/alpha_team2/shares/llm_return/datasets/sina_cninfo_full_2010_2026/single_stock_cninfo_v1/classification_results_v1/next1_to_next1/classification/bge_m3_long_title_body_mean_logistic_none_0.json	next_day_return	next_day_return
706	/data/alpha_team2/shares/llm_return/datasets/sina_cninfo_full_2010_2026/single_stock_cninfo_v1/embeddings	bge_m3	long	title_body_mean	linear_svm	none	0	/data/alpha_team2/shares/llm_return/datasets/sina_cninfo_full_2010_2026/single_stock_cninfo_v1/classification_results_v1/next1_to_next1/classification/bge_m3_long_title_body_mean_linear_svm_none_0.json	next_day_return	next_day_return
707	/data/alpha_team2/shares/llm_return/datasets/sina_cninfo_full_2010_2026/single_stock_cninfo_v1/embeddings	bge_m3	long	title_body_mean	sgd	none	0	/data/alpha_team2/shares/llm_return/datasets/sina_cninfo_full_2010_2026/single_stock_cninfo_v1/classification_results_v1/next1_to_next1/classification/bge_m3_long_title_body_mean_sgd_none_0.json	next_day_return	next_day_return
708	/data/alpha_team2/shares/llm_return/datasets/sina_cninfo_full_2010_2026/single_stock_cninfo_v1/embeddings	bge_m3	long	title_body_mean	simple_mlp	none	0	/data/alpha_team2/shares/llm_return/datasets/sina_cninfo_full_2010_2026/single_stock_cninfo_v1/classification_results_v1/next1_to_next1/classification/bge_m3_long_title_body_mean_simple_mlp_none_0.json	next_day_return	next_day_return
709	/data/alpha_team2/shares/llm_return/datasets/sina_cninfo_full_2010_2026/single_stock_cninfo_v1/embeddings	bge_m3	long	title_body_mean	hist_gradient_boosting	none	0	/data/alpha_team2/shares/llm_return/datasets/sina_cninfo_full_2010_2026/single_stock_cninfo_v1/classification_results_v1/next1_to_next1/classification/bge_m3_long_title_body_mean_hist_gradient_boosting_none_0.json	next_day_return	next_day_return
710	/data/alpha_team2/shares/llm_return/datasets/sina_cninfo_full_2010_2026/single_stock_cninfo_v1/embeddings	bge_m3	long	full_mean	logistic	none	0	/data/alpha_team2/shares/llm_return/datasets/sina_cninfo_full_2010_2026/single_stock_cninfo_v1/classification_results_v1/next1_to_next1/classification/bge_m3_long_full_mean_logistic_none_0.json	next_day_return	next_day_return
711	/data/alpha_team2/shares/llm_return/datasets/sina_cninfo_full_2010_2026/single_stock_cninfo_v1/embeddings	bge_m3	long	full_mean	linear_svm	none	0	/data/alpha_team2/shares/llm_return/datasets/sina_cninfo_full_2010_2026/single_stock_cninfo_v1/classification_results_v1/next1_to_next1/classification/bge_m3_long_full_mean_linear_svm_none_0.json	next_day_return	next_day_return
712	/data/alpha_team2/shares/llm_return/datasets/sina_cninfo_full_2010_2026/single_stock_cninfo_v1/embeddings	bge_m3	long	full_mean	sgd	none	0	/data/alpha_team2/shares/llm_return/datasets/sina_cninfo_full_2010_2026/single_stock_cninfo_v1/classification_results_v1/next1_to_next1/classification/bge_m3_long_full_mean_sgd_none_0.json	next_day_return	next_day_return
713	/data/alpha_team2/shares/llm_return/datasets/sina_cninfo_full_2010_2026/single_stock_cninfo_v1/embeddings	bge_m3	long	full_mean	simple_mlp	none	0	/data/alpha_team2/shares/llm_return/datasets/sina_cninfo_full_2010_2026/single_stock_cninfo_v1/classification_results_v1/next1_to_next1/classification/bge_m3_long_full_mean_simple_mlp_none_0.json	next_day_return	next_day_return
714	/data/alpha_team2/shares/llm_return/datasets/sina_cninfo_full_2010_2026/single_stock_cninfo_v1/embeddings	bge_m3	long	full_mean	hist_gradient_boosting	none	0	/data/alpha_team2/shares/llm_return/datasets/sina_cninfo_full_2010_2026/single_stock_cninfo_v1/classification_results_v1/next1_to_next1/classification/bge_m3_long_full_mean_hist_gradient_boosting_none_0.json	next_day_return	next_day_return
715	/data/alpha_team2/shares/llm_return/datasets/sina_cninfo_full_2010_2026/single_stock_cninfo_v1/embeddings	bge_m3	long	cls	logistic	none	0	/data/alpha_team2/shares/llm_return/datasets/sina_cninfo_full_2010_2026/single_stock_cninfo_v1/classification_results_v1/next1_to_next1/classification/bge_m3_long_cls_logistic_none_0.json	next_day_return	next_day_return
716	/data/alpha_team2/shares/llm_return/datasets/sina_cninfo_full_2010_2026/single_stock_cninfo_v1/embeddings	bge_m3	long	cls	linear_svm	none	0	/data/alpha_team2/shares/llm_return/datasets/sina_cninfo_full_2010_2026/single_stock_cninfo_v1/classification_results_v1/next1_to_next1/classification/bge_m3_long_cls_linear_svm_none_0.json	next_day_return	next_day_return
717	/data/alpha_team2/shares/llm_return/datasets/sina_cninfo_full_2010_2026/single_stock_cninfo_v1/embeddings	bge_m3	long	cls	sgd	none	0	/data/alpha_team2/shares/llm_return/datasets/sina_cninfo_full_2010_2026/single_stock_cninfo_v1/classification_results_v1/next1_to_next1/classification/bge_m3_long_cls_sgd_none_0.json	next_day_return	next_day_return
718	/data/alpha_team2/shares/llm_return/datasets/sina_cninfo_full_2010_2026/single_stock_cninfo_v1/embeddings	bge_m3	long	cls	simple_mlp	none	0	/data/alpha_team2/shares/llm_return/datasets/sina_cninfo_full_2010_2026/single_stock_cninfo_v1/classification_results_v1/next1_to_next1/classification/bge_m3_long_cls_simple_mlp_none_0.json	next_day_return	next_day_return
719	/data/alpha_team2/shares/llm_return/datasets/sina_cninfo_full_2010_2026/single_stock_cninfo_v1/embeddings	bge_m3	long	cls	hist_gradient_boosting	none	0	/data/alpha_team2/shares/llm_return/datasets/sina_cninfo_full_2010_2026/single_stock_cninfo_v1/classification_results_v1/next1_to_next1/classification/bge_m3_long_cls_hist_gradient_boosting_none_0.json	next_day_return	next_day_return
720	/data/alpha_team2/shares/llm_return/datasets/sina_cninfo_full_2010_2026/single_stock_cninfo_v1/embeddings	bge_m3	long	full_max	logistic	none	0	/data/alpha_team2/shares/llm_return/datasets/sina_cninfo_full_2010_2026/single_stock_cninfo_v1/classification_results_v1/next1_to_next1/classification/bge_m3_long_full_max_logistic_none_0.json	next_day_return	next_day_return
721	/data/alpha_team2/shares/llm_return/datasets/sina_cninfo_full_2010_2026/single_stock_cninfo_v1/embeddings	bge_m3	long	full_max	linear_svm	none	0	/data/alpha_team2/shares/llm_return/datasets/sina_cninfo_full_2010_2026/single_stock_cninfo_v1/classification_results_v1/next1_to_next1/classification/bge_m3_long_full_max_linear_svm_none_0.json	next_day_return	next_day_return
722	/data/alpha_team2/shares/llm_return/datasets/sina_cninfo_full_2010_2026/single_stock_cninfo_v1/embeddings	bge_m3	long	full_max	sgd	none	0	/data/alpha_team2/shares/llm_return/datasets/sina_cninfo_full_2010_2026/single_stock_cninfo_v1/classification_results_v1/next1_to_next1/classification/bge_m3_long_full_max_sgd_none_0.json	next_day_return	next_day_return
723	/data/alpha_team2/shares/llm_return/datasets/sina_cninfo_full_2010_2026/single_stock_cninfo_v1/embeddings	bge_m3	long	full_max	simple_mlp	none	0	/data/alpha_team2/shares/llm_return/datasets/sina_cninfo_full_2010_2026/single_stock_cninfo_v1/classification_results_v1/next1_to_next1/classification/bge_m3_long_full_max_simple_mlp_none_0.json	next_day_return	next_day_return
724	/data/alpha_team2/shares/llm_return/datasets/sina_cninfo_full_2010_2026/single_stock_cninfo_v1/embeddings	bge_m3	long	full_max	hist_gradient_boosting	none	0	/data/alpha_team2/shares/llm_return/datasets/sina_cninfo_full_2010_2026/single_stock_cninfo_v1/classification_results_v1/next1_to_next1/classification/bge_m3_long_full_max_hist_gradient_boosting_none_0.json	next_day_return	next_day_return
725	/data/alpha_team2/shares/llm_return/datasets/sina_cninfo_full_2010_2026/single_stock_cninfo_v1/embeddings	bge_m3	masked_long	body_mean	logistic	none	0	/data/alpha_team2/shares/llm_return/datasets/sina_cninfo_full_2010_2026/single_stock_cninfo_v1/classification_results_v1/next1_to_next1/classification/bge_m3_masked_long_body_mean_logistic_none_0.json	next_day_return	next_day_return
726	/data/alpha_team2/shares/llm_return/datasets/sina_cninfo_full_2010_2026/single_stock_cninfo_v1/embeddings	bge_m3	masked_long	body_mean	linear_svm	none	0	/data/alpha_team2/shares/llm_return/datasets/sina_cninfo_full_2010_2026/single_stock_cninfo_v1/classification_results_v1/next1_to_next1/classification/bge_m3_masked_long_body_mean_linear_svm_none_0.json	next_day_return	next_day_return
727	/data/alpha_team2/shares/llm_return/datasets/sina_cninfo_full_2010_2026/single_stock_cninfo_v1/embeddings	bge_m3	masked_long	body_mean	sgd	none	0	/data/alpha_team2/shares/llm_return/datasets/sina_cninfo_full_2010_2026/single_stock_cninfo_v1/classification_results_v1/next1_to_next1/classification/bge_m3_masked_long_body_mean_sgd_none_0.json	next_day_return	next_day_return
728	/data/alpha_team2/shares/llm_return/datasets/sina_cninfo_full_2010_2026/single_stock_cninfo_v1/embeddings	bge_m3	masked_long	body_mean	simple_mlp	none	0	/data/alpha_team2/shares/llm_return/datasets/sina_cninfo_full_2010_2026/single_stock_cninfo_v1/classification_results_v1/next1_to_next1/classification/bge_m3_masked_long_body_mean_simple_mlp_none_0.json	next_day_return	next_day_return
729	/data/alpha_team2/shares/llm_return/datasets/sina_cninfo_full_2010_2026/single_stock_cninfo_v1/embeddings	bge_m3	masked_long	body_mean	hist_gradient_boosting	none	0	/data/alpha_team2/shares/llm_return/datasets/sina_cninfo_full_2010_2026/single_stock_cninfo_v1/classification_results_v1/next1_to_next1/classification/bge_m3_masked_long_body_mean_hist_gradient_boosting_none_0.json	next_day_return	next_day_return
730	/data/alpha_team2/shares/llm_return/datasets/sina_cninfo_full_2010_2026/single_stock_cninfo_v1/embeddings	bge_m3	masked_long	title_body_mean	logistic	none	0	/data/alpha_team2/shares/llm_return/datasets/sina_cninfo_full_2010_2026/single_stock_cninfo_v1/classification_results_v1/next1_to_next1/classification/bge_m3_masked_long_title_body_mean_logistic_none_0.json	next_day_return	next_day_return
731	/data/alpha_team2/shares/llm_return/datasets/sina_cninfo_full_2010_2026/single_stock_cninfo_v1/embeddings	bge_m3	masked_long	title_body_mean	linear_svm	none	0	/data/alpha_team2/shares/llm_return/datasets/sina_cninfo_full_2010_2026/single_stock_cninfo_v1/classification_results_v1/next1_to_next1/classification/bge_m3_masked_long_title_body_mean_linear_svm_none_0.json	next_day_return	next_day_return
732	/data/alpha_team2/shares/llm_return/datasets/sina_cninfo_full_2010_2026/single_stock_cninfo_v1/embeddings	bge_m3	masked_long	title_body_mean	sgd	none	0	/data/alpha_team2/shares/llm_return/datasets/sina_cninfo_full_2010_2026/single_stock_cninfo_v1/classification_results_v1/next1_to_next1/classification/bge_m3_masked_long_title_body_mean_sgd_none_0.json	next_day_return	next_day_return
733	/data/alpha_team2/shares/llm_return/datasets/sina_cninfo_full_2010_2026/single_stock_cninfo_v1/embeddings	bge_m3	masked_long	title_body_mean	simple_mlp	none	0	/data/alpha_team2/shares/llm_return/datasets/sina_cninfo_full_2010_2026/single_stock_cninfo_v1/classification_results_v1/next1_to_next1/classification/bge_m3_masked_long_title_body_mean_simple_mlp_none_0.json	next_day_return	next_day_return
734	/data/alpha_team2/shares/llm_return/datasets/sina_cninfo_full_2010_2026/single_stock_cninfo_v1/embeddings	bge_m3	masked_long	title_body_mean	hist_gradient_boosting	none	0	/data/alpha_team2/shares/llm_return/datasets/sina_cninfo_full_2010_2026/single_stock_cninfo_v1/classification_results_v1/next1_to_next1/classification/bge_m3_masked_long_title_body_mean_hist_gradient_boosting_none_0.json	next_day_return	next_day_return
735	/data/alpha_team2/shares/llm_return/datasets/sina_cninfo_full_2010_2026/single_stock_cninfo_v1/embeddings	bge_m3	masked_long	full_mean	logistic	none	0	/data/alpha_team2/shares/llm_return/datasets/sina_cninfo_full_2010_2026/single_stock_cninfo_v1/classification_results_v1/next1_to_next1/classification/bge_m3_masked_long_full_mean_logistic_none_0.json	next_day_return	next_day_return
736	/data/alpha_team2/shares/llm_return/datasets/sina_cninfo_full_2010_2026/single_stock_cninfo_v1/embeddings	bge_m3	masked_long	full_mean	linear_svm	none	0	/data/alpha_team2/shares/llm_return/datasets/sina_cninfo_full_2010_2026/single_stock_cninfo_v1/classification_results_v1/next1_to_next1/classification/bge_m3_masked_long_full_mean_linear_svm_none_0.json	next_day_return	next_day_return
737	/data/alpha_team2/shares/llm_return/datasets/sina_cninfo_full_2010_2026/single_stock_cninfo_v1/embeddings	bge_m3	masked_long	full_mean	sgd	none	0	/data/alpha_team2/shares/llm_return/datasets/sina_cninfo_full_2010_2026/single_stock_cninfo_v1/classification_results_v1/next1_to_next1/classification/bge_m3_masked_long_full_mean_sgd_none_0.json	next_day_return	next_day_return
738	/data/alpha_team2/shares/llm_return/datasets/sina_cninfo_full_2010_2026/single_stock_cninfo_v1/embeddings	bge_m3	masked_long	full_mean	simple_mlp	none	0	/data/alpha_team2/shares/llm_return/datasets/sina_cninfo_full_2010_2026/single_stock_cninfo_v1/classification_results_v1/next1_to_next1/classification/bge_m3_masked_long_full_mean_simple_mlp_none_0.json	next_day_return	next_day_return
739	/data/alpha_team2/shares/llm_return/datasets/sina_cninfo_full_2010_2026/single_stock_cninfo_v1/embeddings	bge_m3	masked_long	full_mean	hist_gradient_boosting	none	0	/data/alpha_team2/shares/llm_return/datasets/sina_cninfo_full_2010_2026/single_stock_cninfo_v1/classification_results_v1/next1_to_next1/classification/bge_m3_masked_long_full_mean_hist_gradient_boosting_none_0.json	next_day_return	next_day_return
740	/data/alpha_team2/shares/llm_return/datasets/sina_cninfo_full_2010_2026/single_stock_cninfo_v1/embeddings	bge_m3	masked_long	cls	logistic	none	0	/data/alpha_team2/shares/llm_return/datasets/sina_cninfo_full_2010_2026/single_stock_cninfo_v1/classification_results_v1/next1_to_next1/classification/bge_m3_masked_long_cls_logistic_none_0.json	next_day_return	next_day_return
741	/data/alpha_team2/shares/llm_return/datasets/sina_cninfo_full_2010_2026/single_stock_cninfo_v1/embeddings	bge_m3	masked_long	cls	linear_svm	none	0	/data/alpha_team2/shares/llm_return/datasets/sina_cninfo_full_2010_2026/single_stock_cninfo_v1/classification_results_v1/next1_to_next1/classification/bge_m3_masked_long_cls_linear_svm_none_0.json	next_day_return	next_day_return
742	/data/alpha_team2/shares/llm_return/datasets/sina_cninfo_full_2010_2026/single_stock_cninfo_v1/embeddings	bge_m3	masked_long	cls	sgd	none	0	/data/alpha_team2/shares/llm_return/datasets/sina_cninfo_full_2010_2026/single_stock_cninfo_v1/classification_results_v1/next1_to_next1/classification/bge_m3_masked_long_cls_sgd_none_0.json	next_day_return	next_day_return
743	/data/alpha_team2/shares/llm_return/datasets/sina_cninfo_full_2010_2026/single_stock_cninfo_v1/embeddings	bge_m3	masked_long	cls	simple_mlp	none	0	/data/alpha_team2/shares/llm_return/datasets/sina_cninfo_full_2010_2026/single_stock_cninfo_v1/classification_results_v1/next1_to_next1/classification/bge_m3_masked_long_cls_simple_mlp_none_0.json	next_day_return	next_day_return
744	/data/alpha_team2/shares/llm_return/datasets/sina_cninfo_full_2010_2026/single_stock_cninfo_v1/embeddings	bge_m3	masked_long	cls	hist_gradient_boosting	none	0	/data/alpha_team2/shares/llm_return/datasets/sina_cninfo_full_2010_2026/single_stock_cninfo_v1/classification_results_v1/next1_to_next1/classification/bge_m3_masked_long_cls_hist_gradient_boosting_none_0.json	next_day_return	next_day_return
745	/data/alpha_team2/shares/llm_return/datasets/sina_cninfo_full_2010_2026/single_stock_cninfo_v1/embeddings	bge_m3	masked_long	full_max	logistic	none	0	/data/alpha_team2/shares/llm_return/datasets/sina_cninfo_full_2010_2026/single_stock_cninfo_v1/classification_results_v1/next1_to_next1/classification/bge_m3_masked_long_full_max_logistic_none_0.json	next_day_return	next_day_return
746	/data/alpha_team2/shares/llm_return/datasets/sina_cninfo_full_2010_2026/single_stock_cninfo_v1/embeddings	bge_m3	masked_long	full_max	linear_svm	none	0	/data/alpha_team2/shares/llm_return/datasets/sina_cninfo_full_2010_2026/single_stock_cninfo_v1/classification_results_v1/next1_to_next1/classification/bge_m3_masked_long_full_max_linear_svm_none_0.json	next_day_return	next_day_return
747	/data/alpha_team2/shares/llm_return/datasets/sina_cninfo_full_2010_2026/single_stock_cninfo_v1/embeddings	bge_m3	masked_long	full_max	sgd	none	0	/data/alpha_team2/shares/llm_return/datasets/sina_cninfo_full_2010_2026/single_stock_cninfo_v1/classification_results_v1/next1_to_next1/classification/bge_m3_masked_long_full_max_sgd_none_0.json	next_day_return	next_day_return
748	/data/alpha_team2/shares/llm_return/datasets/sina_cninfo_full_2010_2026/single_stock_cninfo_v1/embeddings	bge_m3	masked_long	full_max	simple_mlp	none	0	/data/alpha_team2/shares/llm_return/datasets/sina_cninfo_full_2010_2026/single_stock_cninfo_v1/classification_results_v1/next1_to_next1/classification/bge_m3_masked_long_full_max_simple_mlp_none_0.json	next_day_return	next_day_return
749	/data/alpha_team2/shares/llm_return/datasets/sina_cninfo_full_2010_2026/single_stock_cninfo_v1/embeddings	bge_m3	masked_long	full_max	hist_gradient_boosting	none	0	/data/alpha_team2/shares/llm_return/datasets/sina_cninfo_full_2010_2026/single_stock_cninfo_v1/classification_results_v1/next1_to_next1/classification/bge_m3_masked_long_full_max_hist_gradient_boosting_none_0.json	next_day_return	next_day_return
750	/data/alpha_team2/shares/llm_return/datasets/sina_cninfo_full_2010_2026/single_stock_cninfo_v1/embeddings	ckip_bert	plain	body_mean	logistic	none	0	/data/alpha_team2/shares/llm_return/datasets/sina_cninfo_full_2010_2026/single_stock_cninfo_v1/classification_results_v1/next1_to_next1/classification/ckip_bert_plain_body_mean_logistic_none_0.json	next_day_return	next_day_return
751	/data/alpha_team2/shares/llm_return/datasets/sina_cninfo_full_2010_2026/single_stock_cninfo_v1/embeddings	ckip_bert	plain	body_mean	linear_svm	none	0	/data/alpha_team2/shares/llm_return/datasets/sina_cninfo_full_2010_2026/single_stock_cninfo_v1/classification_results_v1/next1_to_next1/classification/ckip_bert_plain_body_mean_linear_svm_none_0.json	next_day_return	next_day_return
752	/data/alpha_team2/shares/llm_return/datasets/sina_cninfo_full_2010_2026/single_stock_cninfo_v1/embeddings	ckip_bert	plain	body_mean	sgd	none	0	/data/alpha_team2/shares/llm_return/datasets/sina_cninfo_full_2010_2026/single_stock_cninfo_v1/classification_results_v1/next1_to_next1/classification/ckip_bert_plain_body_mean_sgd_none_0.json	next_day_return	next_day_return
753	/data/alpha_team2/shares/llm_return/datasets/sina_cninfo_full_2010_2026/single_stock_cninfo_v1/embeddings	ckip_bert	plain	body_mean	simple_mlp	none	0	/data/alpha_team2/shares/llm_return/datasets/sina_cninfo_full_2010_2026/single_stock_cninfo_v1/classification_results_v1/next1_to_next1/classification/ckip_bert_plain_body_mean_simple_mlp_none_0.json	next_day_return	next_day_return
754	/data/alpha_team2/shares/llm_return/datasets/sina_cninfo_full_2010_2026/single_stock_cninfo_v1/embeddings	ckip_bert	plain	body_mean	hist_gradient_boosting	none	0	/data/alpha_team2/shares/llm_return/datasets/sina_cninfo_full_2010_2026/single_stock_cninfo_v1/classification_results_v1/next1_to_next1/classification/ckip_bert_plain_body_mean_hist_gradient_boosting_none_0.json	next_day_return	next_day_return
755	/data/alpha_team2/shares/llm_return/datasets/sina_cninfo_full_2010_2026/single_stock_cninfo_v1/embeddings	ckip_bert	plain	title_body_mean	logistic	none	0	/data/alpha_team2/shares/llm_return/datasets/sina_cninfo_full_2010_2026/single_stock_cninfo_v1/classification_results_v1/next1_to_next1/classification/ckip_bert_plain_title_body_mean_logistic_none_0.json	next_day_return	next_day_return
756	/data/alpha_team2/shares/llm_return/datasets/sina_cninfo_full_2010_2026/single_stock_cninfo_v1/embeddings	ckip_bert	plain	title_body_mean	linear_svm	none	0	/data/alpha_team2/shares/llm_return/datasets/sina_cninfo_full_2010_2026/single_stock_cninfo_v1/classification_results_v1/next1_to_next1/classification/ckip_bert_plain_title_body_mean_linear_svm_none_0.json	next_day_return	next_day_return
757	/data/alpha_team2/shares/llm_return/datasets/sina_cninfo_full_2010_2026/single_stock_cninfo_v1/embeddings	ckip_bert	plain	title_body_mean	sgd	none	0	/data/alpha_team2/shares/llm_return/datasets/sina_cninfo_full_2010_2026/single_stock_cninfo_v1/classification_results_v1/next1_to_next1/classification/ckip_bert_plain_title_body_mean_sgd_none_0.json	next_day_return	next_day_return
758	/data/alpha_team2/shares/llm_return/datasets/sina_cninfo_full_2010_2026/single_stock_cninfo_v1/embeddings	ckip_bert	plain	title_body_mean	simple_mlp	none	0	/data/alpha_team2/shares/llm_return/datasets/sina_cninfo_full_2010_2026/single_stock_cninfo_v1/classification_results_v1/next1_to_next1/classification/ckip_bert_plain_title_body_mean_simple_mlp_none_0.json	next_day_return	next_day_return
759	/data/alpha_team2/shares/llm_return/datasets/sina_cninfo_full_2010_2026/single_stock_cninfo_v1/embeddings	ckip_bert	plain	title_body_mean	hist_gradient_boosting	none	0	/data/alpha_team2/shares/llm_return/datasets/sina_cninfo_full_2010_2026/single_stock_cninfo_v1/classification_results_v1/next1_to_next1/classification/ckip_bert_plain_title_body_mean_hist_gradient_boosting_none_0.json	next_day_return	next_day_return
760	/data/alpha_team2/shares/llm_return/datasets/sina_cninfo_full_2010_2026/single_stock_cninfo_v1/embeddings	ckip_bert	plain	full_mean	logistic	none	0	/data/alpha_team2/shares/llm_return/datasets/sina_cninfo_full_2010_2026/single_stock_cninfo_v1/classification_results_v1/next1_to_next1/classification/ckip_bert_plain_full_mean_logistic_none_0.json	next_day_return	next_day_return
761	/data/alpha_team2/shares/llm_return/datasets/sina_cninfo_full_2010_2026/single_stock_cninfo_v1/embeddings	ckip_bert	plain	full_mean	linear_svm	none	0	/data/alpha_team2/shares/llm_return/datasets/sina_cninfo_full_2010_2026/single_stock_cninfo_v1/classification_results_v1/next1_to_next1/classification/ckip_bert_plain_full_mean_linear_svm_none_0.json	next_day_return	next_day_return
762	/data/alpha_team2/shares/llm_return/datasets/sina_cninfo_full_2010_2026/single_stock_cninfo_v1/embeddings	ckip_bert	plain	full_mean	sgd	none	0	/data/alpha_team2/shares/llm_return/datasets/sina_cninfo_full_2010_2026/single_stock_cninfo_v1/classification_results_v1/next1_to_next1/classification/ckip_bert_plain_full_mean_sgd_none_0.json	next_day_return	next_day_return
763	/data/alpha_team2/shares/llm_return/datasets/sina_cninfo_full_2010_2026/single_stock_cninfo_v1/embeddings	ckip_bert	plain	full_mean	simple_mlp	none	0	/data/alpha_team2/shares/llm_return/datasets/sina_cninfo_full_2010_2026/single_stock_cninfo_v1/classification_results_v1/next1_to_next1/classification/ckip_bert_plain_full_mean_simple_mlp_none_0.json	next_day_return	next_day_return
764	/data/alpha_team2/shares/llm_return/datasets/sina_cninfo_full_2010_2026/single_stock_cninfo_v1/embeddings	ckip_bert	plain	full_mean	hist_gradient_boosting	none	0	/data/alpha_team2/shares/llm_return/datasets/sina_cninfo_full_2010_2026/single_stock_cninfo_v1/classification_results_v1/next1_to_next1/classification/ckip_bert_plain_full_mean_hist_gradient_boosting_none_0.json	next_day_return	next_day_return
765	/data/alpha_team2/shares/llm_return/datasets/sina_cninfo_full_2010_2026/single_stock_cninfo_v1/embeddings	ckip_bert	plain	cls	logistic	none	0	/data/alpha_team2/shares/llm_return/datasets/sina_cninfo_full_2010_2026/single_stock_cninfo_v1/classification_results_v1/next1_to_next1/classification/ckip_bert_plain_cls_logistic_none_0.json	next_day_return	next_day_return
766	/data/alpha_team2/shares/llm_return/datasets/sina_cninfo_full_2010_2026/single_stock_cninfo_v1/embeddings	ckip_bert	plain	cls	linear_svm	none	0	/data/alpha_team2/shares/llm_return/datasets/sina_cninfo_full_2010_2026/single_stock_cninfo_v1/classification_results_v1/next1_to_next1/classification/ckip_bert_plain_cls_linear_svm_none_0.json	next_day_return	next_day_return
767	/data/alpha_team2/shares/llm_return/datasets/sina_cninfo_full_2010_2026/single_stock_cninfo_v1/embeddings	ckip_bert	plain	cls	sgd	none	0	/data/alpha_team2/shares/llm_return/datasets/sina_cninfo_full_2010_2026/single_stock_cninfo_v1/classification_results_v1/next1_to_next1/classification/ckip_bert_plain_cls_sgd_none_0.json	next_day_return	next_day_return
768	/data/alpha_team2/shares/llm_return/datasets/sina_cninfo_full_2010_2026/single_stock_cninfo_v1/embeddings	ckip_bert	plain	cls	simple_mlp	none	0	/data/alpha_team2/shares/llm_return/datasets/sina_cninfo_full_2010_2026/single_stock_cninfo_v1/classification_results_v1/next1_to_next1/classification/ckip_bert_plain_cls_simple_mlp_none_0.json	next_day_return	next_day_return
769	/data/alpha_team2/shares/llm_return/datasets/sina_cninfo_full_2010_2026/single_stock_cninfo_v1/embeddings	ckip_bert	plain	cls	hist_gradient_boosting	none	0	/data/alpha_team2/shares/llm_return/datasets/sina_cninfo_full_2010_2026/single_stock_cninfo_v1/classification_results_v1/next1_to_next1/classification/ckip_bert_plain_cls_hist_gradient_boosting_none_0.json	next_day_return	next_day_return
770	/data/alpha_team2/shares/llm_return/datasets/sina_cninfo_full_2010_2026/single_stock_cninfo_v1/embeddings	ckip_bert	plain	full_max	logistic	none	0	/data/alpha_team2/shares/llm_return/datasets/sina_cninfo_full_2010_2026/single_stock_cninfo_v1/classification_results_v1/next1_to_next1/classification/ckip_bert_plain_full_max_logistic_none_0.json	next_day_return	next_day_return
771	/data/alpha_team2/shares/llm_return/datasets/sina_cninfo_full_2010_2026/single_stock_cninfo_v1/embeddings	ckip_bert	plain	full_max	linear_svm	none	0	/data/alpha_team2/shares/llm_return/datasets/sina_cninfo_full_2010_2026/single_stock_cninfo_v1/classification_results_v1/next1_to_next1/classification/ckip_bert_plain_full_max_linear_svm_none_0.json	next_day_return	next_day_return
772	/data/alpha_team2/shares/llm_return/datasets/sina_cninfo_full_2010_2026/single_stock_cninfo_v1/embeddings	ckip_bert	plain	full_max	sgd	none	0	/data/alpha_team2/shares/llm_return/datasets/sina_cninfo_full_2010_2026/single_stock_cninfo_v1/classification_results_v1/next1_to_next1/classification/ckip_bert_plain_full_max_sgd_none_0.json	next_day_return	next_day_return
773	/data/alpha_team2/shares/llm_return/datasets/sina_cninfo_full_2010_2026/single_stock_cninfo_v1/embeddings	ckip_bert	plain	full_max	simple_mlp	none	0	/data/alpha_team2/shares/llm_return/datasets/sina_cninfo_full_2010_2026/single_stock_cninfo_v1/classification_results_v1/next1_to_next1/classification/ckip_bert_plain_full_max_simple_mlp_none_0.json	next_day_return	next_day_return
774	/data/alpha_team2/shares/llm_return/datasets/sina_cninfo_full_2010_2026/single_stock_cninfo_v1/embeddings	ckip_bert	plain	full_max	hist_gradient_boosting	none	0	/data/alpha_team2/shares/llm_return/datasets/sina_cninfo_full_2010_2026/single_stock_cninfo_v1/classification_results_v1/next1_to_next1/classification/ckip_bert_plain_full_max_hist_gradient_boosting_none_0.json	next_day_return	next_day_return
775	/data/alpha_team2/shares/llm_return/datasets/sina_cninfo_full_2010_2026/single_stock_cninfo_v1/embeddings	ckip_bert	short	body_mean	logistic	none	0	/data/alpha_team2/shares/llm_return/datasets/sina_cninfo_full_2010_2026/single_stock_cninfo_v1/classification_results_v1/next1_to_next1/classification/ckip_bert_short_body_mean_logistic_none_0.json	next_day_return	next_day_return
776	/data/alpha_team2/shares/llm_return/datasets/sina_cninfo_full_2010_2026/single_stock_cninfo_v1/embeddings	ckip_bert	short	body_mean	linear_svm	none	0	/data/alpha_team2/shares/llm_return/datasets/sina_cninfo_full_2010_2026/single_stock_cninfo_v1/classification_results_v1/next1_to_next1/classification/ckip_bert_short_body_mean_linear_svm_none_0.json	next_day_return	next_day_return
777	/data/alpha_team2/shares/llm_return/datasets/sina_cninfo_full_2010_2026/single_stock_cninfo_v1/embeddings	ckip_bert	short	body_mean	sgd	none	0	/data/alpha_team2/shares/llm_return/datasets/sina_cninfo_full_2010_2026/single_stock_cninfo_v1/classification_results_v1/next1_to_next1/classification/ckip_bert_short_body_mean_sgd_none_0.json	next_day_return	next_day_return
778	/data/alpha_team2/shares/llm_return/datasets/sina_cninfo_full_2010_2026/single_stock_cninfo_v1/embeddings	ckip_bert	short	body_mean	simple_mlp	none	0	/data/alpha_team2/shares/llm_return/datasets/sina_cninfo_full_2010_2026/single_stock_cninfo_v1/classification_results_v1/next1_to_next1/classification/ckip_bert_short_body_mean_simple_mlp_none_0.json	next_day_return	next_day_return
779	/data/alpha_team2/shares/llm_return/datasets/sina_cninfo_full_2010_2026/single_stock_cninfo_v1/embeddings	ckip_bert	short	body_mean	hist_gradient_boosting	none	0	/data/alpha_team2/shares/llm_return/datasets/sina_cninfo_full_2010_2026/single_stock_cninfo_v1/classification_results_v1/next1_to_next1/classification/ckip_bert_short_body_mean_hist_gradient_boosting_none_0.json	next_day_return	next_day_return
780	/data/alpha_team2/shares/llm_return/datasets/sina_cninfo_full_2010_2026/single_stock_cninfo_v1/embeddings	ckip_bert	short	title_body_mean	logistic	none	0	/data/alpha_team2/shares/llm_return/datasets/sina_cninfo_full_2010_2026/single_stock_cninfo_v1/classification_results_v1/next1_to_next1/classification/ckip_bert_short_title_body_mean_logistic_none_0.json	next_day_return	next_day_return
781	/data/alpha_team2/shares/llm_return/datasets/sina_cninfo_full_2010_2026/single_stock_cninfo_v1/embeddings	ckip_bert	short	title_body_mean	linear_svm	none	0	/data/alpha_team2/shares/llm_return/datasets/sina_cninfo_full_2010_2026/single_stock_cninfo_v1/classification_results_v1/next1_to_next1/classification/ckip_bert_short_title_body_mean_linear_svm_none_0.json	next_day_return	next_day_return
782	/data/alpha_team2/shares/llm_return/datasets/sina_cninfo_full_2010_2026/single_stock_cninfo_v1/embeddings	ckip_bert	short	title_body_mean	sgd	none	0	/data/alpha_team2/shares/llm_return/datasets/sina_cninfo_full_2010_2026/single_stock_cninfo_v1/classification_results_v1/next1_to_next1/classification/ckip_bert_short_title_body_mean_sgd_none_0.json	next_day_return	next_day_return
783	/data/alpha_team2/shares/llm_return/datasets/sina_cninfo_full_2010_2026/single_stock_cninfo_v1/embeddings	ckip_bert	short	title_body_mean	simple_mlp	none	0	/data/alpha_team2/shares/llm_return/datasets/sina_cninfo_full_2010_2026/single_stock_cninfo_v1/classification_results_v1/next1_to_next1/classification/ckip_bert_short_title_body_mean_simple_mlp_none_0.json	next_day_return	next_day_return
784	/data/alpha_team2/shares/llm_return/datasets/sina_cninfo_full_2010_2026/single_stock_cninfo_v1/embeddings	ckip_bert	short	title_body_mean	hist_gradient_boosting	none	0	/data/alpha_team2/shares/llm_return/datasets/sina_cninfo_full_2010_2026/single_stock_cninfo_v1/classification_results_v1/next1_to_next1/classification/ckip_bert_short_title_body_mean_hist_gradient_boosting_none_0.json	next_day_return	next_day_return
785	/data/alpha_team2/shares/llm_return/datasets/sina_cninfo_full_2010_2026/single_stock_cninfo_v1/embeddings	ckip_bert	short	full_mean	logistic	none	0	/data/alpha_team2/shares/llm_return/datasets/sina_cninfo_full_2010_2026/single_stock_cninfo_v1/classification_results_v1/next1_to_next1/classification/ckip_bert_short_full_mean_logistic_none_0.json	next_day_return	next_day_return
786	/data/alpha_team2/shares/llm_return/datasets/sina_cninfo_full_2010_2026/single_stock_cninfo_v1/embeddings	ckip_bert	short	full_mean	linear_svm	none	0	/data/alpha_team2/shares/llm_return/datasets/sina_cninfo_full_2010_2026/single_stock_cninfo_v1/classification_results_v1/next1_to_next1/classification/ckip_bert_short_full_mean_linear_svm_none_0.json	next_day_return	next_day_return
787	/data/alpha_team2/shares/llm_return/datasets/sina_cninfo_full_2010_2026/single_stock_cninfo_v1/embeddings	ckip_bert	short	full_mean	sgd	none	0	/data/alpha_team2/shares/llm_return/datasets/sina_cninfo_full_2010_2026/single_stock_cninfo_v1/classification_results_v1/next1_to_next1/classification/ckip_bert_short_full_mean_sgd_none_0.json	next_day_return	next_day_return
788	/data/alpha_team2/shares/llm_return/datasets/sina_cninfo_full_2010_2026/single_stock_cninfo_v1/embeddings	ckip_bert	short	full_mean	simple_mlp	none	0	/data/alpha_team2/shares/llm_return/datasets/sina_cninfo_full_2010_2026/single_stock_cninfo_v1/classification_results_v1/next1_to_next1/classification/ckip_bert_short_full_mean_simple_mlp_none_0.json	next_day_return	next_day_return
789	/data/alpha_team2/shares/llm_return/datasets/sina_cninfo_full_2010_2026/single_stock_cninfo_v1/embeddings	ckip_bert	short	full_mean	hist_gradient_boosting	none	0	/data/alpha_team2/shares/llm_return/datasets/sina_cninfo_full_2010_2026/single_stock_cninfo_v1/classification_results_v1/next1_to_next1/classification/ckip_bert_short_full_mean_hist_gradient_boosting_none_0.json	next_day_return	next_day_return
790	/data/alpha_team2/shares/llm_return/datasets/sina_cninfo_full_2010_2026/single_stock_cninfo_v1/embeddings	ckip_bert	short	cls	logistic	none	0	/data/alpha_team2/shares/llm_return/datasets/sina_cninfo_full_2010_2026/single_stock_cninfo_v1/classification_results_v1/next1_to_next1/classification/ckip_bert_short_cls_logistic_none_0.json	next_day_return	next_day_return
791	/data/alpha_team2/shares/llm_return/datasets/sina_cninfo_full_2010_2026/single_stock_cninfo_v1/embeddings	ckip_bert	short	cls	linear_svm	none	0	/data/alpha_team2/shares/llm_return/datasets/sina_cninfo_full_2010_2026/single_stock_cninfo_v1/classification_results_v1/next1_to_next1/classification/ckip_bert_short_cls_linear_svm_none_0.json	next_day_return	next_day_return
792	/data/alpha_team2/shares/llm_return/datasets/sina_cninfo_full_2010_2026/single_stock_cninfo_v1/embeddings	ckip_bert	short	cls	sgd	none	0	/data/alpha_team2/shares/llm_return/datasets/sina_cninfo_full_2010_2026/single_stock_cninfo_v1/classification_results_v1/next1_to_next1/classification/ckip_bert_short_cls_sgd_none_0.json	next_day_return	next_day_return
793	/data/alpha_team2/shares/llm_return/datasets/sina_cninfo_full_2010_2026/single_stock_cninfo_v1/embeddings	ckip_bert	short	cls	simple_mlp	none	0	/data/alpha_team2/shares/llm_return/datasets/sina_cninfo_full_2010_2026/single_stock_cninfo_v1/classification_results_v1/next1_to_next1/classification/ckip_bert_short_cls_simple_mlp_none_0.json	next_day_return	next_day_return
794	/data/alpha_team2/shares/llm_return/datasets/sina_cninfo_full_2010_2026/single_stock_cninfo_v1/embeddings	ckip_bert	short	cls	hist_gradient_boosting	none	0	/data/alpha_team2/shares/llm_return/datasets/sina_cninfo_full_2010_2026/single_stock_cninfo_v1/classification_results_v1/next1_to_next1/classification/ckip_bert_short_cls_hist_gradient_boosting_none_0.json	next_day_return	next_day_return
795	/data/alpha_team2/shares/llm_return/datasets/sina_cninfo_full_2010_2026/single_stock_cninfo_v1/embeddings	ckip_bert	short	full_max	logistic	none	0	/data/alpha_team2/shares/llm_return/datasets/sina_cninfo_full_2010_2026/single_stock_cninfo_v1/classification_results_v1/next1_to_next1/classification/ckip_bert_short_full_max_logistic_none_0.json	next_day_return	next_day_return
796	/data/alpha_team2/shares/llm_return/datasets/sina_cninfo_full_2010_2026/single_stock_cninfo_v1/embeddings	ckip_bert	short	full_max	linear_svm	none	0	/data/alpha_team2/shares/llm_return/datasets/sina_cninfo_full_2010_2026/single_stock_cninfo_v1/classification_results_v1/next1_to_next1/classification/ckip_bert_short_full_max_linear_svm_none_0.json	next_day_return	next_day_return
797	/data/alpha_team2/shares/llm_return/datasets/sina_cninfo_full_2010_2026/single_stock_cninfo_v1/embeddings	ckip_bert	short	full_max	sgd	none	0	/data/alpha_team2/shares/llm_return/datasets/sina_cninfo_full_2010_2026/single_stock_cninfo_v1/classification_results_v1/next1_to_next1/classification/ckip_bert_short_full_max_sgd_none_0.json	next_day_return	next_day_return
798	/data/alpha_team2/shares/llm_return/datasets/sina_cninfo_full_2010_2026/single_stock_cninfo_v1/embeddings	ckip_bert	short	full_max	simple_mlp	none	0	/data/alpha_team2/shares/llm_return/datasets/sina_cninfo_full_2010_2026/single_stock_cninfo_v1/classification_results_v1/next1_to_next1/classification/ckip_bert_short_full_max_simple_mlp_none_0.json	next_day_return	next_day_return
799	/data/alpha_team2/shares/llm_return/datasets/sina_cninfo_full_2010_2026/single_stock_cninfo_v1/embeddings	ckip_bert	short	full_max	hist_gradient_boosting	none	0	/data/alpha_team2/shares/llm_return/datasets/sina_cninfo_full_2010_2026/single_stock_cninfo_v1/classification_results_v1/next1_to_next1/classification/ckip_bert_short_full_max_hist_gradient_boosting_none_0.json	next_day_return	next_day_return
800	/data/alpha_team2/shares/llm_return/datasets/sina_cninfo_full_2010_2026/single_stock_cninfo_v1/embeddings	ckip_bert	masked_short	body_mean	logistic	none	0	/data/alpha_team2/shares/llm_return/datasets/sina_cninfo_full_2010_2026/single_stock_cninfo_v1/classification_results_v1/next1_to_next1/classification/ckip_bert_masked_short_body_mean_logistic_none_0.json	next_day_return	next_day_return
801	/data/alpha_team2/shares/llm_return/datasets/sina_cninfo_full_2010_2026/single_stock_cninfo_v1/embeddings	ckip_bert	masked_short	body_mean	linear_svm	none	0	/data/alpha_team2/shares/llm_return/datasets/sina_cninfo_full_2010_2026/single_stock_cninfo_v1/classification_results_v1/next1_to_next1/classification/ckip_bert_masked_short_body_mean_linear_svm_none_0.json	next_day_return	next_day_return
802	/data/alpha_team2/shares/llm_return/datasets/sina_cninfo_full_2010_2026/single_stock_cninfo_v1/embeddings	ckip_bert	masked_short	body_mean	sgd	none	0	/data/alpha_team2/shares/llm_return/datasets/sina_cninfo_full_2010_2026/single_stock_cninfo_v1/classification_results_v1/next1_to_next1/classification/ckip_bert_masked_short_body_mean_sgd_none_0.json	next_day_return	next_day_return
803	/data/alpha_team2/shares/llm_return/datasets/sina_cninfo_full_2010_2026/single_stock_cninfo_v1/embeddings	ckip_bert	masked_short	body_mean	simple_mlp	none	0	/data/alpha_team2/shares/llm_return/datasets/sina_cninfo_full_2010_2026/single_stock_cninfo_v1/classification_results_v1/next1_to_next1/classification/ckip_bert_masked_short_body_mean_simple_mlp_none_0.json	next_day_return	next_day_return
804	/data/alpha_team2/shares/llm_return/datasets/sina_cninfo_full_2010_2026/single_stock_cninfo_v1/embeddings	ckip_bert	masked_short	body_mean	hist_gradient_boosting	none	0	/data/alpha_team2/shares/llm_return/datasets/sina_cninfo_full_2010_2026/single_stock_cninfo_v1/classification_results_v1/next1_to_next1/classification/ckip_bert_masked_short_body_mean_hist_gradient_boosting_none_0.json	next_day_return	next_day_return
805	/data/alpha_team2/shares/llm_return/datasets/sina_cninfo_full_2010_2026/single_stock_cninfo_v1/embeddings	ckip_bert	masked_short	title_body_mean	logistic	none	0	/data/alpha_team2/shares/llm_return/datasets/sina_cninfo_full_2010_2026/single_stock_cninfo_v1/classification_results_v1/next1_to_next1/classification/ckip_bert_masked_short_title_body_mean_logistic_none_0.json	next_day_return	next_day_return
806	/data/alpha_team2/shares/llm_return/datasets/sina_cninfo_full_2010_2026/single_stock_cninfo_v1/embeddings	ckip_bert	masked_short	title_body_mean	linear_svm	none	0	/data/alpha_team2/shares/llm_return/datasets/sina_cninfo_full_2010_2026/single_stock_cninfo_v1/classification_results_v1/next1_to_next1/classification/ckip_bert_masked_short_title_body_mean_linear_svm_none_0.json	next_day_return	next_day_return
807	/data/alpha_team2/shares/llm_return/datasets/sina_cninfo_full_2010_2026/single_stock_cninfo_v1/embeddings	ckip_bert	masked_short	title_body_mean	sgd	none	0	/data/alpha_team2/shares/llm_return/datasets/sina_cninfo_full_2010_2026/single_stock_cninfo_v1/classification_results_v1/next1_to_next1/classification/ckip_bert_masked_short_title_body_mean_sgd_none_0.json	next_day_return	next_day_return
808	/data/alpha_team2/shares/llm_return/datasets/sina_cninfo_full_2010_2026/single_stock_cninfo_v1/embeddings	ckip_bert	masked_short	title_body_mean	simple_mlp	none	0	/data/alpha_team2/shares/llm_return/datasets/sina_cninfo_full_2010_2026/single_stock_cninfo_v1/classification_results_v1/next1_to_next1/classification/ckip_bert_masked_short_title_body_mean_simple_mlp_none_0.json	next_day_return	next_day_return
809	/data/alpha_team2/shares/llm_return/datasets/sina_cninfo_full_2010_2026/single_stock_cninfo_v1/embeddings	ckip_bert	masked_short	title_body_mean	hist_gradient_boosting	none	0	/data/alpha_team2/shares/llm_return/datasets/sina_cninfo_full_2010_2026/single_stock_cninfo_v1/classification_results_v1/next1_to_next1/classification/ckip_bert_masked_short_title_body_mean_hist_gradient_boosting_none_0.json	next_day_return	next_day_return
810	/data/alpha_team2/shares/llm_return/datasets/sina_cninfo_full_2010_2026/single_stock_cninfo_v1/embeddings	ckip_bert	masked_short	full_mean	logistic	none	0	/data/alpha_team2/shares/llm_return/datasets/sina_cninfo_full_2010_2026/single_stock_cninfo_v1/classification_results_v1/next1_to_next1/classification/ckip_bert_masked_short_full_mean_logistic_none_0.json	next_day_return	next_day_return
811	/data/alpha_team2/shares/llm_return/datasets/sina_cninfo_full_2010_2026/single_stock_cninfo_v1/embeddings	ckip_bert	masked_short	full_mean	linear_svm	none	0	/data/alpha_team2/shares/llm_return/datasets/sina_cninfo_full_2010_2026/single_stock_cninfo_v1/classification_results_v1/next1_to_next1/classification/ckip_bert_masked_short_full_mean_linear_svm_none_0.json	next_day_return	next_day_return
812	/data/alpha_team2/shares/llm_return/datasets/sina_cninfo_full_2010_2026/single_stock_cninfo_v1/embeddings	ckip_bert	masked_short	full_mean	sgd	none	0	/data/alpha_team2/shares/llm_return/datasets/sina_cninfo_full_2010_2026/single_stock_cninfo_v1/classification_results_v1/next1_to_next1/classification/ckip_bert_masked_short_full_mean_sgd_none_0.json	next_day_return	next_day_return
813	/data/alpha_team2/shares/llm_return/datasets/sina_cninfo_full_2010_2026/single_stock_cninfo_v1/embeddings	ckip_bert	masked_short	full_mean	simple_mlp	none	0	/data/alpha_team2/shares/llm_return/datasets/sina_cninfo_full_2010_2026/single_stock_cninfo_v1/classification_results_v1/next1_to_next1/classification/ckip_bert_masked_short_full_mean_simple_mlp_none_0.json	next_day_return	next_day_return
814	/data/alpha_team2/shares/llm_return/datasets/sina_cninfo_full_2010_2026/single_stock_cninfo_v1/embeddings	ckip_bert	masked_short	full_mean	hist_gradient_boosting	none	0	/data/alpha_team2/shares/llm_return/datasets/sina_cninfo_full_2010_2026/single_stock_cninfo_v1/classification_results_v1/next1_to_next1/classification/ckip_bert_masked_short_full_mean_hist_gradient_boosting_none_0.json	next_day_return	next_day_return
815	/data/alpha_team2/shares/llm_return/datasets/sina_cninfo_full_2010_2026/single_stock_cninfo_v1/embeddings	ckip_bert	masked_short	cls	logistic	none	0	/data/alpha_team2/shares/llm_return/datasets/sina_cninfo_full_2010_2026/single_stock_cninfo_v1/classification_results_v1/next1_to_next1/classification/ckip_bert_masked_short_cls_logistic_none_0.json	next_day_return	next_day_return
816	/data/alpha_team2/shares/llm_return/datasets/sina_cninfo_full_2010_2026/single_stock_cninfo_v1/embeddings	ckip_bert	masked_short	cls	linear_svm	none	0	/data/alpha_team2/shares/llm_return/datasets/sina_cninfo_full_2010_2026/single_stock_cninfo_v1/classification_results_v1/next1_to_next1/classification/ckip_bert_masked_short_cls_linear_svm_none_0.json	next_day_return	next_day_return
817	/data/alpha_team2/shares/llm_return/datasets/sina_cninfo_full_2010_2026/single_stock_cninfo_v1/embeddings	ckip_bert	masked_short	cls	sgd	none	0	/data/alpha_team2/shares/llm_return/datasets/sina_cninfo_full_2010_2026/single_stock_cninfo_v1/classification_results_v1/next1_to_next1/classification/ckip_bert_masked_short_cls_sgd_none_0.json	next_day_return	next_day_return
818	/data/alpha_team2/shares/llm_return/datasets/sina_cninfo_full_2010_2026/single_stock_cninfo_v1/embeddings	ckip_bert	masked_short	cls	simple_mlp	none	0	/data/alpha_team2/shares/llm_return/datasets/sina_cninfo_full_2010_2026/single_stock_cninfo_v1/classification_results_v1/next1_to_next1/classification/ckip_bert_masked_short_cls_simple_mlp_none_0.json	next_day_return	next_day_return
819	/data/alpha_team2/shares/llm_return/datasets/sina_cninfo_full_2010_2026/single_stock_cninfo_v1/embeddings	ckip_bert	masked_short	cls	hist_gradient_boosting	none	0	/data/alpha_team2/shares/llm_return/datasets/sina_cninfo_full_2010_2026/single_stock_cninfo_v1/classification_results_v1/next1_to_next1/classification/ckip_bert_masked_short_cls_hist_gradient_boosting_none_0.json	next_day_return	next_day_return
820	/data/alpha_team2/shares/llm_return/datasets/sina_cninfo_full_2010_2026/single_stock_cninfo_v1/embeddings	ckip_bert	masked_short	full_max	logistic	none	0	/data/alpha_team2/shares/llm_return/datasets/sina_cninfo_full_2010_2026/single_stock_cninfo_v1/classification_results_v1/next1_to_next1/classification/ckip_bert_masked_short_full_max_logistic_none_0.json	next_day_return	next_day_return
821	/data/alpha_team2/shares/llm_return/datasets/sina_cninfo_full_2010_2026/single_stock_cninfo_v1/embeddings	ckip_bert	masked_short	full_max	linear_svm	none	0	/data/alpha_team2/shares/llm_return/datasets/sina_cninfo_full_2010_2026/single_stock_cninfo_v1/classification_results_v1/next1_to_next1/classification/ckip_bert_masked_short_full_max_linear_svm_none_0.json	next_day_return	next_day_return
822	/data/alpha_team2/shares/llm_return/datasets/sina_cninfo_full_2010_2026/single_stock_cninfo_v1/embeddings	ckip_bert	masked_short	full_max	sgd	none	0	/data/alpha_team2/shares/llm_return/datasets/sina_cninfo_full_2010_2026/single_stock_cninfo_v1/classification_results_v1/next1_to_next1/classification/ckip_bert_masked_short_full_max_sgd_none_0.json	next_day_return	next_day_return
823	/data/alpha_team2/shares/llm_return/datasets/sina_cninfo_full_2010_2026/single_stock_cninfo_v1/embeddings	ckip_bert	masked_short	full_max	simple_mlp	none	0	/data/alpha_team2/shares/llm_return/datasets/sina_cninfo_full_2010_2026/single_stock_cninfo_v1/classification_results_v1/next1_to_next1/classification/ckip_bert_masked_short_full_max_simple_mlp_none_0.json	next_day_return	next_day_return
824	/data/alpha_team2/shares/llm_return/datasets/sina_cninfo_full_2010_2026/single_stock_cninfo_v1/embeddings	ckip_bert	masked_short	full_max	hist_gradient_boosting	none	0	/data/alpha_team2/shares/llm_return/datasets/sina_cninfo_full_2010_2026/single_stock_cninfo_v1/classification_results_v1/next1_to_next1/classification/ckip_bert_masked_short_full_max_hist_gradient_boosting_none_0.json	next_day_return	next_day_return
825	/data/alpha_team2/shares/llm_return/datasets/sina_cninfo_full_2010_2026/single_stock_cninfo_v1/embeddings	ckip_bert	long	body_mean	logistic	none	0	/data/alpha_team2/shares/llm_return/datasets/sina_cninfo_full_2010_2026/single_stock_cninfo_v1/classification_results_v1/next1_to_next1/classification/ckip_bert_long_body_mean_logistic_none_0.json	next_day_return	next_day_return
826	/data/alpha_team2/shares/llm_return/datasets/sina_cninfo_full_2010_2026/single_stock_cninfo_v1/embeddings	ckip_bert	long	body_mean	linear_svm	none	0	/data/alpha_team2/shares/llm_return/datasets/sina_cninfo_full_2010_2026/single_stock_cninfo_v1/classification_results_v1/next1_to_next1/classification/ckip_bert_long_body_mean_linear_svm_none_0.json	next_day_return	next_day_return
827	/data/alpha_team2/shares/llm_return/datasets/sina_cninfo_full_2010_2026/single_stock_cninfo_v1/embeddings	ckip_bert	long	body_mean	sgd	none	0	/data/alpha_team2/shares/llm_return/datasets/sina_cninfo_full_2010_2026/single_stock_cninfo_v1/classification_results_v1/next1_to_next1/classification/ckip_bert_long_body_mean_sgd_none_0.json	next_day_return	next_day_return
828	/data/alpha_team2/shares/llm_return/datasets/sina_cninfo_full_2010_2026/single_stock_cninfo_v1/embeddings	ckip_bert	long	body_mean	simple_mlp	none	0	/data/alpha_team2/shares/llm_return/datasets/sina_cninfo_full_2010_2026/single_stock_cninfo_v1/classification_results_v1/next1_to_next1/classification/ckip_bert_long_body_mean_simple_mlp_none_0.json	next_day_return	next_day_return
829	/data/alpha_team2/shares/llm_return/datasets/sina_cninfo_full_2010_2026/single_stock_cninfo_v1/embeddings	ckip_bert	long	body_mean	hist_gradient_boosting	none	0	/data/alpha_team2/shares/llm_return/datasets/sina_cninfo_full_2010_2026/single_stock_cninfo_v1/classification_results_v1/next1_to_next1/classification/ckip_bert_long_body_mean_hist_gradient_boosting_none_0.json	next_day_return	next_day_return
830	/data/alpha_team2/shares/llm_return/datasets/sina_cninfo_full_2010_2026/single_stock_cninfo_v1/embeddings	ckip_bert	long	title_body_mean	logistic	none	0	/data/alpha_team2/shares/llm_return/datasets/sina_cninfo_full_2010_2026/single_stock_cninfo_v1/classification_results_v1/next1_to_next1/classification/ckip_bert_long_title_body_mean_logistic_none_0.json	next_day_return	next_day_return
831	/data/alpha_team2/shares/llm_return/datasets/sina_cninfo_full_2010_2026/single_stock_cninfo_v1/embeddings	ckip_bert	long	title_body_mean	linear_svm	none	0	/data/alpha_team2/shares/llm_return/datasets/sina_cninfo_full_2010_2026/single_stock_cninfo_v1/classification_results_v1/next1_to_next1/classification/ckip_bert_long_title_body_mean_linear_svm_none_0.json	next_day_return	next_day_return
832	/data/alpha_team2/shares/llm_return/datasets/sina_cninfo_full_2010_2026/single_stock_cninfo_v1/embeddings	ckip_bert	long	title_body_mean	sgd	none	0	/data/alpha_team2/shares/llm_return/datasets/sina_cninfo_full_2010_2026/single_stock_cninfo_v1/classification_results_v1/next1_to_next1/classification/ckip_bert_long_title_body_mean_sgd_none_0.json	next_day_return	next_day_return
833	/data/alpha_team2/shares/llm_return/datasets/sina_cninfo_full_2010_2026/single_stock_cninfo_v1/embeddings	ckip_bert	long	title_body_mean	simple_mlp	none	0	/data/alpha_team2/shares/llm_return/datasets/sina_cninfo_full_2010_2026/single_stock_cninfo_v1/classification_results_v1/next1_to_next1/classification/ckip_bert_long_title_body_mean_simple_mlp_none_0.json	next_day_return	next_day_return
834	/data/alpha_team2/shares/llm_return/datasets/sina_cninfo_full_2010_2026/single_stock_cninfo_v1/embeddings	ckip_bert	long	title_body_mean	hist_gradient_boosting	none	0	/data/alpha_team2/shares/llm_return/datasets/sina_cninfo_full_2010_2026/single_stock_cninfo_v1/classification_results_v1/next1_to_next1/classification/ckip_bert_long_title_body_mean_hist_gradient_boosting_none_0.json	next_day_return	next_day_return
835	/data/alpha_team2/shares/llm_return/datasets/sina_cninfo_full_2010_2026/single_stock_cninfo_v1/embeddings	ckip_bert	long	full_mean	logistic	none	0	/data/alpha_team2/shares/llm_return/datasets/sina_cninfo_full_2010_2026/single_stock_cninfo_v1/classification_results_v1/next1_to_next1/classification/ckip_bert_long_full_mean_logistic_none_0.json	next_day_return	next_day_return
836	/data/alpha_team2/shares/llm_return/datasets/sina_cninfo_full_2010_2026/single_stock_cninfo_v1/embeddings	ckip_bert	long	full_mean	linear_svm	none	0	/data/alpha_team2/shares/llm_return/datasets/sina_cninfo_full_2010_2026/single_stock_cninfo_v1/classification_results_v1/next1_to_next1/classification/ckip_bert_long_full_mean_linear_svm_none_0.json	next_day_return	next_day_return
837	/data/alpha_team2/shares/llm_return/datasets/sina_cninfo_full_2010_2026/single_stock_cninfo_v1/embeddings	ckip_bert	long	full_mean	sgd	none	0	/data/alpha_team2/shares/llm_return/datasets/sina_cninfo_full_2010_2026/single_stock_cninfo_v1/classification_results_v1/next1_to_next1/classification/ckip_bert_long_full_mean_sgd_none_0.json	next_day_return	next_day_return
838	/data/alpha_team2/shares/llm_return/datasets/sina_cninfo_full_2010_2026/single_stock_cninfo_v1/embeddings	ckip_bert	long	full_mean	simple_mlp	none	0	/data/alpha_team2/shares/llm_return/datasets/sina_cninfo_full_2010_2026/single_stock_cninfo_v1/classification_results_v1/next1_to_next1/classification/ckip_bert_long_full_mean_simple_mlp_none_0.json	next_day_return	next_day_return
839	/data/alpha_team2/shares/llm_return/datasets/sina_cninfo_full_2010_2026/single_stock_cninfo_v1/embeddings	ckip_bert	long	full_mean	hist_gradient_boosting	none	0	/data/alpha_team2/shares/llm_return/datasets/sina_cninfo_full_2010_2026/single_stock_cninfo_v1/classification_results_v1/next1_to_next1/classification/ckip_bert_long_full_mean_hist_gradient_boosting_none_0.json	next_day_return	next_day_return
840	/data/alpha_team2/shares/llm_return/datasets/sina_cninfo_full_2010_2026/single_stock_cninfo_v1/embeddings	ckip_bert	long	cls	logistic	none	0	/data/alpha_team2/shares/llm_return/datasets/sina_cninfo_full_2010_2026/single_stock_cninfo_v1/classification_results_v1/next1_to_next1/classification/ckip_bert_long_cls_logistic_none_0.json	next_day_return	next_day_return
841	/data/alpha_team2/shares/llm_return/datasets/sina_cninfo_full_2010_2026/single_stock_cninfo_v1/embeddings	ckip_bert	long	cls	linear_svm	none	0	/data/alpha_team2/shares/llm_return/datasets/sina_cninfo_full_2010_2026/single_stock_cninfo_v1/classification_results_v1/next1_to_next1/classification/ckip_bert_long_cls_linear_svm_none_0.json	next_day_return	next_day_return
842	/data/alpha_team2/shares/llm_return/datasets/sina_cninfo_full_2010_2026/single_stock_cninfo_v1/embeddings	ckip_bert	long	cls	sgd	none	0	/data/alpha_team2/shares/llm_return/datasets/sina_cninfo_full_2010_2026/single_stock_cninfo_v1/classification_results_v1/next1_to_next1/classification/ckip_bert_long_cls_sgd_none_0.json	next_day_return	next_day_return
843	/data/alpha_team2/shares/llm_return/datasets/sina_cninfo_full_2010_2026/single_stock_cninfo_v1/embeddings	ckip_bert	long	cls	simple_mlp	none	0	/data/alpha_team2/shares/llm_return/datasets/sina_cninfo_full_2010_2026/single_stock_cninfo_v1/classification_results_v1/next1_to_next1/classification/ckip_bert_long_cls_simple_mlp_none_0.json	next_day_return	next_day_return
844	/data/alpha_team2/shares/llm_return/datasets/sina_cninfo_full_2010_2026/single_stock_cninfo_v1/embeddings	ckip_bert	long	cls	hist_gradient_boosting	none	0	/data/alpha_team2/shares/llm_return/datasets/sina_cninfo_full_2010_2026/single_stock_cninfo_v1/classification_results_v1/next1_to_next1/classification/ckip_bert_long_cls_hist_gradient_boosting_none_0.json	next_day_return	next_day_return
845	/data/alpha_team2/shares/llm_return/datasets/sina_cninfo_full_2010_2026/single_stock_cninfo_v1/embeddings	ckip_bert	long	full_max	logistic	none	0	/data/alpha_team2/shares/llm_return/datasets/sina_cninfo_full_2010_2026/single_stock_cninfo_v1/classification_results_v1/next1_to_next1/classification/ckip_bert_long_full_max_logistic_none_0.json	next_day_return	next_day_return
846	/data/alpha_team2/shares/llm_return/datasets/sina_cninfo_full_2010_2026/single_stock_cninfo_v1/embeddings	ckip_bert	long	full_max	linear_svm	none	0	/data/alpha_team2/shares/llm_return/datasets/sina_cninfo_full_2010_2026/single_stock_cninfo_v1/classification_results_v1/next1_to_next1/classification/ckip_bert_long_full_max_linear_svm_none_0.json	next_day_return	next_day_return
847	/data/alpha_team2/shares/llm_return/datasets/sina_cninfo_full_2010_2026/single_stock_cninfo_v1/embeddings	ckip_bert	long	full_max	sgd	none	0	/data/alpha_team2/shares/llm_return/datasets/sina_cninfo_full_2010_2026/single_stock_cninfo_v1/classification_results_v1/next1_to_next1/classification/ckip_bert_long_full_max_sgd_none_0.json	next_day_return	next_day_return
848	/data/alpha_team2/shares/llm_return/datasets/sina_cninfo_full_2010_2026/single_stock_cninfo_v1/embeddings	ckip_bert	long	full_max	simple_mlp	none	0	/data/alpha_team2/shares/llm_return/datasets/sina_cninfo_full_2010_2026/single_stock_cninfo_v1/classification_results_v1/next1_to_next1/classification/ckip_bert_long_full_max_simple_mlp_none_0.json	next_day_return	next_day_return
849	/data/alpha_team2/shares/llm_return/datasets/sina_cninfo_full_2010_2026/single_stock_cninfo_v1/embeddings	ckip_bert	long	full_max	hist_gradient_boosting	none	0	/data/alpha_team2/shares/llm_return/datasets/sina_cninfo_full_2010_2026/single_stock_cninfo_v1/classification_results_v1/next1_to_next1/classification/ckip_bert_long_full_max_hist_gradient_boosting_none_0.json	next_day_return	next_day_return
850	/data/alpha_team2/shares/llm_return/datasets/sina_cninfo_full_2010_2026/single_stock_cninfo_v1/embeddings	ckip_bert	masked_long	body_mean	logistic	none	0	/data/alpha_team2/shares/llm_return/datasets/sina_cninfo_full_2010_2026/single_stock_cninfo_v1/classification_results_v1/next1_to_next1/classification/ckip_bert_masked_long_body_mean_logistic_none_0.json	next_day_return	next_day_return
851	/data/alpha_team2/shares/llm_return/datasets/sina_cninfo_full_2010_2026/single_stock_cninfo_v1/embeddings	ckip_bert	masked_long	body_mean	linear_svm	none	0	/data/alpha_team2/shares/llm_return/datasets/sina_cninfo_full_2010_2026/single_stock_cninfo_v1/classification_results_v1/next1_to_next1/classification/ckip_bert_masked_long_body_mean_linear_svm_none_0.json	next_day_return	next_day_return
852	/data/alpha_team2/shares/llm_return/datasets/sina_cninfo_full_2010_2026/single_stock_cninfo_v1/embeddings	ckip_bert	masked_long	body_mean	sgd	none	0	/data/alpha_team2/shares/llm_return/datasets/sina_cninfo_full_2010_2026/single_stock_cninfo_v1/classification_results_v1/next1_to_next1/classification/ckip_bert_masked_long_body_mean_sgd_none_0.json	next_day_return	next_day_return
853	/data/alpha_team2/shares/llm_return/datasets/sina_cninfo_full_2010_2026/single_stock_cninfo_v1/embeddings	ckip_bert	masked_long	body_mean	simple_mlp	none	0	/data/alpha_team2/shares/llm_return/datasets/sina_cninfo_full_2010_2026/single_stock_cninfo_v1/classification_results_v1/next1_to_next1/classification/ckip_bert_masked_long_body_mean_simple_mlp_none_0.json	next_day_return	next_day_return
854	/data/alpha_team2/shares/llm_return/datasets/sina_cninfo_full_2010_2026/single_stock_cninfo_v1/embeddings	ckip_bert	masked_long	body_mean	hist_gradient_boosting	none	0	/data/alpha_team2/shares/llm_return/datasets/sina_cninfo_full_2010_2026/single_stock_cninfo_v1/classification_results_v1/next1_to_next1/classification/ckip_bert_masked_long_body_mean_hist_gradient_boosting_none_0.json	next_day_return	next_day_return
855	/data/alpha_team2/shares/llm_return/datasets/sina_cninfo_full_2010_2026/single_stock_cninfo_v1/embeddings	ckip_bert	masked_long	title_body_mean	logistic	none	0	/data/alpha_team2/shares/llm_return/datasets/sina_cninfo_full_2010_2026/single_stock_cninfo_v1/classification_results_v1/next1_to_next1/classification/ckip_bert_masked_long_title_body_mean_logistic_none_0.json	next_day_return	next_day_return
856	/data/alpha_team2/shares/llm_return/datasets/sina_cninfo_full_2010_2026/single_stock_cninfo_v1/embeddings	ckip_bert	masked_long	title_body_mean	linear_svm	none	0	/data/alpha_team2/shares/llm_return/datasets/sina_cninfo_full_2010_2026/single_stock_cninfo_v1/classification_results_v1/next1_to_next1/classification/ckip_bert_masked_long_title_body_mean_linear_svm_none_0.json	next_day_return	next_day_return
857	/data/alpha_team2/shares/llm_return/datasets/sina_cninfo_full_2010_2026/single_stock_cninfo_v1/embeddings	ckip_bert	masked_long	title_body_mean	sgd	none	0	/data/alpha_team2/shares/llm_return/datasets/sina_cninfo_full_2010_2026/single_stock_cninfo_v1/classification_results_v1/next1_to_next1/classification/ckip_bert_masked_long_title_body_mean_sgd_none_0.json	next_day_return	next_day_return
858	/data/alpha_team2/shares/llm_return/datasets/sina_cninfo_full_2010_2026/single_stock_cninfo_v1/embeddings	ckip_bert	masked_long	title_body_mean	simple_mlp	none	0	/data/alpha_team2/shares/llm_return/datasets/sina_cninfo_full_2010_2026/single_stock_cninfo_v1/classification_results_v1/next1_to_next1/classification/ckip_bert_masked_long_title_body_mean_simple_mlp_none_0.json	next_day_return	next_day_return
859	/data/alpha_team2/shares/llm_return/datasets/sina_cninfo_full_2010_2026/single_stock_cninfo_v1/embeddings	ckip_bert	masked_long	title_body_mean	hist_gradient_boosting	none	0	/data/alpha_team2/shares/llm_return/datasets/sina_cninfo_full_2010_2026/single_stock_cninfo_v1/classification_results_v1/next1_to_next1/classification/ckip_bert_masked_long_title_body_mean_hist_gradient_boosting_none_0.json	next_day_return	next_day_return
860	/data/alpha_team2/shares/llm_return/datasets/sina_cninfo_full_2010_2026/single_stock_cninfo_v1/embeddings	ckip_bert	masked_long	full_mean	logistic	none	0	/data/alpha_team2/shares/llm_return/datasets/sina_cninfo_full_2010_2026/single_stock_cninfo_v1/classification_results_v1/next1_to_next1/classification/ckip_bert_masked_long_full_mean_logistic_none_0.json	next_day_return	next_day_return
861	/data/alpha_team2/shares/llm_return/datasets/sina_cninfo_full_2010_2026/single_stock_cninfo_v1/embeddings	ckip_bert	masked_long	full_mean	linear_svm	none	0	/data/alpha_team2/shares/llm_return/datasets/sina_cninfo_full_2010_2026/single_stock_cninfo_v1/classification_results_v1/next1_to_next1/classification/ckip_bert_masked_long_full_mean_linear_svm_none_0.json	next_day_return	next_day_return
862	/data/alpha_team2/shares/llm_return/datasets/sina_cninfo_full_2010_2026/single_stock_cninfo_v1/embeddings	ckip_bert	masked_long	full_mean	sgd	none	0	/data/alpha_team2/shares/llm_return/datasets/sina_cninfo_full_2010_2026/single_stock_cninfo_v1/classification_results_v1/next1_to_next1/classification/ckip_bert_masked_long_full_mean_sgd_none_0.json	next_day_return	next_day_return
863	/data/alpha_team2/shares/llm_return/datasets/sina_cninfo_full_2010_2026/single_stock_cninfo_v1/embeddings	ckip_bert	masked_long	full_mean	simple_mlp	none	0	/data/alpha_team2/shares/llm_return/datasets/sina_cninfo_full_2010_2026/single_stock_cninfo_v1/classification_results_v1/next1_to_next1/classification/ckip_bert_masked_long_full_mean_simple_mlp_none_0.json	next_day_return	next_day_return
864	/data/alpha_team2/shares/llm_return/datasets/sina_cninfo_full_2010_2026/single_stock_cninfo_v1/embeddings	ckip_bert	masked_long	full_mean	hist_gradient_boosting	none	0	/data/alpha_team2/shares/llm_return/datasets/sina_cninfo_full_2010_2026/single_stock_cninfo_v1/classification_results_v1/next1_to_next1/classification/ckip_bert_masked_long_full_mean_hist_gradient_boosting_none_0.json	next_day_return	next_day_return
865	/data/alpha_team2/shares/llm_return/datasets/sina_cninfo_full_2010_2026/single_stock_cninfo_v1/embeddings	ckip_bert	masked_long	cls	logistic	none	0	/data/alpha_team2/shares/llm_return/datasets/sina_cninfo_full_2010_2026/single_stock_cninfo_v1/classification_results_v1/next1_to_next1/classification/ckip_bert_masked_long_cls_logistic_none_0.json	next_day_return	next_day_return
866	/data/alpha_team2/shares/llm_return/datasets/sina_cninfo_full_2010_2026/single_stock_cninfo_v1/embeddings	ckip_bert	masked_long	cls	linear_svm	none	0	/data/alpha_team2/shares/llm_return/datasets/sina_cninfo_full_2010_2026/single_stock_cninfo_v1/classification_results_v1/next1_to_next1/classification/ckip_bert_masked_long_cls_linear_svm_none_0.json	next_day_return	next_day_return
867	/data/alpha_team2/shares/llm_return/datasets/sina_cninfo_full_2010_2026/single_stock_cninfo_v1/embeddings	ckip_bert	masked_long	cls	sgd	none	0	/data/alpha_team2/shares/llm_return/datasets/sina_cninfo_full_2010_2026/single_stock_cninfo_v1/classification_results_v1/next1_to_next1/classification/ckip_bert_masked_long_cls_sgd_none_0.json	next_day_return	next_day_return
868	/data/alpha_team2/shares/llm_return/datasets/sina_cninfo_full_2010_2026/single_stock_cninfo_v1/embeddings	ckip_bert	masked_long	cls	simple_mlp	none	0	/data/alpha_team2/shares/llm_return/datasets/sina_cninfo_full_2010_2026/single_stock_cninfo_v1/classification_results_v1/next1_to_next1/classification/ckip_bert_masked_long_cls_simple_mlp_none_0.json	next_day_return	next_day_return
869	/data/alpha_team2/shares/llm_return/datasets/sina_cninfo_full_2010_2026/single_stock_cninfo_v1/embeddings	ckip_bert	masked_long	cls	hist_gradient_boosting	none	0	/data/alpha_team2/shares/llm_return/datasets/sina_cninfo_full_2010_2026/single_stock_cninfo_v1/classification_results_v1/next1_to_next1/classification/ckip_bert_masked_long_cls_hist_gradient_boosting_none_0.json	next_day_return	next_day_return
870	/data/alpha_team2/shares/llm_return/datasets/sina_cninfo_full_2010_2026/single_stock_cninfo_v1/embeddings	ckip_bert	masked_long	full_max	logistic	none	0	/data/alpha_team2/shares/llm_return/datasets/sina_cninfo_full_2010_2026/single_stock_cninfo_v1/classification_results_v1/next1_to_next1/classification/ckip_bert_masked_long_full_max_logistic_none_0.json	next_day_return	next_day_return
871	/data/alpha_team2/shares/llm_return/datasets/sina_cninfo_full_2010_2026/single_stock_cninfo_v1/embeddings	ckip_bert	masked_long	full_max	linear_svm	none	0	/data/alpha_team2/shares/llm_return/datasets/sina_cninfo_full_2010_2026/single_stock_cninfo_v1/classification_results_v1/next1_to_next1/classification/ckip_bert_masked_long_full_max_linear_svm_none_0.json	next_day_return	next_day_return
872	/data/alpha_team2/shares/llm_return/datasets/sina_cninfo_full_2010_2026/single_stock_cninfo_v1/embeddings	ckip_bert	masked_long	full_max	sgd	none	0	/data/alpha_team2/shares/llm_return/datasets/sina_cninfo_full_2010_2026/single_stock_cninfo_v1/classification_results_v1/next1_to_next1/classification/ckip_bert_masked_long_full_max_sgd_none_0.json	next_day_return	next_day_return
873	/data/alpha_team2/shares/llm_return/datasets/sina_cninfo_full_2010_2026/single_stock_cninfo_v1/embeddings	ckip_bert	masked_long	full_max	simple_mlp	none	0	/data/alpha_team2/shares/llm_return/datasets/sina_cninfo_full_2010_2026/single_stock_cninfo_v1/classification_results_v1/next1_to_next1/classification/ckip_bert_masked_long_full_max_simple_mlp_none_0.json	next_day_return	next_day_return
874	/data/alpha_team2/shares/llm_return/datasets/sina_cninfo_full_2010_2026/single_stock_cninfo_v1/embeddings	ckip_bert	masked_long	full_max	hist_gradient_boosting	none	0	/data/alpha_team2/shares/llm_return/datasets/sina_cninfo_full_2010_2026/single_stock_cninfo_v1/classification_results_v1/next1_to_next1/classification/ckip_bert_masked_long_full_max_hist_gradient_boosting_none_0.json	next_day_return	next_day_return
875	/data/alpha_team2/shares/llm_return/datasets/sina_cninfo_full_2010_2026/single_stock_cninfo_v1/embeddings	xlm_roberta_large	plain	body_mean	logistic	none	0	/data/alpha_team2/shares/llm_return/datasets/sina_cninfo_full_2010_2026/single_stock_cninfo_v1/classification_results_v1/next1_to_next1/classification/xlm_roberta_large_plain_body_mean_logistic_none_0.json	next_day_return	next_day_return
876	/data/alpha_team2/shares/llm_return/datasets/sina_cninfo_full_2010_2026/single_stock_cninfo_v1/embeddings	xlm_roberta_large	plain	body_mean	linear_svm	none	0	/data/alpha_team2/shares/llm_return/datasets/sina_cninfo_full_2010_2026/single_stock_cninfo_v1/classification_results_v1/next1_to_next1/classification/xlm_roberta_large_plain_body_mean_linear_svm_none_0.json	next_day_return	next_day_return
877	/data/alpha_team2/shares/llm_return/datasets/sina_cninfo_full_2010_2026/single_stock_cninfo_v1/embeddings	xlm_roberta_large	plain	body_mean	sgd	none	0	/data/alpha_team2/shares/llm_return/datasets/sina_cninfo_full_2010_2026/single_stock_cninfo_v1/classification_results_v1/next1_to_next1/classification/xlm_roberta_large_plain_body_mean_sgd_none_0.json	next_day_return	next_day_return
878	/data/alpha_team2/shares/llm_return/datasets/sina_cninfo_full_2010_2026/single_stock_cninfo_v1/embeddings	xlm_roberta_large	plain	body_mean	simple_mlp	none	0	/data/alpha_team2/shares/llm_return/datasets/sina_cninfo_full_2010_2026/single_stock_cninfo_v1/classification_results_v1/next1_to_next1/classification/xlm_roberta_large_plain_body_mean_simple_mlp_none_0.json	next_day_return	next_day_return
879	/data/alpha_team2/shares/llm_return/datasets/sina_cninfo_full_2010_2026/single_stock_cninfo_v1/embeddings	xlm_roberta_large	plain	body_mean	hist_gradient_boosting	none	0	/data/alpha_team2/shares/llm_return/datasets/sina_cninfo_full_2010_2026/single_stock_cninfo_v1/classification_results_v1/next1_to_next1/classification/xlm_roberta_large_plain_body_mean_hist_gradient_boosting_none_0.json	next_day_return	next_day_return
880	/data/alpha_team2/shares/llm_return/datasets/sina_cninfo_full_2010_2026/single_stock_cninfo_v1/embeddings	xlm_roberta_large	plain	title_body_mean	logistic	none	0	/data/alpha_team2/shares/llm_return/datasets/sina_cninfo_full_2010_2026/single_stock_cninfo_v1/classification_results_v1/next1_to_next1/classification/xlm_roberta_large_plain_title_body_mean_logistic_none_0.json	next_day_return	next_day_return
881	/data/alpha_team2/shares/llm_return/datasets/sina_cninfo_full_2010_2026/single_stock_cninfo_v1/embeddings	xlm_roberta_large	plain	title_body_mean	linear_svm	none	0	/data/alpha_team2/shares/llm_return/datasets/sina_cninfo_full_2010_2026/single_stock_cninfo_v1/classification_results_v1/next1_to_next1/classification/xlm_roberta_large_plain_title_body_mean_linear_svm_none_0.json	next_day_return	next_day_return
882	/data/alpha_team2/shares/llm_return/datasets/sina_cninfo_full_2010_2026/single_stock_cninfo_v1/embeddings	xlm_roberta_large	plain	title_body_mean	sgd	none	0	/data/alpha_team2/shares/llm_return/datasets/sina_cninfo_full_2010_2026/single_stock_cninfo_v1/classification_results_v1/next1_to_next1/classification/xlm_roberta_large_plain_title_body_mean_sgd_none_0.json	next_day_return	next_day_return
883	/data/alpha_team2/shares/llm_return/datasets/sina_cninfo_full_2010_2026/single_stock_cninfo_v1/embeddings	xlm_roberta_large	plain	title_body_mean	simple_mlp	none	0	/data/alpha_team2/shares/llm_return/datasets/sina_cninfo_full_2010_2026/single_stock_cninfo_v1/classification_results_v1/next1_to_next1/classification/xlm_roberta_large_plain_title_body_mean_simple_mlp_none_0.json	next_day_return	next_day_return
884	/data/alpha_team2/shares/llm_return/datasets/sina_cninfo_full_2010_2026/single_stock_cninfo_v1/embeddings	xlm_roberta_large	plain	title_body_mean	hist_gradient_boosting	none	0	/data/alpha_team2/shares/llm_return/datasets/sina_cninfo_full_2010_2026/single_stock_cninfo_v1/classification_results_v1/next1_to_next1/classification/xlm_roberta_large_plain_title_body_mean_hist_gradient_boosting_none_0.json	next_day_return	next_day_return
885	/data/alpha_team2/shares/llm_return/datasets/sina_cninfo_full_2010_2026/single_stock_cninfo_v1/embeddings	xlm_roberta_large	plain	full_mean	logistic	none	0	/data/alpha_team2/shares/llm_return/datasets/sina_cninfo_full_2010_2026/single_stock_cninfo_v1/classification_results_v1/next1_to_next1/classification/xlm_roberta_large_plain_full_mean_logistic_none_0.json	next_day_return	next_day_return
886	/data/alpha_team2/shares/llm_return/datasets/sina_cninfo_full_2010_2026/single_stock_cninfo_v1/embeddings	xlm_roberta_large	plain	full_mean	linear_svm	none	0	/data/alpha_team2/shares/llm_return/datasets/sina_cninfo_full_2010_2026/single_stock_cninfo_v1/classification_results_v1/next1_to_next1/classification/xlm_roberta_large_plain_full_mean_linear_svm_none_0.json	next_day_return	next_day_return
887	/data/alpha_team2/shares/llm_return/datasets/sina_cninfo_full_2010_2026/single_stock_cninfo_v1/embeddings	xlm_roberta_large	plain	full_mean	sgd	none	0	/data/alpha_team2/shares/llm_return/datasets/sina_cninfo_full_2010_2026/single_stock_cninfo_v1/classification_results_v1/next1_to_next1/classification/xlm_roberta_large_plain_full_mean_sgd_none_0.json	next_day_return	next_day_return
888	/data/alpha_team2/shares/llm_return/datasets/sina_cninfo_full_2010_2026/single_stock_cninfo_v1/embeddings	xlm_roberta_large	plain	full_mean	simple_mlp	none	0	/data/alpha_team2/shares/llm_return/datasets/sina_cninfo_full_2010_2026/single_stock_cninfo_v1/classification_results_v1/next1_to_next1/classification/xlm_roberta_large_plain_full_mean_simple_mlp_none_0.json	next_day_return	next_day_return
889	/data/alpha_team2/shares/llm_return/datasets/sina_cninfo_full_2010_2026/single_stock_cninfo_v1/embeddings	xlm_roberta_large	plain	full_mean	hist_gradient_boosting	none	0	/data/alpha_team2/shares/llm_return/datasets/sina_cninfo_full_2010_2026/single_stock_cninfo_v1/classification_results_v1/next1_to_next1/classification/xlm_roberta_large_plain_full_mean_hist_gradient_boosting_none_0.json	next_day_return	next_day_return
890	/data/alpha_team2/shares/llm_return/datasets/sina_cninfo_full_2010_2026/single_stock_cninfo_v1/embeddings	xlm_roberta_large	plain	cls	logistic	none	0	/data/alpha_team2/shares/llm_return/datasets/sina_cninfo_full_2010_2026/single_stock_cninfo_v1/classification_results_v1/next1_to_next1/classification/xlm_roberta_large_plain_cls_logistic_none_0.json	next_day_return	next_day_return
891	/data/alpha_team2/shares/llm_return/datasets/sina_cninfo_full_2010_2026/single_stock_cninfo_v1/embeddings	xlm_roberta_large	plain	cls	linear_svm	none	0	/data/alpha_team2/shares/llm_return/datasets/sina_cninfo_full_2010_2026/single_stock_cninfo_v1/classification_results_v1/next1_to_next1/classification/xlm_roberta_large_plain_cls_linear_svm_none_0.json	next_day_return	next_day_return
892	/data/alpha_team2/shares/llm_return/datasets/sina_cninfo_full_2010_2026/single_stock_cninfo_v1/embeddings	xlm_roberta_large	plain	cls	sgd	none	0	/data/alpha_team2/shares/llm_return/datasets/sina_cninfo_full_2010_2026/single_stock_cninfo_v1/classification_results_v1/next1_to_next1/classification/xlm_roberta_large_plain_cls_sgd_none_0.json	next_day_return	next_day_return
893	/data/alpha_team2/shares/llm_return/datasets/sina_cninfo_full_2010_2026/single_stock_cninfo_v1/embeddings	xlm_roberta_large	plain	cls	simple_mlp	none	0	/data/alpha_team2/shares/llm_return/datasets/sina_cninfo_full_2010_2026/single_stock_cninfo_v1/classification_results_v1/next1_to_next1/classification/xlm_roberta_large_plain_cls_simple_mlp_none_0.json	next_day_return	next_day_return
894	/data/alpha_team2/shares/llm_return/datasets/sina_cninfo_full_2010_2026/single_stock_cninfo_v1/embeddings	xlm_roberta_large	plain	cls	hist_gradient_boosting	none	0	/data/alpha_team2/shares/llm_return/datasets/sina_cninfo_full_2010_2026/single_stock_cninfo_v1/classification_results_v1/next1_to_next1/classification/xlm_roberta_large_plain_cls_hist_gradient_boosting_none_0.json	next_day_return	next_day_return
895	/data/alpha_team2/shares/llm_return/datasets/sina_cninfo_full_2010_2026/single_stock_cninfo_v1/embeddings	xlm_roberta_large	plain	full_max	logistic	none	0	/data/alpha_team2/shares/llm_return/datasets/sina_cninfo_full_2010_2026/single_stock_cninfo_v1/classification_results_v1/next1_to_next1/classification/xlm_roberta_large_plain_full_max_logistic_none_0.json	next_day_return	next_day_return
896	/data/alpha_team2/shares/llm_return/datasets/sina_cninfo_full_2010_2026/single_stock_cninfo_v1/embeddings	xlm_roberta_large	plain	full_max	linear_svm	none	0	/data/alpha_team2/shares/llm_return/datasets/sina_cninfo_full_2010_2026/single_stock_cninfo_v1/classification_results_v1/next1_to_next1/classification/xlm_roberta_large_plain_full_max_linear_svm_none_0.json	next_day_return	next_day_return
897	/data/alpha_team2/shares/llm_return/datasets/sina_cninfo_full_2010_2026/single_stock_cninfo_v1/embeddings	xlm_roberta_large	plain	full_max	sgd	none	0	/data/alpha_team2/shares/llm_return/datasets/sina_cninfo_full_2010_2026/single_stock_cninfo_v1/classification_results_v1/next1_to_next1/classification/xlm_roberta_large_plain_full_max_sgd_none_0.json	next_day_return	next_day_return
898	/data/alpha_team2/shares/llm_return/datasets/sina_cninfo_full_2010_2026/single_stock_cninfo_v1/embeddings	xlm_roberta_large	plain	full_max	simple_mlp	none	0	/data/alpha_team2/shares/llm_return/datasets/sina_cninfo_full_2010_2026/single_stock_cninfo_v1/classification_results_v1/next1_to_next1/classification/xlm_roberta_large_plain_full_max_simple_mlp_none_0.json	next_day_return	next_day_return
899	/data/alpha_team2/shares/llm_return/datasets/sina_cninfo_full_2010_2026/single_stock_cninfo_v1/embeddings	xlm_roberta_large	plain	full_max	hist_gradient_boosting	none	0	/data/alpha_team2/shares/llm_return/datasets/sina_cninfo_full_2010_2026/single_stock_cninfo_v1/classification_results_v1/next1_to_next1/classification/xlm_roberta_large_plain_full_max_hist_gradient_boosting_none_0.json	next_day_return	next_day_return
900	/data/alpha_team2/shares/llm_return/datasets/sina_cninfo_full_2010_2026/single_stock_cninfo_v1/embeddings	xlm_roberta_large	short	body_mean	logistic	none	0	/data/alpha_team2/shares/llm_return/datasets/sina_cninfo_full_2010_2026/single_stock_cninfo_v1/classification_results_v1/next1_to_next1/classification/xlm_roberta_large_short_body_mean_logistic_none_0.json	next_day_return	next_day_return
901	/data/alpha_team2/shares/llm_return/datasets/sina_cninfo_full_2010_2026/single_stock_cninfo_v1/embeddings	xlm_roberta_large	short	body_mean	linear_svm	none	0	/data/alpha_team2/shares/llm_return/datasets/sina_cninfo_full_2010_2026/single_stock_cninfo_v1/classification_results_v1/next1_to_next1/classification/xlm_roberta_large_short_body_mean_linear_svm_none_0.json	next_day_return	next_day_return
902	/data/alpha_team2/shares/llm_return/datasets/sina_cninfo_full_2010_2026/single_stock_cninfo_v1/embeddings	xlm_roberta_large	short	body_mean	sgd	none	0	/data/alpha_team2/shares/llm_return/datasets/sina_cninfo_full_2010_2026/single_stock_cninfo_v1/classification_results_v1/next1_to_next1/classification/xlm_roberta_large_short_body_mean_sgd_none_0.json	next_day_return	next_day_return
903	/data/alpha_team2/shares/llm_return/datasets/sina_cninfo_full_2010_2026/single_stock_cninfo_v1/embeddings	xlm_roberta_large	short	body_mean	simple_mlp	none	0	/data/alpha_team2/shares/llm_return/datasets/sina_cninfo_full_2010_2026/single_stock_cninfo_v1/classification_results_v1/next1_to_next1/classification/xlm_roberta_large_short_body_mean_simple_mlp_none_0.json	next_day_return	next_day_return
904	/data/alpha_team2/shares/llm_return/datasets/sina_cninfo_full_2010_2026/single_stock_cninfo_v1/embeddings	xlm_roberta_large	short	body_mean	hist_gradient_boosting	none	0	/data/alpha_team2/shares/llm_return/datasets/sina_cninfo_full_2010_2026/single_stock_cninfo_v1/classification_results_v1/next1_to_next1/classification/xlm_roberta_large_short_body_mean_hist_gradient_boosting_none_0.json	next_day_return	next_day_return
905	/data/alpha_team2/shares/llm_return/datasets/sina_cninfo_full_2010_2026/single_stock_cninfo_v1/embeddings	xlm_roberta_large	short	title_body_mean	logistic	none	0	/data/alpha_team2/shares/llm_return/datasets/sina_cninfo_full_2010_2026/single_stock_cninfo_v1/classification_results_v1/next1_to_next1/classification/xlm_roberta_large_short_title_body_mean_logistic_none_0.json	next_day_return	next_day_return
906	/data/alpha_team2/shares/llm_return/datasets/sina_cninfo_full_2010_2026/single_stock_cninfo_v1/embeddings	xlm_roberta_large	short	title_body_mean	linear_svm	none	0	/data/alpha_team2/shares/llm_return/datasets/sina_cninfo_full_2010_2026/single_stock_cninfo_v1/classification_results_v1/next1_to_next1/classification/xlm_roberta_large_short_title_body_mean_linear_svm_none_0.json	next_day_return	next_day_return
907	/data/alpha_team2/shares/llm_return/datasets/sina_cninfo_full_2010_2026/single_stock_cninfo_v1/embeddings	xlm_roberta_large	short	title_body_mean	sgd	none	0	/data/alpha_team2/shares/llm_return/datasets/sina_cninfo_full_2010_2026/single_stock_cninfo_v1/classification_results_v1/next1_to_next1/classification/xlm_roberta_large_short_title_body_mean_sgd_none_0.json	next_day_return	next_day_return
908	/data/alpha_team2/shares/llm_return/datasets/sina_cninfo_full_2010_2026/single_stock_cninfo_v1/embeddings	xlm_roberta_large	short	title_body_mean	simple_mlp	none	0	/data/alpha_team2/shares/llm_return/datasets/sina_cninfo_full_2010_2026/single_stock_cninfo_v1/classification_results_v1/next1_to_next1/classification/xlm_roberta_large_short_title_body_mean_simple_mlp_none_0.json	next_day_return	next_day_return
909	/data/alpha_team2/shares/llm_return/datasets/sina_cninfo_full_2010_2026/single_stock_cninfo_v1/embeddings	xlm_roberta_large	short	title_body_mean	hist_gradient_boosting	none	0	/data/alpha_team2/shares/llm_return/datasets/sina_cninfo_full_2010_2026/single_stock_cninfo_v1/classification_results_v1/next1_to_next1/classification/xlm_roberta_large_short_title_body_mean_hist_gradient_boosting_none_0.json	next_day_return	next_day_return
910	/data/alpha_team2/shares/llm_return/datasets/sina_cninfo_full_2010_2026/single_stock_cninfo_v1/embeddings	xlm_roberta_large	short	full_mean	logistic	none	0	/data/alpha_team2/shares/llm_return/datasets/sina_cninfo_full_2010_2026/single_stock_cninfo_v1/classification_results_v1/next1_to_next1/classification/xlm_roberta_large_short_full_mean_logistic_none_0.json	next_day_return	next_day_return
911	/data/alpha_team2/shares/llm_return/datasets/sina_cninfo_full_2010_2026/single_stock_cninfo_v1/embeddings	xlm_roberta_large	short	full_mean	linear_svm	none	0	/data/alpha_team2/shares/llm_return/datasets/sina_cninfo_full_2010_2026/single_stock_cninfo_v1/classification_results_v1/next1_to_next1/classification/xlm_roberta_large_short_full_mean_linear_svm_none_0.json	next_day_return	next_day_return
912	/data/alpha_team2/shares/llm_return/datasets/sina_cninfo_full_2010_2026/single_stock_cninfo_v1/embeddings	xlm_roberta_large	short	full_mean	sgd	none	0	/data/alpha_team2/shares/llm_return/datasets/sina_cninfo_full_2010_2026/single_stock_cninfo_v1/classification_results_v1/next1_to_next1/classification/xlm_roberta_large_short_full_mean_sgd_none_0.json	next_day_return	next_day_return
913	/data/alpha_team2/shares/llm_return/datasets/sina_cninfo_full_2010_2026/single_stock_cninfo_v1/embeddings	xlm_roberta_large	short	full_mean	simple_mlp	none	0	/data/alpha_team2/shares/llm_return/datasets/sina_cninfo_full_2010_2026/single_stock_cninfo_v1/classification_results_v1/next1_to_next1/classification/xlm_roberta_large_short_full_mean_simple_mlp_none_0.json	next_day_return	next_day_return
914	/data/alpha_team2/shares/llm_return/datasets/sina_cninfo_full_2010_2026/single_stock_cninfo_v1/embeddings	xlm_roberta_large	short	full_mean	hist_gradient_boosting	none	0	/data/alpha_team2/shares/llm_return/datasets/sina_cninfo_full_2010_2026/single_stock_cninfo_v1/classification_results_v1/next1_to_next1/classification/xlm_roberta_large_short_full_mean_hist_gradient_boosting_none_0.json	next_day_return	next_day_return
915	/data/alpha_team2/shares/llm_return/datasets/sina_cninfo_full_2010_2026/single_stock_cninfo_v1/embeddings	xlm_roberta_large	short	cls	logistic	none	0	/data/alpha_team2/shares/llm_return/datasets/sina_cninfo_full_2010_2026/single_stock_cninfo_v1/classification_results_v1/next1_to_next1/classification/xlm_roberta_large_short_cls_logistic_none_0.json	next_day_return	next_day_return
916	/data/alpha_team2/shares/llm_return/datasets/sina_cninfo_full_2010_2026/single_stock_cninfo_v1/embeddings	xlm_roberta_large	short	cls	linear_svm	none	0	/data/alpha_team2/shares/llm_return/datasets/sina_cninfo_full_2010_2026/single_stock_cninfo_v1/classification_results_v1/next1_to_next1/classification/xlm_roberta_large_short_cls_linear_svm_none_0.json	next_day_return	next_day_return
917	/data/alpha_team2/shares/llm_return/datasets/sina_cninfo_full_2010_2026/single_stock_cninfo_v1/embeddings	xlm_roberta_large	short	cls	sgd	none	0	/data/alpha_team2/shares/llm_return/datasets/sina_cninfo_full_2010_2026/single_stock_cninfo_v1/classification_results_v1/next1_to_next1/classification/xlm_roberta_large_short_cls_sgd_none_0.json	next_day_return	next_day_return
918	/data/alpha_team2/shares/llm_return/datasets/sina_cninfo_full_2010_2026/single_stock_cninfo_v1/embeddings	xlm_roberta_large	short	cls	simple_mlp	none	0	/data/alpha_team2/shares/llm_return/datasets/sina_cninfo_full_2010_2026/single_stock_cninfo_v1/classification_results_v1/next1_to_next1/classification/xlm_roberta_large_short_cls_simple_mlp_none_0.json	next_day_return	next_day_return
919	/data/alpha_team2/shares/llm_return/datasets/sina_cninfo_full_2010_2026/single_stock_cninfo_v1/embeddings	xlm_roberta_large	short	cls	hist_gradient_boosting	none	0	/data/alpha_team2/shares/llm_return/datasets/sina_cninfo_full_2010_2026/single_stock_cninfo_v1/classification_results_v1/next1_to_next1/classification/xlm_roberta_large_short_cls_hist_gradient_boosting_none_0.json	next_day_return	next_day_return
920	/data/alpha_team2/shares/llm_return/datasets/sina_cninfo_full_2010_2026/single_stock_cninfo_v1/embeddings	xlm_roberta_large	short	full_max	logistic	none	0	/data/alpha_team2/shares/llm_return/datasets/sina_cninfo_full_2010_2026/single_stock_cninfo_v1/classification_results_v1/next1_to_next1/classification/xlm_roberta_large_short_full_max_logistic_none_0.json	next_day_return	next_day_return
921	/data/alpha_team2/shares/llm_return/datasets/sina_cninfo_full_2010_2026/single_stock_cninfo_v1/embeddings	xlm_roberta_large	short	full_max	linear_svm	none	0	/data/alpha_team2/shares/llm_return/datasets/sina_cninfo_full_2010_2026/single_stock_cninfo_v1/classification_results_v1/next1_to_next1/classification/xlm_roberta_large_short_full_max_linear_svm_none_0.json	next_day_return	next_day_return
922	/data/alpha_team2/shares/llm_return/datasets/sina_cninfo_full_2010_2026/single_stock_cninfo_v1/embeddings	xlm_roberta_large	short	full_max	sgd	none	0	/data/alpha_team2/shares/llm_return/datasets/sina_cninfo_full_2010_2026/single_stock_cninfo_v1/classification_results_v1/next1_to_next1/classification/xlm_roberta_large_short_full_max_sgd_none_0.json	next_day_return	next_day_return
923	/data/alpha_team2/shares/llm_return/datasets/sina_cninfo_full_2010_2026/single_stock_cninfo_v1/embeddings	xlm_roberta_large	short	full_max	simple_mlp	none	0	/data/alpha_team2/shares/llm_return/datasets/sina_cninfo_full_2010_2026/single_stock_cninfo_v1/classification_results_v1/next1_to_next1/classification/xlm_roberta_large_short_full_max_simple_mlp_none_0.json	next_day_return	next_day_return
924	/data/alpha_team2/shares/llm_return/datasets/sina_cninfo_full_2010_2026/single_stock_cninfo_v1/embeddings	xlm_roberta_large	short	full_max	hist_gradient_boosting	none	0	/data/alpha_team2/shares/llm_return/datasets/sina_cninfo_full_2010_2026/single_stock_cninfo_v1/classification_results_v1/next1_to_next1/classification/xlm_roberta_large_short_full_max_hist_gradient_boosting_none_0.json	next_day_return	next_day_return
925	/data/alpha_team2/shares/llm_return/datasets/sina_cninfo_full_2010_2026/single_stock_cninfo_v1/embeddings	xlm_roberta_large	masked_short	body_mean	logistic	none	0	/data/alpha_team2/shares/llm_return/datasets/sina_cninfo_full_2010_2026/single_stock_cninfo_v1/classification_results_v1/next1_to_next1/classification/xlm_roberta_large_masked_short_body_mean_logistic_none_0.json	next_day_return	next_day_return
926	/data/alpha_team2/shares/llm_return/datasets/sina_cninfo_full_2010_2026/single_stock_cninfo_v1/embeddings	xlm_roberta_large	masked_short	body_mean	linear_svm	none	0	/data/alpha_team2/shares/llm_return/datasets/sina_cninfo_full_2010_2026/single_stock_cninfo_v1/classification_results_v1/next1_to_next1/classification/xlm_roberta_large_masked_short_body_mean_linear_svm_none_0.json	next_day_return	next_day_return
927	/data/alpha_team2/shares/llm_return/datasets/sina_cninfo_full_2010_2026/single_stock_cninfo_v1/embeddings	xlm_roberta_large	masked_short	body_mean	sgd	none	0	/data/alpha_team2/shares/llm_return/datasets/sina_cninfo_full_2010_2026/single_stock_cninfo_v1/classification_results_v1/next1_to_next1/classification/xlm_roberta_large_masked_short_body_mean_sgd_none_0.json	next_day_return	next_day_return
928	/data/alpha_team2/shares/llm_return/datasets/sina_cninfo_full_2010_2026/single_stock_cninfo_v1/embeddings	xlm_roberta_large	masked_short	body_mean	simple_mlp	none	0	/data/alpha_team2/shares/llm_return/datasets/sina_cninfo_full_2010_2026/single_stock_cninfo_v1/classification_results_v1/next1_to_next1/classification/xlm_roberta_large_masked_short_body_mean_simple_mlp_none_0.json	next_day_return	next_day_return
929	/data/alpha_team2/shares/llm_return/datasets/sina_cninfo_full_2010_2026/single_stock_cninfo_v1/embeddings	xlm_roberta_large	masked_short	body_mean	hist_gradient_boosting	none	0	/data/alpha_team2/shares/llm_return/datasets/sina_cninfo_full_2010_2026/single_stock_cninfo_v1/classification_results_v1/next1_to_next1/classification/xlm_roberta_large_masked_short_body_mean_hist_gradient_boosting_none_0.json	next_day_return	next_day_return
930	/data/alpha_team2/shares/llm_return/datasets/sina_cninfo_full_2010_2026/single_stock_cninfo_v1/embeddings	xlm_roberta_large	masked_short	title_body_mean	logistic	none	0	/data/alpha_team2/shares/llm_return/datasets/sina_cninfo_full_2010_2026/single_stock_cninfo_v1/classification_results_v1/next1_to_next1/classification/xlm_roberta_large_masked_short_title_body_mean_logistic_none_0.json	next_day_return	next_day_return
931	/data/alpha_team2/shares/llm_return/datasets/sina_cninfo_full_2010_2026/single_stock_cninfo_v1/embeddings	xlm_roberta_large	masked_short	title_body_mean	linear_svm	none	0	/data/alpha_team2/shares/llm_return/datasets/sina_cninfo_full_2010_2026/single_stock_cninfo_v1/classification_results_v1/next1_to_next1/classification/xlm_roberta_large_masked_short_title_body_mean_linear_svm_none_0.json	next_day_return	next_day_return
932	/data/alpha_team2/shares/llm_return/datasets/sina_cninfo_full_2010_2026/single_stock_cninfo_v1/embeddings	xlm_roberta_large	masked_short	title_body_mean	sgd	none	0	/data/alpha_team2/shares/llm_return/datasets/sina_cninfo_full_2010_2026/single_stock_cninfo_v1/classification_results_v1/next1_to_next1/classification/xlm_roberta_large_masked_short_title_body_mean_sgd_none_0.json	next_day_return	next_day_return
933	/data/alpha_team2/shares/llm_return/datasets/sina_cninfo_full_2010_2026/single_stock_cninfo_v1/embeddings	xlm_roberta_large	masked_short	title_body_mean	simple_mlp	none	0	/data/alpha_team2/shares/llm_return/datasets/sina_cninfo_full_2010_2026/single_stock_cninfo_v1/classification_results_v1/next1_to_next1/classification/xlm_roberta_large_masked_short_title_body_mean_simple_mlp_none_0.json	next_day_return	next_day_return
934	/data/alpha_team2/shares/llm_return/datasets/sina_cninfo_full_2010_2026/single_stock_cninfo_v1/embeddings	xlm_roberta_large	masked_short	title_body_mean	hist_gradient_boosting	none	0	/data/alpha_team2/shares/llm_return/datasets/sina_cninfo_full_2010_2026/single_stock_cninfo_v1/classification_results_v1/next1_to_next1/classification/xlm_roberta_large_masked_short_title_body_mean_hist_gradient_boosting_none_0.json	next_day_return	next_day_return
935	/data/alpha_team2/shares/llm_return/datasets/sina_cninfo_full_2010_2026/single_stock_cninfo_v1/embeddings	xlm_roberta_large	masked_short	full_mean	logistic	none	0	/data/alpha_team2/shares/llm_return/datasets/sina_cninfo_full_2010_2026/single_stock_cninfo_v1/classification_results_v1/next1_to_next1/classification/xlm_roberta_large_masked_short_full_mean_logistic_none_0.json	next_day_return	next_day_return
936	/data/alpha_team2/shares/llm_return/datasets/sina_cninfo_full_2010_2026/single_stock_cninfo_v1/embeddings	xlm_roberta_large	masked_short	full_mean	linear_svm	none	0	/data/alpha_team2/shares/llm_return/datasets/sina_cninfo_full_2010_2026/single_stock_cninfo_v1/classification_results_v1/next1_to_next1/classification/xlm_roberta_large_masked_short_full_mean_linear_svm_none_0.json	next_day_return	next_day_return
937	/data/alpha_team2/shares/llm_return/datasets/sina_cninfo_full_2010_2026/single_stock_cninfo_v1/embeddings	xlm_roberta_large	masked_short	full_mean	sgd	none	0	/data/alpha_team2/shares/llm_return/datasets/sina_cninfo_full_2010_2026/single_stock_cninfo_v1/classification_results_v1/next1_to_next1/classification/xlm_roberta_large_masked_short_full_mean_sgd_none_0.json	next_day_return	next_day_return
938	/data/alpha_team2/shares/llm_return/datasets/sina_cninfo_full_2010_2026/single_stock_cninfo_v1/embeddings	xlm_roberta_large	masked_short	full_mean	simple_mlp	none	0	/data/alpha_team2/shares/llm_return/datasets/sina_cninfo_full_2010_2026/single_stock_cninfo_v1/classification_results_v1/next1_to_next1/classification/xlm_roberta_large_masked_short_full_mean_simple_mlp_none_0.json	next_day_return	next_day_return
939	/data/alpha_team2/shares/llm_return/datasets/sina_cninfo_full_2010_2026/single_stock_cninfo_v1/embeddings	xlm_roberta_large	masked_short	full_mean	hist_gradient_boosting	none	0	/data/alpha_team2/shares/llm_return/datasets/sina_cninfo_full_2010_2026/single_stock_cninfo_v1/classification_results_v1/next1_to_next1/classification/xlm_roberta_large_masked_short_full_mean_hist_gradient_boosting_none_0.json	next_day_return	next_day_return
940	/data/alpha_team2/shares/llm_return/datasets/sina_cninfo_full_2010_2026/single_stock_cninfo_v1/embeddings	xlm_roberta_large	masked_short	cls	logistic	none	0	/data/alpha_team2/shares/llm_return/datasets/sina_cninfo_full_2010_2026/single_stock_cninfo_v1/classification_results_v1/next1_to_next1/classification/xlm_roberta_large_masked_short_cls_logistic_none_0.json	next_day_return	next_day_return
941	/data/alpha_team2/shares/llm_return/datasets/sina_cninfo_full_2010_2026/single_stock_cninfo_v1/embeddings	xlm_roberta_large	masked_short	cls	linear_svm	none	0	/data/alpha_team2/shares/llm_return/datasets/sina_cninfo_full_2010_2026/single_stock_cninfo_v1/classification_results_v1/next1_to_next1/classification/xlm_roberta_large_masked_short_cls_linear_svm_none_0.json	next_day_return	next_day_return
942	/data/alpha_team2/shares/llm_return/datasets/sina_cninfo_full_2010_2026/single_stock_cninfo_v1/embeddings	xlm_roberta_large	masked_short	cls	sgd	none	0	/data/alpha_team2/shares/llm_return/datasets/sina_cninfo_full_2010_2026/single_stock_cninfo_v1/classification_results_v1/next1_to_next1/classification/xlm_roberta_large_masked_short_cls_sgd_none_0.json	next_day_return	next_day_return
943	/data/alpha_team2/shares/llm_return/datasets/sina_cninfo_full_2010_2026/single_stock_cninfo_v1/embeddings	xlm_roberta_large	masked_short	cls	simple_mlp	none	0	/data/alpha_team2/shares/llm_return/datasets/sina_cninfo_full_2010_2026/single_stock_cninfo_v1/classification_results_v1/next1_to_next1/classification/xlm_roberta_large_masked_short_cls_simple_mlp_none_0.json	next_day_return	next_day_return
944	/data/alpha_team2/shares/llm_return/datasets/sina_cninfo_full_2010_2026/single_stock_cninfo_v1/embeddings	xlm_roberta_large	masked_short	cls	hist_gradient_boosting	none	0	/data/alpha_team2/shares/llm_return/datasets/sina_cninfo_full_2010_2026/single_stock_cninfo_v1/classification_results_v1/next1_to_next1/classification/xlm_roberta_large_masked_short_cls_hist_gradient_boosting_none_0.json	next_day_return	next_day_return
945	/data/alpha_team2/shares/llm_return/datasets/sina_cninfo_full_2010_2026/single_stock_cninfo_v1/embeddings	xlm_roberta_large	masked_short	full_max	logistic	none	0	/data/alpha_team2/shares/llm_return/datasets/sina_cninfo_full_2010_2026/single_stock_cninfo_v1/classification_results_v1/next1_to_next1/classification/xlm_roberta_large_masked_short_full_max_logistic_none_0.json	next_day_return	next_day_return
946	/data/alpha_team2/shares/llm_return/datasets/sina_cninfo_full_2010_2026/single_stock_cninfo_v1/embeddings	xlm_roberta_large	masked_short	full_max	linear_svm	none	0	/data/alpha_team2/shares/llm_return/datasets/sina_cninfo_full_2010_2026/single_stock_cninfo_v1/classification_results_v1/next1_to_next1/classification/xlm_roberta_large_masked_short_full_max_linear_svm_none_0.json	next_day_return	next_day_return
947	/data/alpha_team2/shares/llm_return/datasets/sina_cninfo_full_2010_2026/single_stock_cninfo_v1/embeddings	xlm_roberta_large	masked_short	full_max	sgd	none	0	/data/alpha_team2/shares/llm_return/datasets/sina_cninfo_full_2010_2026/single_stock_cninfo_v1/classification_results_v1/next1_to_next1/classification/xlm_roberta_large_masked_short_full_max_sgd_none_0.json	next_day_return	next_day_return
948	/data/alpha_team2/shares/llm_return/datasets/sina_cninfo_full_2010_2026/single_stock_cninfo_v1/embeddings	xlm_roberta_large	masked_short	full_max	simple_mlp	none	0	/data/alpha_team2/shares/llm_return/datasets/sina_cninfo_full_2010_2026/single_stock_cninfo_v1/classification_results_v1/next1_to_next1/classification/xlm_roberta_large_masked_short_full_max_simple_mlp_none_0.json	next_day_return	next_day_return
949	/data/alpha_team2/shares/llm_return/datasets/sina_cninfo_full_2010_2026/single_stock_cninfo_v1/embeddings	xlm_roberta_large	masked_short	full_max	hist_gradient_boosting	none	0	/data/alpha_team2/shares/llm_return/datasets/sina_cninfo_full_2010_2026/single_stock_cninfo_v1/classification_results_v1/next1_to_next1/classification/xlm_roberta_large_masked_short_full_max_hist_gradient_boosting_none_0.json	next_day_return	next_day_return
950	/data/alpha_team2/shares/llm_return/datasets/sina_cninfo_full_2010_2026/single_stock_cninfo_v1/embeddings	xlm_roberta_large	long	body_mean	logistic	none	0	/data/alpha_team2/shares/llm_return/datasets/sina_cninfo_full_2010_2026/single_stock_cninfo_v1/classification_results_v1/next1_to_next1/classification/xlm_roberta_large_long_body_mean_logistic_none_0.json	next_day_return	next_day_return
951	/data/alpha_team2/shares/llm_return/datasets/sina_cninfo_full_2010_2026/single_stock_cninfo_v1/embeddings	xlm_roberta_large	long	body_mean	linear_svm	none	0	/data/alpha_team2/shares/llm_return/datasets/sina_cninfo_full_2010_2026/single_stock_cninfo_v1/classification_results_v1/next1_to_next1/classification/xlm_roberta_large_long_body_mean_linear_svm_none_0.json	next_day_return	next_day_return
952	/data/alpha_team2/shares/llm_return/datasets/sina_cninfo_full_2010_2026/single_stock_cninfo_v1/embeddings	xlm_roberta_large	long	body_mean	sgd	none	0	/data/alpha_team2/shares/llm_return/datasets/sina_cninfo_full_2010_2026/single_stock_cninfo_v1/classification_results_v1/next1_to_next1/classification/xlm_roberta_large_long_body_mean_sgd_none_0.json	next_day_return	next_day_return
953	/data/alpha_team2/shares/llm_return/datasets/sina_cninfo_full_2010_2026/single_stock_cninfo_v1/embeddings	xlm_roberta_large	long	body_mean	simple_mlp	none	0	/data/alpha_team2/shares/llm_return/datasets/sina_cninfo_full_2010_2026/single_stock_cninfo_v1/classification_results_v1/next1_to_next1/classification/xlm_roberta_large_long_body_mean_simple_mlp_none_0.json	next_day_return	next_day_return
954	/data/alpha_team2/shares/llm_return/datasets/sina_cninfo_full_2010_2026/single_stock_cninfo_v1/embeddings	xlm_roberta_large	long	body_mean	hist_gradient_boosting	none	0	/data/alpha_team2/shares/llm_return/datasets/sina_cninfo_full_2010_2026/single_stock_cninfo_v1/classification_results_v1/next1_to_next1/classification/xlm_roberta_large_long_body_mean_hist_gradient_boosting_none_0.json	next_day_return	next_day_return
955	/data/alpha_team2/shares/llm_return/datasets/sina_cninfo_full_2010_2026/single_stock_cninfo_v1/embeddings	xlm_roberta_large	long	title_body_mean	logistic	none	0	/data/alpha_team2/shares/llm_return/datasets/sina_cninfo_full_2010_2026/single_stock_cninfo_v1/classification_results_v1/next1_to_next1/classification/xlm_roberta_large_long_title_body_mean_logistic_none_0.json	next_day_return	next_day_return
956	/data/alpha_team2/shares/llm_return/datasets/sina_cninfo_full_2010_2026/single_stock_cninfo_v1/embeddings	xlm_roberta_large	long	title_body_mean	linear_svm	none	0	/data/alpha_team2/shares/llm_return/datasets/sina_cninfo_full_2010_2026/single_stock_cninfo_v1/classification_results_v1/next1_to_next1/classification/xlm_roberta_large_long_title_body_mean_linear_svm_none_0.json	next_day_return	next_day_return
957	/data/alpha_team2/shares/llm_return/datasets/sina_cninfo_full_2010_2026/single_stock_cninfo_v1/embeddings	xlm_roberta_large	long	title_body_mean	sgd	none	0	/data/alpha_team2/shares/llm_return/datasets/sina_cninfo_full_2010_2026/single_stock_cninfo_v1/classification_results_v1/next1_to_next1/classification/xlm_roberta_large_long_title_body_mean_sgd_none_0.json	next_day_return	next_day_return
958	/data/alpha_team2/shares/llm_return/datasets/sina_cninfo_full_2010_2026/single_stock_cninfo_v1/embeddings	xlm_roberta_large	long	title_body_mean	simple_mlp	none	0	/data/alpha_team2/shares/llm_return/datasets/sina_cninfo_full_2010_2026/single_stock_cninfo_v1/classification_results_v1/next1_to_next1/classification/xlm_roberta_large_long_title_body_mean_simple_mlp_none_0.json	next_day_return	next_day_return
959	/data/alpha_team2/shares/llm_return/datasets/sina_cninfo_full_2010_2026/single_stock_cninfo_v1/embeddings	xlm_roberta_large	long	title_body_mean	hist_gradient_boosting	none	0	/data/alpha_team2/shares/llm_return/datasets/sina_cninfo_full_2010_2026/single_stock_cninfo_v1/classification_results_v1/next1_to_next1/classification/xlm_roberta_large_long_title_body_mean_hist_gradient_boosting_none_0.json	next_day_return	next_day_return
960	/data/alpha_team2/shares/llm_return/datasets/sina_cninfo_full_2010_2026/single_stock_cninfo_v1/embeddings	xlm_roberta_large	long	full_mean	logistic	none	0	/data/alpha_team2/shares/llm_return/datasets/sina_cninfo_full_2010_2026/single_stock_cninfo_v1/classification_results_v1/next1_to_next1/classification/xlm_roberta_large_long_full_mean_logistic_none_0.json	next_day_return	next_day_return
961	/data/alpha_team2/shares/llm_return/datasets/sina_cninfo_full_2010_2026/single_stock_cninfo_v1/embeddings	xlm_roberta_large	long	full_mean	linear_svm	none	0	/data/alpha_team2/shares/llm_return/datasets/sina_cninfo_full_2010_2026/single_stock_cninfo_v1/classification_results_v1/next1_to_next1/classification/xlm_roberta_large_long_full_mean_linear_svm_none_0.json	next_day_return	next_day_return
962	/data/alpha_team2/shares/llm_return/datasets/sina_cninfo_full_2010_2026/single_stock_cninfo_v1/embeddings	xlm_roberta_large	long	full_mean	sgd	none	0	/data/alpha_team2/shares/llm_return/datasets/sina_cninfo_full_2010_2026/single_stock_cninfo_v1/classification_results_v1/next1_to_next1/classification/xlm_roberta_large_long_full_mean_sgd_none_0.json	next_day_return	next_day_return
963	/data/alpha_team2/shares/llm_return/datasets/sina_cninfo_full_2010_2026/single_stock_cninfo_v1/embeddings	xlm_roberta_large	long	full_mean	simple_mlp	none	0	/data/alpha_team2/shares/llm_return/datasets/sina_cninfo_full_2010_2026/single_stock_cninfo_v1/classification_results_v1/next1_to_next1/classification/xlm_roberta_large_long_full_mean_simple_mlp_none_0.json	next_day_return	next_day_return
964	/data/alpha_team2/shares/llm_return/datasets/sina_cninfo_full_2010_2026/single_stock_cninfo_v1/embeddings	xlm_roberta_large	long	full_mean	hist_gradient_boosting	none	0	/data/alpha_team2/shares/llm_return/datasets/sina_cninfo_full_2010_2026/single_stock_cninfo_v1/classification_results_v1/next1_to_next1/classification/xlm_roberta_large_long_full_mean_hist_gradient_boosting_none_0.json	next_day_return	next_day_return
965	/data/alpha_team2/shares/llm_return/datasets/sina_cninfo_full_2010_2026/single_stock_cninfo_v1/embeddings	xlm_roberta_large	long	cls	logistic	none	0	/data/alpha_team2/shares/llm_return/datasets/sina_cninfo_full_2010_2026/single_stock_cninfo_v1/classification_results_v1/next1_to_next1/classification/xlm_roberta_large_long_cls_logistic_none_0.json	next_day_return	next_day_return
966	/data/alpha_team2/shares/llm_return/datasets/sina_cninfo_full_2010_2026/single_stock_cninfo_v1/embeddings	xlm_roberta_large	long	cls	linear_svm	none	0	/data/alpha_team2/shares/llm_return/datasets/sina_cninfo_full_2010_2026/single_stock_cninfo_v1/classification_results_v1/next1_to_next1/classification/xlm_roberta_large_long_cls_linear_svm_none_0.json	next_day_return	next_day_return
967	/data/alpha_team2/shares/llm_return/datasets/sina_cninfo_full_2010_2026/single_stock_cninfo_v1/embeddings	xlm_roberta_large	long	cls	sgd	none	0	/data/alpha_team2/shares/llm_return/datasets/sina_cninfo_full_2010_2026/single_stock_cninfo_v1/classification_results_v1/next1_to_next1/classification/xlm_roberta_large_long_cls_sgd_none_0.json	next_day_return	next_day_return
968	/data/alpha_team2/shares/llm_return/datasets/sina_cninfo_full_2010_2026/single_stock_cninfo_v1/embeddings	xlm_roberta_large	long	cls	simple_mlp	none	0	/data/alpha_team2/shares/llm_return/datasets/sina_cninfo_full_2010_2026/single_stock_cninfo_v1/classification_results_v1/next1_to_next1/classification/xlm_roberta_large_long_cls_simple_mlp_none_0.json	next_day_return	next_day_return
969	/data/alpha_team2/shares/llm_return/datasets/sina_cninfo_full_2010_2026/single_stock_cninfo_v1/embeddings	xlm_roberta_large	long	cls	hist_gradient_boosting	none	0	/data/alpha_team2/shares/llm_return/datasets/sina_cninfo_full_2010_2026/single_stock_cninfo_v1/classification_results_v1/next1_to_next1/classification/xlm_roberta_large_long_cls_hist_gradient_boosting_none_0.json	next_day_return	next_day_return
970	/data/alpha_team2/shares/llm_return/datasets/sina_cninfo_full_2010_2026/single_stock_cninfo_v1/embeddings	xlm_roberta_large	long	full_max	logistic	none	0	/data/alpha_team2/shares/llm_return/datasets/sina_cninfo_full_2010_2026/single_stock_cninfo_v1/classification_results_v1/next1_to_next1/classification/xlm_roberta_large_long_full_max_logistic_none_0.json	next_day_return	next_day_return
971	/data/alpha_team2/shares/llm_return/datasets/sina_cninfo_full_2010_2026/single_stock_cninfo_v1/embeddings	xlm_roberta_large	long	full_max	linear_svm	none	0	/data/alpha_team2/shares/llm_return/datasets/sina_cninfo_full_2010_2026/single_stock_cninfo_v1/classification_results_v1/next1_to_next1/classification/xlm_roberta_large_long_full_max_linear_svm_none_0.json	next_day_return	next_day_return
972	/data/alpha_team2/shares/llm_return/datasets/sina_cninfo_full_2010_2026/single_stock_cninfo_v1/embeddings	xlm_roberta_large	long	full_max	sgd	none	0	/data/alpha_team2/shares/llm_return/datasets/sina_cninfo_full_2010_2026/single_stock_cninfo_v1/classification_results_v1/next1_to_next1/classification/xlm_roberta_large_long_full_max_sgd_none_0.json	next_day_return	next_day_return
973	/data/alpha_team2/shares/llm_return/datasets/sina_cninfo_full_2010_2026/single_stock_cninfo_v1/embeddings	xlm_roberta_large	long	full_max	simple_mlp	none	0	/data/alpha_team2/shares/llm_return/datasets/sina_cninfo_full_2010_2026/single_stock_cninfo_v1/classification_results_v1/next1_to_next1/classification/xlm_roberta_large_long_full_max_simple_mlp_none_0.json	next_day_return	next_day_return
974	/data/alpha_team2/shares/llm_return/datasets/sina_cninfo_full_2010_2026/single_stock_cninfo_v1/embeddings	xlm_roberta_large	long	full_max	hist_gradient_boosting	none	0	/data/alpha_team2/shares/llm_return/datasets/sina_cninfo_full_2010_2026/single_stock_cninfo_v1/classification_results_v1/next1_to_next1/classification/xlm_roberta_large_long_full_max_hist_gradient_boosting_none_0.json	next_day_return	next_day_return
975	/data/alpha_team2/shares/llm_return/datasets/sina_cninfo_full_2010_2026/single_stock_cninfo_v1/embeddings	xlm_roberta_large	masked_long	body_mean	logistic	none	0	/data/alpha_team2/shares/llm_return/datasets/sina_cninfo_full_2010_2026/single_stock_cninfo_v1/classification_results_v1/next1_to_next1/classification/xlm_roberta_large_masked_long_body_mean_logistic_none_0.json	next_day_return	next_day_return
976	/data/alpha_team2/shares/llm_return/datasets/sina_cninfo_full_2010_2026/single_stock_cninfo_v1/embeddings	xlm_roberta_large	masked_long	body_mean	linear_svm	none	0	/data/alpha_team2/shares/llm_return/datasets/sina_cninfo_full_2010_2026/single_stock_cninfo_v1/classification_results_v1/next1_to_next1/classification/xlm_roberta_large_masked_long_body_mean_linear_svm_none_0.json	next_day_return	next_day_return
977	/data/alpha_team2/shares/llm_return/datasets/sina_cninfo_full_2010_2026/single_stock_cninfo_v1/embeddings	xlm_roberta_large	masked_long	body_mean	sgd	none	0	/data/alpha_team2/shares/llm_return/datasets/sina_cninfo_full_2010_2026/single_stock_cninfo_v1/classification_results_v1/next1_to_next1/classification/xlm_roberta_large_masked_long_body_mean_sgd_none_0.json	next_day_return	next_day_return
978	/data/alpha_team2/shares/llm_return/datasets/sina_cninfo_full_2010_2026/single_stock_cninfo_v1/embeddings	xlm_roberta_large	masked_long	body_mean	simple_mlp	none	0	/data/alpha_team2/shares/llm_return/datasets/sina_cninfo_full_2010_2026/single_stock_cninfo_v1/classification_results_v1/next1_to_next1/classification/xlm_roberta_large_masked_long_body_mean_simple_mlp_none_0.json	next_day_return	next_day_return
979	/data/alpha_team2/shares/llm_return/datasets/sina_cninfo_full_2010_2026/single_stock_cninfo_v1/embeddings	xlm_roberta_large	masked_long	body_mean	hist_gradient_boosting	none	0	/data/alpha_team2/shares/llm_return/datasets/sina_cninfo_full_2010_2026/single_stock_cninfo_v1/classification_results_v1/next1_to_next1/classification/xlm_roberta_large_masked_long_body_mean_hist_gradient_boosting_none_0.json	next_day_return	next_day_return
980	/data/alpha_team2/shares/llm_return/datasets/sina_cninfo_full_2010_2026/single_stock_cninfo_v1/embeddings	xlm_roberta_large	masked_long	title_body_mean	logistic	none	0	/data/alpha_team2/shares/llm_return/datasets/sina_cninfo_full_2010_2026/single_stock_cninfo_v1/classification_results_v1/next1_to_next1/classification/xlm_roberta_large_masked_long_title_body_mean_logistic_none_0.json	next_day_return	next_day_return
981	/data/alpha_team2/shares/llm_return/datasets/sina_cninfo_full_2010_2026/single_stock_cninfo_v1/embeddings	xlm_roberta_large	masked_long	title_body_mean	linear_svm	none	0	/data/alpha_team2/shares/llm_return/datasets/sina_cninfo_full_2010_2026/single_stock_cninfo_v1/classification_results_v1/next1_to_next1/classification/xlm_roberta_large_masked_long_title_body_mean_linear_svm_none_0.json	next_day_return	next_day_return
982	/data/alpha_team2/shares/llm_return/datasets/sina_cninfo_full_2010_2026/single_stock_cninfo_v1/embeddings	xlm_roberta_large	masked_long	title_body_mean	sgd	none	0	/data/alpha_team2/shares/llm_return/datasets/sina_cninfo_full_2010_2026/single_stock_cninfo_v1/classification_results_v1/next1_to_next1/classification/xlm_roberta_large_masked_long_title_body_mean_sgd_none_0.json	next_day_return	next_day_return
983	/data/alpha_team2/shares/llm_return/datasets/sina_cninfo_full_2010_2026/single_stock_cninfo_v1/embeddings	xlm_roberta_large	masked_long	title_body_mean	simple_mlp	none	0	/data/alpha_team2/shares/llm_return/datasets/sina_cninfo_full_2010_2026/single_stock_cninfo_v1/classification_results_v1/next1_to_next1/classification/xlm_roberta_large_masked_long_title_body_mean_simple_mlp_none_0.json	next_day_return	next_day_return
984	/data/alpha_team2/shares/llm_return/datasets/sina_cninfo_full_2010_2026/single_stock_cninfo_v1/embeddings	xlm_roberta_large	masked_long	title_body_mean	hist_gradient_boosting	none	0	/data/alpha_team2/shares/llm_return/datasets/sina_cninfo_full_2010_2026/single_stock_cninfo_v1/classification_results_v1/next1_to_next1/classification/xlm_roberta_large_masked_long_title_body_mean_hist_gradient_boosting_none_0.json	next_day_return	next_day_return
985	/data/alpha_team2/shares/llm_return/datasets/sina_cninfo_full_2010_2026/single_stock_cninfo_v1/embeddings	xlm_roberta_large	masked_long	full_mean	logistic	none	0	/data/alpha_team2/shares/llm_return/datasets/sina_cninfo_full_2010_2026/single_stock_cninfo_v1/classification_results_v1/next1_to_next1/classification/xlm_roberta_large_masked_long_full_mean_logistic_none_0.json	next_day_return	next_day_return
986	/data/alpha_team2/shares/llm_return/datasets/sina_cninfo_full_2010_2026/single_stock_cninfo_v1/embeddings	xlm_roberta_large	masked_long	full_mean	linear_svm	none	0	/data/alpha_team2/shares/llm_return/datasets/sina_cninfo_full_2010_2026/single_stock_cninfo_v1/classification_results_v1/next1_to_next1/classification/xlm_roberta_large_masked_long_full_mean_linear_svm_none_0.json	next_day_return	next_day_return
987	/data/alpha_team2/shares/llm_return/datasets/sina_cninfo_full_2010_2026/single_stock_cninfo_v1/embeddings	xlm_roberta_large	masked_long	full_mean	sgd	none	0	/data/alpha_team2/shares/llm_return/datasets/sina_cninfo_full_2010_2026/single_stock_cninfo_v1/classification_results_v1/next1_to_next1/classification/xlm_roberta_large_masked_long_full_mean_sgd_none_0.json	next_day_return	next_day_return
988	/data/alpha_team2/shares/llm_return/datasets/sina_cninfo_full_2010_2026/single_stock_cninfo_v1/embeddings	xlm_roberta_large	masked_long	full_mean	simple_mlp	none	0	/data/alpha_team2/shares/llm_return/datasets/sina_cninfo_full_2010_2026/single_stock_cninfo_v1/classification_results_v1/next1_to_next1/classification/xlm_roberta_large_masked_long_full_mean_simple_mlp_none_0.json	next_day_return	next_day_return
989	/data/alpha_team2/shares/llm_return/datasets/sina_cninfo_full_2010_2026/single_stock_cninfo_v1/embeddings	xlm_roberta_large	masked_long	full_mean	hist_gradient_boosting	none	0	/data/alpha_team2/shares/llm_return/datasets/sina_cninfo_full_2010_2026/single_stock_cninfo_v1/classification_results_v1/next1_to_next1/classification/xlm_roberta_large_masked_long_full_mean_hist_gradient_boosting_none_0.json	next_day_return	next_day_return
990	/data/alpha_team2/shares/llm_return/datasets/sina_cninfo_full_2010_2026/single_stock_cninfo_v1/embeddings	xlm_roberta_large	masked_long	cls	logistic	none	0	/data/alpha_team2/shares/llm_return/datasets/sina_cninfo_full_2010_2026/single_stock_cninfo_v1/classification_results_v1/next1_to_next1/classification/xlm_roberta_large_masked_long_cls_logistic_none_0.json	next_day_return	next_day_return
991	/data/alpha_team2/shares/llm_return/datasets/sina_cninfo_full_2010_2026/single_stock_cninfo_v1/embeddings	xlm_roberta_large	masked_long	cls	linear_svm	none	0	/data/alpha_team2/shares/llm_return/datasets/sina_cninfo_full_2010_2026/single_stock_cninfo_v1/classification_results_v1/next1_to_next1/classification/xlm_roberta_large_masked_long_cls_linear_svm_none_0.json	next_day_return	next_day_return
992	/data/alpha_team2/shares/llm_return/datasets/sina_cninfo_full_2010_2026/single_stock_cninfo_v1/embeddings	xlm_roberta_large	masked_long	cls	sgd	none	0	/data/alpha_team2/shares/llm_return/datasets/sina_cninfo_full_2010_2026/single_stock_cninfo_v1/classification_results_v1/next1_to_next1/classification/xlm_roberta_large_masked_long_cls_sgd_none_0.json	next_day_return	next_day_return
993	/data/alpha_team2/shares/llm_return/datasets/sina_cninfo_full_2010_2026/single_stock_cninfo_v1/embeddings	xlm_roberta_large	masked_long	cls	simple_mlp	none	0	/data/alpha_team2/shares/llm_return/datasets/sina_cninfo_full_2010_2026/single_stock_cninfo_v1/classification_results_v1/next1_to_next1/classification/xlm_roberta_large_masked_long_cls_simple_mlp_none_0.json	next_day_return	next_day_return
994	/data/alpha_team2/shares/llm_return/datasets/sina_cninfo_full_2010_2026/single_stock_cninfo_v1/embeddings	xlm_roberta_large	masked_long	cls	hist_gradient_boosting	none	0	/data/alpha_team2/shares/llm_return/datasets/sina_cninfo_full_2010_2026/single_stock_cninfo_v1/classification_results_v1/next1_to_next1/classification/xlm_roberta_large_masked_long_cls_hist_gradient_boosting_none_0.json	next_day_return	next_day_return
995	/data/alpha_team2/shares/llm_return/datasets/sina_cninfo_full_2010_2026/single_stock_cninfo_v1/embeddings	xlm_roberta_large	masked_long	full_max	logistic	none	0	/data/alpha_team2/shares/llm_return/datasets/sina_cninfo_full_2010_2026/single_stock_cninfo_v1/classification_results_v1/next1_to_next1/classification/xlm_roberta_large_masked_long_full_max_logistic_none_0.json	next_day_return	next_day_return
996	/data/alpha_team2/shares/llm_return/datasets/sina_cninfo_full_2010_2026/single_stock_cninfo_v1/embeddings	xlm_roberta_large	masked_long	full_max	linear_svm	none	0	/data/alpha_team2/shares/llm_return/datasets/sina_cninfo_full_2010_2026/single_stock_cninfo_v1/classification_results_v1/next1_to_next1/classification/xlm_roberta_large_masked_long_full_max_linear_svm_none_0.json	next_day_return	next_day_return
997	/data/alpha_team2/shares/llm_return/datasets/sina_cninfo_full_2010_2026/single_stock_cninfo_v1/embeddings	xlm_roberta_large	masked_long	full_max	sgd	none	0	/data/alpha_team2/shares/llm_return/datasets/sina_cninfo_full_2010_2026/single_stock_cninfo_v1/classification_results_v1/next1_to_next1/classification/xlm_roberta_large_masked_long_full_max_sgd_none_0.json	next_day_return	next_day_return
998	/data/alpha_team2/shares/llm_return/datasets/sina_cninfo_full_2010_2026/single_stock_cninfo_v1/embeddings	xlm_roberta_large	masked_long	full_max	simple_mlp	none	0	/data/alpha_team2/shares/llm_return/datasets/sina_cninfo_full_2010_2026/single_stock_cninfo_v1/classification_results_v1/next1_to_next1/classification/xlm_roberta_large_masked_long_full_max_simple_mlp_none_0.json	next_day_return	next_day_return
999	/data/alpha_team2/shares/llm_return/datasets/sina_cninfo_full_2010_2026/single_stock_cninfo_v1/embeddings	xlm_roberta_large	masked_long	full_max	hist_gradient_boosting	none	0	/data/alpha_team2/shares/llm_return/datasets/sina_cninfo_full_2010_2026/single_stock_cninfo_v1/classification_results_v1/next1_to_next1/classification/xlm_roberta_large_masked_long_full_max_hist_gradient_boosting_none_0.json	next_day_return	next_day_return
