task_id	embedding_root	model	variant	feature	classifier	reducer	components	output	train_target	evaluation_target
0	/mnt/lustre3/home/gaozh/news_content_quality_20260812/cninfo_method_v1/embeddings	roberta	plain	body_mean	logistic	none	0	/mnt/lustre3/home/gaozh/news_content_quality_20260812/cninfo_method_v1/prompt_embedding_classification/classification/roberta_plain_body_mean_logistic_none_0.json	event_return_3d	next_day_return
1	/mnt/lustre3/home/gaozh/news_content_quality_20260812/cninfo_method_v1/embeddings	roberta	plain	body_mean	linear_svm	none	0	/mnt/lustre3/home/gaozh/news_content_quality_20260812/cninfo_method_v1/prompt_embedding_classification/classification/roberta_plain_body_mean_linear_svm_none_0.json	event_return_3d	next_day_return
2	/mnt/lustre3/home/gaozh/news_content_quality_20260812/cninfo_method_v1/embeddings	roberta	plain	body_mean	sgd	none	0	/mnt/lustre3/home/gaozh/news_content_quality_20260812/cninfo_method_v1/prompt_embedding_classification/classification/roberta_plain_body_mean_sgd_none_0.json	event_return_3d	next_day_return
3	/mnt/lustre3/home/gaozh/news_content_quality_20260812/cninfo_method_v1/embeddings	roberta	plain	body_mean	simple_mlp	none	0	/mnt/lustre3/home/gaozh/news_content_quality_20260812/cninfo_method_v1/prompt_embedding_classification/classification/roberta_plain_body_mean_simple_mlp_none_0.json	event_return_3d	next_day_return
4	/mnt/lustre3/home/gaozh/news_content_quality_20260812/cninfo_method_v1/embeddings	roberta	plain	body_mean	hist_gradient_boosting	none	0	/mnt/lustre3/home/gaozh/news_content_quality_20260812/cninfo_method_v1/prompt_embedding_classification/classification/roberta_plain_body_mean_hist_gradient_boosting_none_0.json	event_return_3d	next_day_return
5	/mnt/lustre3/home/gaozh/news_content_quality_20260812/cninfo_method_v1/embeddings	roberta	plain	title_body_mean	logistic	none	0	/mnt/lustre3/home/gaozh/news_content_quality_20260812/cninfo_method_v1/prompt_embedding_classification/classification/roberta_plain_title_body_mean_logistic_none_0.json	event_return_3d	next_day_return
6	/mnt/lustre3/home/gaozh/news_content_quality_20260812/cninfo_method_v1/embeddings	roberta	plain	title_body_mean	linear_svm	none	0	/mnt/lustre3/home/gaozh/news_content_quality_20260812/cninfo_method_v1/prompt_embedding_classification/classification/roberta_plain_title_body_mean_linear_svm_none_0.json	event_return_3d	next_day_return
7	/mnt/lustre3/home/gaozh/news_content_quality_20260812/cninfo_method_v1/embeddings	roberta	plain	title_body_mean	sgd	none	0	/mnt/lustre3/home/gaozh/news_content_quality_20260812/cninfo_method_v1/prompt_embedding_classification/classification/roberta_plain_title_body_mean_sgd_none_0.json	event_return_3d	next_day_return
8	/mnt/lustre3/home/gaozh/news_content_quality_20260812/cninfo_method_v1/embeddings	roberta	plain	title_body_mean	simple_mlp	none	0	/mnt/lustre3/home/gaozh/news_content_quality_20260812/cninfo_method_v1/prompt_embedding_classification/classification/roberta_plain_title_body_mean_simple_mlp_none_0.json	event_return_3d	next_day_return
9	/mnt/lustre3/home/gaozh/news_content_quality_20260812/cninfo_method_v1/embeddings	roberta	plain	title_body_mean	hist_gradient_boosting	none	0	/mnt/lustre3/home/gaozh/news_content_quality_20260812/cninfo_method_v1/prompt_embedding_classification/classification/roberta_plain_title_body_mean_hist_gradient_boosting_none_0.json	event_return_3d	next_day_return
10	/mnt/lustre3/home/gaozh/news_content_quality_20260812/cninfo_method_v1/embeddings	roberta	plain	full_mean	linear_svm	none	0	/mnt/lustre3/home/gaozh/news_content_quality_20260812/cninfo_method_v1/prompt_embedding_classification/classification/roberta_plain_full_mean_linear_svm_none_0.json	event_return_3d	next_day_return
11	/mnt/lustre3/home/gaozh/news_content_quality_20260812/cninfo_method_v1/embeddings	roberta	plain	full_mean	sgd	none	0	/mnt/lustre3/home/gaozh/news_content_quality_20260812/cninfo_method_v1/prompt_embedding_classification/classification/roberta_plain_full_mean_sgd_none_0.json	event_return_3d	next_day_return
12	/mnt/lustre3/home/gaozh/news_content_quality_20260812/cninfo_method_v1/embeddings	roberta	plain	full_mean	simple_mlp	none	0	/mnt/lustre3/home/gaozh/news_content_quality_20260812/cninfo_method_v1/prompt_embedding_classification/classification/roberta_plain_full_mean_simple_mlp_none_0.json	event_return_3d	next_day_return
13	/mnt/lustre3/home/gaozh/news_content_quality_20260812/cninfo_method_v1/embeddings	roberta	plain	full_mean	hist_gradient_boosting	none	0	/mnt/lustre3/home/gaozh/news_content_quality_20260812/cninfo_method_v1/prompt_embedding_classification/classification/roberta_plain_full_mean_hist_gradient_boosting_none_0.json	event_return_3d	next_day_return
14	/mnt/lustre3/home/gaozh/news_content_quality_20260812/cninfo_method_v1/embeddings	roberta	plain	cls	logistic	none	0	/mnt/lustre3/home/gaozh/news_content_quality_20260812/cninfo_method_v1/prompt_embedding_classification/classification/roberta_plain_cls_logistic_none_0.json	event_return_3d	next_day_return
15	/mnt/lustre3/home/gaozh/news_content_quality_20260812/cninfo_method_v1/embeddings	roberta	plain	cls	linear_svm	none	0	/mnt/lustre3/home/gaozh/news_content_quality_20260812/cninfo_method_v1/prompt_embedding_classification/classification/roberta_plain_cls_linear_svm_none_0.json	event_return_3d	next_day_return
16	/mnt/lustre3/home/gaozh/news_content_quality_20260812/cninfo_method_v1/embeddings	roberta	plain	cls	sgd	none	0	/mnt/lustre3/home/gaozh/news_content_quality_20260812/cninfo_method_v1/prompt_embedding_classification/classification/roberta_plain_cls_sgd_none_0.json	event_return_3d	next_day_return
17	/mnt/lustre3/home/gaozh/news_content_quality_20260812/cninfo_method_v1/embeddings	roberta	plain	cls	simple_mlp	none	0	/mnt/lustre3/home/gaozh/news_content_quality_20260812/cninfo_method_v1/prompt_embedding_classification/classification/roberta_plain_cls_simple_mlp_none_0.json	event_return_3d	next_day_return
18	/mnt/lustre3/home/gaozh/news_content_quality_20260812/cninfo_method_v1/embeddings	roberta	plain	cls	hist_gradient_boosting	none	0	/mnt/lustre3/home/gaozh/news_content_quality_20260812/cninfo_method_v1/prompt_embedding_classification/classification/roberta_plain_cls_hist_gradient_boosting_none_0.json	event_return_3d	next_day_return
19	/mnt/lustre3/home/gaozh/news_content_quality_20260812/cninfo_method_v1/embeddings	roberta	plain	full_max	logistic	none	0	/mnt/lustre3/home/gaozh/news_content_quality_20260812/cninfo_method_v1/prompt_embedding_classification/classification/roberta_plain_full_max_logistic_none_0.json	event_return_3d	next_day_return
20	/mnt/lustre3/home/gaozh/news_content_quality_20260812/cninfo_method_v1/embeddings	roberta	plain	full_max	linear_svm	none	0	/mnt/lustre3/home/gaozh/news_content_quality_20260812/cninfo_method_v1/prompt_embedding_classification/classification/roberta_plain_full_max_linear_svm_none_0.json	event_return_3d	next_day_return
21	/mnt/lustre3/home/gaozh/news_content_quality_20260812/cninfo_method_v1/embeddings	roberta	plain	full_max	sgd	none	0	/mnt/lustre3/home/gaozh/news_content_quality_20260812/cninfo_method_v1/prompt_embedding_classification/classification/roberta_plain_full_max_sgd_none_0.json	event_return_3d	next_day_return
22	/mnt/lustre3/home/gaozh/news_content_quality_20260812/cninfo_method_v1/embeddings	roberta	plain	full_max	simple_mlp	none	0	/mnt/lustre3/home/gaozh/news_content_quality_20260812/cninfo_method_v1/prompt_embedding_classification/classification/roberta_plain_full_max_simple_mlp_none_0.json	event_return_3d	next_day_return
23	/mnt/lustre3/home/gaozh/news_content_quality_20260812/cninfo_method_v1/embeddings	roberta	plain	full_max	hist_gradient_boosting	none	0	/mnt/lustre3/home/gaozh/news_content_quality_20260812/cninfo_method_v1/prompt_embedding_classification/classification/roberta_plain_full_max_hist_gradient_boosting_none_0.json	event_return_3d	next_day_return
24	/mnt/lustre3/home/gaozh/news_content_quality_20260812/cninfo_method_v1/embeddings	roberta	short	body_mean	linear_svm	none	0	/mnt/lustre3/home/gaozh/news_content_quality_20260812/cninfo_method_v1/prompt_embedding_classification/classification/roberta_short_body_mean_linear_svm_none_0.json	event_return_3d	next_day_return
25	/mnt/lustre3/home/gaozh/news_content_quality_20260812/cninfo_method_v1/embeddings	roberta	short	body_mean	sgd	none	0	/mnt/lustre3/home/gaozh/news_content_quality_20260812/cninfo_method_v1/prompt_embedding_classification/classification/roberta_short_body_mean_sgd_none_0.json	event_return_3d	next_day_return
26	/mnt/lustre3/home/gaozh/news_content_quality_20260812/cninfo_method_v1/embeddings	roberta	short	body_mean	simple_mlp	none	0	/mnt/lustre3/home/gaozh/news_content_quality_20260812/cninfo_method_v1/prompt_embedding_classification/classification/roberta_short_body_mean_simple_mlp_none_0.json	event_return_3d	next_day_return
27	/mnt/lustre3/home/gaozh/news_content_quality_20260812/cninfo_method_v1/embeddings	roberta	short	body_mean	hist_gradient_boosting	none	0	/mnt/lustre3/home/gaozh/news_content_quality_20260812/cninfo_method_v1/prompt_embedding_classification/classification/roberta_short_body_mean_hist_gradient_boosting_none_0.json	event_return_3d	next_day_return
28	/mnt/lustre3/home/gaozh/news_content_quality_20260812/cninfo_method_v1/embeddings	roberta	short	title_body_mean	logistic	none	0	/mnt/lustre3/home/gaozh/news_content_quality_20260812/cninfo_method_v1/prompt_embedding_classification/classification/roberta_short_title_body_mean_logistic_none_0.json	event_return_3d	next_day_return
29	/mnt/lustre3/home/gaozh/news_content_quality_20260812/cninfo_method_v1/embeddings	roberta	short	title_body_mean	linear_svm	none	0	/mnt/lustre3/home/gaozh/news_content_quality_20260812/cninfo_method_v1/prompt_embedding_classification/classification/roberta_short_title_body_mean_linear_svm_none_0.json	event_return_3d	next_day_return
30	/mnt/lustre3/home/gaozh/news_content_quality_20260812/cninfo_method_v1/embeddings	roberta	short	title_body_mean	sgd	none	0	/mnt/lustre3/home/gaozh/news_content_quality_20260812/cninfo_method_v1/prompt_embedding_classification/classification/roberta_short_title_body_mean_sgd_none_0.json	event_return_3d	next_day_return
31	/mnt/lustre3/home/gaozh/news_content_quality_20260812/cninfo_method_v1/embeddings	roberta	short	title_body_mean	simple_mlp	none	0	/mnt/lustre3/home/gaozh/news_content_quality_20260812/cninfo_method_v1/prompt_embedding_classification/classification/roberta_short_title_body_mean_simple_mlp_none_0.json	event_return_3d	next_day_return
32	/mnt/lustre3/home/gaozh/news_content_quality_20260812/cninfo_method_v1/embeddings	roberta	short	title_body_mean	hist_gradient_boosting	none	0	/mnt/lustre3/home/gaozh/news_content_quality_20260812/cninfo_method_v1/prompt_embedding_classification/classification/roberta_short_title_body_mean_hist_gradient_boosting_none_0.json	event_return_3d	next_day_return
33	/mnt/lustre3/home/gaozh/news_content_quality_20260812/cninfo_method_v1/embeddings	roberta	short	full_mean	linear_svm	none	0	/mnt/lustre3/home/gaozh/news_content_quality_20260812/cninfo_method_v1/prompt_embedding_classification/classification/roberta_short_full_mean_linear_svm_none_0.json	event_return_3d	next_day_return
34	/mnt/lustre3/home/gaozh/news_content_quality_20260812/cninfo_method_v1/embeddings	roberta	short	full_mean	sgd	none	0	/mnt/lustre3/home/gaozh/news_content_quality_20260812/cninfo_method_v1/prompt_embedding_classification/classification/roberta_short_full_mean_sgd_none_0.json	event_return_3d	next_day_return
35	/mnt/lustre3/home/gaozh/news_content_quality_20260812/cninfo_method_v1/embeddings	roberta	short	full_mean	simple_mlp	none	0	/mnt/lustre3/home/gaozh/news_content_quality_20260812/cninfo_method_v1/prompt_embedding_classification/classification/roberta_short_full_mean_simple_mlp_none_0.json	event_return_3d	next_day_return
36	/mnt/lustre3/home/gaozh/news_content_quality_20260812/cninfo_method_v1/embeddings	roberta	short	full_mean	hist_gradient_boosting	none	0	/mnt/lustre3/home/gaozh/news_content_quality_20260812/cninfo_method_v1/prompt_embedding_classification/classification/roberta_short_full_mean_hist_gradient_boosting_none_0.json	event_return_3d	next_day_return
37	/mnt/lustre3/home/gaozh/news_content_quality_20260812/cninfo_method_v1/embeddings	roberta	short	cls	logistic	none	0	/mnt/lustre3/home/gaozh/news_content_quality_20260812/cninfo_method_v1/prompt_embedding_classification/classification/roberta_short_cls_logistic_none_0.json	event_return_3d	next_day_return
38	/mnt/lustre3/home/gaozh/news_content_quality_20260812/cninfo_method_v1/embeddings	roberta	short	cls	linear_svm	none	0	/mnt/lustre3/home/gaozh/news_content_quality_20260812/cninfo_method_v1/prompt_embedding_classification/classification/roberta_short_cls_linear_svm_none_0.json	event_return_3d	next_day_return
39	/mnt/lustre3/home/gaozh/news_content_quality_20260812/cninfo_method_v1/embeddings	roberta	short	cls	sgd	none	0	/mnt/lustre3/home/gaozh/news_content_quality_20260812/cninfo_method_v1/prompt_embedding_classification/classification/roberta_short_cls_sgd_none_0.json	event_return_3d	next_day_return
40	/mnt/lustre3/home/gaozh/news_content_quality_20260812/cninfo_method_v1/embeddings	roberta	short	cls	simple_mlp	none	0	/mnt/lustre3/home/gaozh/news_content_quality_20260812/cninfo_method_v1/prompt_embedding_classification/classification/roberta_short_cls_simple_mlp_none_0.json	event_return_3d	next_day_return
41	/mnt/lustre3/home/gaozh/news_content_quality_20260812/cninfo_method_v1/embeddings	roberta	short	cls	hist_gradient_boosting	none	0	/mnt/lustre3/home/gaozh/news_content_quality_20260812/cninfo_method_v1/prompt_embedding_classification/classification/roberta_short_cls_hist_gradient_boosting_none_0.json	event_return_3d	next_day_return
42	/mnt/lustre3/home/gaozh/news_content_quality_20260812/cninfo_method_v1/embeddings	roberta	short	full_max	logistic	none	0	/mnt/lustre3/home/gaozh/news_content_quality_20260812/cninfo_method_v1/prompt_embedding_classification/classification/roberta_short_full_max_logistic_none_0.json	event_return_3d	next_day_return
43	/mnt/lustre3/home/gaozh/news_content_quality_20260812/cninfo_method_v1/embeddings	roberta	short	full_max	linear_svm	none	0	/mnt/lustre3/home/gaozh/news_content_quality_20260812/cninfo_method_v1/prompt_embedding_classification/classification/roberta_short_full_max_linear_svm_none_0.json	event_return_3d	next_day_return
44	/mnt/lustre3/home/gaozh/news_content_quality_20260812/cninfo_method_v1/embeddings	roberta	short	full_max	sgd	none	0	/mnt/lustre3/home/gaozh/news_content_quality_20260812/cninfo_method_v1/prompt_embedding_classification/classification/roberta_short_full_max_sgd_none_0.json	event_return_3d	next_day_return
45	/mnt/lustre3/home/gaozh/news_content_quality_20260812/cninfo_method_v1/embeddings	roberta	short	full_max	simple_mlp	none	0	/mnt/lustre3/home/gaozh/news_content_quality_20260812/cninfo_method_v1/prompt_embedding_classification/classification/roberta_short_full_max_simple_mlp_none_0.json	event_return_3d	next_day_return
46	/mnt/lustre3/home/gaozh/news_content_quality_20260812/cninfo_method_v1/embeddings	roberta	short	full_max	hist_gradient_boosting	none	0	/mnt/lustre3/home/gaozh/news_content_quality_20260812/cninfo_method_v1/prompt_embedding_classification/classification/roberta_short_full_max_hist_gradient_boosting_none_0.json	event_return_3d	next_day_return
47	/mnt/lustre3/home/gaozh/news_content_quality_20260812/cninfo_method_v1/embeddings	roberta	masked_short	body_mean	linear_svm	none	0	/mnt/lustre3/home/gaozh/news_content_quality_20260812/cninfo_method_v1/prompt_embedding_classification/classification/roberta_masked_short_body_mean_linear_svm_none_0.json	event_return_3d	next_day_return
48	/mnt/lustre3/home/gaozh/news_content_quality_20260812/cninfo_method_v1/embeddings	roberta	masked_short	body_mean	sgd	none	0	/mnt/lustre3/home/gaozh/news_content_quality_20260812/cninfo_method_v1/prompt_embedding_classification/classification/roberta_masked_short_body_mean_sgd_none_0.json	event_return_3d	next_day_return
49	/mnt/lustre3/home/gaozh/news_content_quality_20260812/cninfo_method_v1/embeddings	roberta	masked_short	body_mean	simple_mlp	none	0	/mnt/lustre3/home/gaozh/news_content_quality_20260812/cninfo_method_v1/prompt_embedding_classification/classification/roberta_masked_short_body_mean_simple_mlp_none_0.json	event_return_3d	next_day_return
50	/mnt/lustre3/home/gaozh/news_content_quality_20260812/cninfo_method_v1/embeddings	roberta	masked_short	body_mean	hist_gradient_boosting	none	0	/mnt/lustre3/home/gaozh/news_content_quality_20260812/cninfo_method_v1/prompt_embedding_classification/classification/roberta_masked_short_body_mean_hist_gradient_boosting_none_0.json	event_return_3d	next_day_return
51	/mnt/lustre3/home/gaozh/news_content_quality_20260812/cninfo_method_v1/embeddings	roberta	masked_short	title_body_mean	logistic	none	0	/mnt/lustre3/home/gaozh/news_content_quality_20260812/cninfo_method_v1/prompt_embedding_classification/classification/roberta_masked_short_title_body_mean_logistic_none_0.json	event_return_3d	next_day_return
52	/mnt/lustre3/home/gaozh/news_content_quality_20260812/cninfo_method_v1/embeddings	roberta	masked_short	title_body_mean	linear_svm	none	0	/mnt/lustre3/home/gaozh/news_content_quality_20260812/cninfo_method_v1/prompt_embedding_classification/classification/roberta_masked_short_title_body_mean_linear_svm_none_0.json	event_return_3d	next_day_return
53	/mnt/lustre3/home/gaozh/news_content_quality_20260812/cninfo_method_v1/embeddings	roberta	masked_short	title_body_mean	sgd	none	0	/mnt/lustre3/home/gaozh/news_content_quality_20260812/cninfo_method_v1/prompt_embedding_classification/classification/roberta_masked_short_title_body_mean_sgd_none_0.json	event_return_3d	next_day_return
54	/mnt/lustre3/home/gaozh/news_content_quality_20260812/cninfo_method_v1/embeddings	roberta	masked_short	title_body_mean	simple_mlp	none	0	/mnt/lustre3/home/gaozh/news_content_quality_20260812/cninfo_method_v1/prompt_embedding_classification/classification/roberta_masked_short_title_body_mean_simple_mlp_none_0.json	event_return_3d	next_day_return
55	/mnt/lustre3/home/gaozh/news_content_quality_20260812/cninfo_method_v1/embeddings	roberta	masked_short	title_body_mean	hist_gradient_boosting	none	0	/mnt/lustre3/home/gaozh/news_content_quality_20260812/cninfo_method_v1/prompt_embedding_classification/classification/roberta_masked_short_title_body_mean_hist_gradient_boosting_none_0.json	event_return_3d	next_day_return
56	/mnt/lustre3/home/gaozh/news_content_quality_20260812/cninfo_method_v1/embeddings	roberta	masked_short	full_mean	linear_svm	none	0	/mnt/lustre3/home/gaozh/news_content_quality_20260812/cninfo_method_v1/prompt_embedding_classification/classification/roberta_masked_short_full_mean_linear_svm_none_0.json	event_return_3d	next_day_return
57	/mnt/lustre3/home/gaozh/news_content_quality_20260812/cninfo_method_v1/embeddings	roberta	masked_short	full_mean	sgd	none	0	/mnt/lustre3/home/gaozh/news_content_quality_20260812/cninfo_method_v1/prompt_embedding_classification/classification/roberta_masked_short_full_mean_sgd_none_0.json	event_return_3d	next_day_return
58	/mnt/lustre3/home/gaozh/news_content_quality_20260812/cninfo_method_v1/embeddings	roberta	masked_short	full_mean	simple_mlp	none	0	/mnt/lustre3/home/gaozh/news_content_quality_20260812/cninfo_method_v1/prompt_embedding_classification/classification/roberta_masked_short_full_mean_simple_mlp_none_0.json	event_return_3d	next_day_return
59	/mnt/lustre3/home/gaozh/news_content_quality_20260812/cninfo_method_v1/embeddings	roberta	masked_short	full_mean	hist_gradient_boosting	none	0	/mnt/lustre3/home/gaozh/news_content_quality_20260812/cninfo_method_v1/prompt_embedding_classification/classification/roberta_masked_short_full_mean_hist_gradient_boosting_none_0.json	event_return_3d	next_day_return
60	/mnt/lustre3/home/gaozh/news_content_quality_20260812/cninfo_method_v1/embeddings	roberta	masked_short	cls	logistic	none	0	/mnt/lustre3/home/gaozh/news_content_quality_20260812/cninfo_method_v1/prompt_embedding_classification/classification/roberta_masked_short_cls_logistic_none_0.json	event_return_3d	next_day_return
61	/mnt/lustre3/home/gaozh/news_content_quality_20260812/cninfo_method_v1/embeddings	roberta	masked_short	cls	linear_svm	none	0	/mnt/lustre3/home/gaozh/news_content_quality_20260812/cninfo_method_v1/prompt_embedding_classification/classification/roberta_masked_short_cls_linear_svm_none_0.json	event_return_3d	next_day_return
62	/mnt/lustre3/home/gaozh/news_content_quality_20260812/cninfo_method_v1/embeddings	roberta	masked_short	cls	sgd	none	0	/mnt/lustre3/home/gaozh/news_content_quality_20260812/cninfo_method_v1/prompt_embedding_classification/classification/roberta_masked_short_cls_sgd_none_0.json	event_return_3d	next_day_return
63	/mnt/lustre3/home/gaozh/news_content_quality_20260812/cninfo_method_v1/embeddings	roberta	masked_short	cls	simple_mlp	none	0	/mnt/lustre3/home/gaozh/news_content_quality_20260812/cninfo_method_v1/prompt_embedding_classification/classification/roberta_masked_short_cls_simple_mlp_none_0.json	event_return_3d	next_day_return
64	/mnt/lustre3/home/gaozh/news_content_quality_20260812/cninfo_method_v1/embeddings	roberta	masked_short	cls	hist_gradient_boosting	none	0	/mnt/lustre3/home/gaozh/news_content_quality_20260812/cninfo_method_v1/prompt_embedding_classification/classification/roberta_masked_short_cls_hist_gradient_boosting_none_0.json	event_return_3d	next_day_return
65	/mnt/lustre3/home/gaozh/news_content_quality_20260812/cninfo_method_v1/embeddings	roberta	masked_short	full_max	logistic	none	0	/mnt/lustre3/home/gaozh/news_content_quality_20260812/cninfo_method_v1/prompt_embedding_classification/classification/roberta_masked_short_full_max_logistic_none_0.json	event_return_3d	next_day_return
66	/mnt/lustre3/home/gaozh/news_content_quality_20260812/cninfo_method_v1/embeddings	roberta	masked_short	full_max	linear_svm	none	0	/mnt/lustre3/home/gaozh/news_content_quality_20260812/cninfo_method_v1/prompt_embedding_classification/classification/roberta_masked_short_full_max_linear_svm_none_0.json	event_return_3d	next_day_return
67	/mnt/lustre3/home/gaozh/news_content_quality_20260812/cninfo_method_v1/embeddings	roberta	masked_short	full_max	sgd	none	0	/mnt/lustre3/home/gaozh/news_content_quality_20260812/cninfo_method_v1/prompt_embedding_classification/classification/roberta_masked_short_full_max_sgd_none_0.json	event_return_3d	next_day_return
68	/mnt/lustre3/home/gaozh/news_content_quality_20260812/cninfo_method_v1/embeddings	roberta	masked_short	full_max	simple_mlp	none	0	/mnt/lustre3/home/gaozh/news_content_quality_20260812/cninfo_method_v1/prompt_embedding_classification/classification/roberta_masked_short_full_max_simple_mlp_none_0.json	event_return_3d	next_day_return
69	/mnt/lustre3/home/gaozh/news_content_quality_20260812/cninfo_method_v1/embeddings	roberta	masked_short	full_max	hist_gradient_boosting	none	0	/mnt/lustre3/home/gaozh/news_content_quality_20260812/cninfo_method_v1/prompt_embedding_classification/classification/roberta_masked_short_full_max_hist_gradient_boosting_none_0.json	event_return_3d	next_day_return
70	/mnt/lustre3/home/gaozh/news_content_quality_20260812/cninfo_method_v1/embeddings	roberta	long	body_mean	linear_svm	none	0	/mnt/lustre3/home/gaozh/news_content_quality_20260812/cninfo_method_v1/prompt_embedding_classification/classification/roberta_long_body_mean_linear_svm_none_0.json	event_return_3d	next_day_return
71	/mnt/lustre3/home/gaozh/news_content_quality_20260812/cninfo_method_v1/embeddings	roberta	long	body_mean	sgd	none	0	/mnt/lustre3/home/gaozh/news_content_quality_20260812/cninfo_method_v1/prompt_embedding_classification/classification/roberta_long_body_mean_sgd_none_0.json	event_return_3d	next_day_return
72	/mnt/lustre3/home/gaozh/news_content_quality_20260812/cninfo_method_v1/embeddings	roberta	long	body_mean	simple_mlp	none	0	/mnt/lustre3/home/gaozh/news_content_quality_20260812/cninfo_method_v1/prompt_embedding_classification/classification/roberta_long_body_mean_simple_mlp_none_0.json	event_return_3d	next_day_return
73	/mnt/lustre3/home/gaozh/news_content_quality_20260812/cninfo_method_v1/embeddings	roberta	long	body_mean	hist_gradient_boosting	none	0	/mnt/lustre3/home/gaozh/news_content_quality_20260812/cninfo_method_v1/prompt_embedding_classification/classification/roberta_long_body_mean_hist_gradient_boosting_none_0.json	event_return_3d	next_day_return
74	/mnt/lustre3/home/gaozh/news_content_quality_20260812/cninfo_method_v1/embeddings	roberta	long	title_body_mean	logistic	none	0	/mnt/lustre3/home/gaozh/news_content_quality_20260812/cninfo_method_v1/prompt_embedding_classification/classification/roberta_long_title_body_mean_logistic_none_0.json	event_return_3d	next_day_return
75	/mnt/lustre3/home/gaozh/news_content_quality_20260812/cninfo_method_v1/embeddings	roberta	long	title_body_mean	linear_svm	none	0	/mnt/lustre3/home/gaozh/news_content_quality_20260812/cninfo_method_v1/prompt_embedding_classification/classification/roberta_long_title_body_mean_linear_svm_none_0.json	event_return_3d	next_day_return
76	/mnt/lustre3/home/gaozh/news_content_quality_20260812/cninfo_method_v1/embeddings	roberta	long	title_body_mean	sgd	none	0	/mnt/lustre3/home/gaozh/news_content_quality_20260812/cninfo_method_v1/prompt_embedding_classification/classification/roberta_long_title_body_mean_sgd_none_0.json	event_return_3d	next_day_return
77	/mnt/lustre3/home/gaozh/news_content_quality_20260812/cninfo_method_v1/embeddings	roberta	long	title_body_mean	simple_mlp	none	0	/mnt/lustre3/home/gaozh/news_content_quality_20260812/cninfo_method_v1/prompt_embedding_classification/classification/roberta_long_title_body_mean_simple_mlp_none_0.json	event_return_3d	next_day_return
78	/mnt/lustre3/home/gaozh/news_content_quality_20260812/cninfo_method_v1/embeddings	roberta	long	title_body_mean	hist_gradient_boosting	none	0	/mnt/lustre3/home/gaozh/news_content_quality_20260812/cninfo_method_v1/prompt_embedding_classification/classification/roberta_long_title_body_mean_hist_gradient_boosting_none_0.json	event_return_3d	next_day_return
79	/mnt/lustre3/home/gaozh/news_content_quality_20260812/cninfo_method_v1/embeddings	roberta	long	full_mean	linear_svm	none	0	/mnt/lustre3/home/gaozh/news_content_quality_20260812/cninfo_method_v1/prompt_embedding_classification/classification/roberta_long_full_mean_linear_svm_none_0.json	event_return_3d	next_day_return
80	/mnt/lustre3/home/gaozh/news_content_quality_20260812/cninfo_method_v1/embeddings	roberta	long	full_mean	sgd	none	0	/mnt/lustre3/home/gaozh/news_content_quality_20260812/cninfo_method_v1/prompt_embedding_classification/classification/roberta_long_full_mean_sgd_none_0.json	event_return_3d	next_day_return
81	/mnt/lustre3/home/gaozh/news_content_quality_20260812/cninfo_method_v1/embeddings	roberta	long	full_mean	simple_mlp	none	0	/mnt/lustre3/home/gaozh/news_content_quality_20260812/cninfo_method_v1/prompt_embedding_classification/classification/roberta_long_full_mean_simple_mlp_none_0.json	event_return_3d	next_day_return
82	/mnt/lustre3/home/gaozh/news_content_quality_20260812/cninfo_method_v1/embeddings	roberta	long	full_mean	hist_gradient_boosting	none	0	/mnt/lustre3/home/gaozh/news_content_quality_20260812/cninfo_method_v1/prompt_embedding_classification/classification/roberta_long_full_mean_hist_gradient_boosting_none_0.json	event_return_3d	next_day_return
83	/mnt/lustre3/home/gaozh/news_content_quality_20260812/cninfo_method_v1/embeddings	roberta	long	cls	logistic	none	0	/mnt/lustre3/home/gaozh/news_content_quality_20260812/cninfo_method_v1/prompt_embedding_classification/classification/roberta_long_cls_logistic_none_0.json	event_return_3d	next_day_return
84	/mnt/lustre3/home/gaozh/news_content_quality_20260812/cninfo_method_v1/embeddings	roberta	long	cls	linear_svm	none	0	/mnt/lustre3/home/gaozh/news_content_quality_20260812/cninfo_method_v1/prompt_embedding_classification/classification/roberta_long_cls_linear_svm_none_0.json	event_return_3d	next_day_return
85	/mnt/lustre3/home/gaozh/news_content_quality_20260812/cninfo_method_v1/embeddings	roberta	long	cls	sgd	none	0	/mnt/lustre3/home/gaozh/news_content_quality_20260812/cninfo_method_v1/prompt_embedding_classification/classification/roberta_long_cls_sgd_none_0.json	event_return_3d	next_day_return
86	/mnt/lustre3/home/gaozh/news_content_quality_20260812/cninfo_method_v1/embeddings	roberta	long	cls	simple_mlp	none	0	/mnt/lustre3/home/gaozh/news_content_quality_20260812/cninfo_method_v1/prompt_embedding_classification/classification/roberta_long_cls_simple_mlp_none_0.json	event_return_3d	next_day_return
87	/mnt/lustre3/home/gaozh/news_content_quality_20260812/cninfo_method_v1/embeddings	roberta	long	cls	hist_gradient_boosting	none	0	/mnt/lustre3/home/gaozh/news_content_quality_20260812/cninfo_method_v1/prompt_embedding_classification/classification/roberta_long_cls_hist_gradient_boosting_none_0.json	event_return_3d	next_day_return
88	/mnt/lustre3/home/gaozh/news_content_quality_20260812/cninfo_method_v1/embeddings	roberta	long	full_max	logistic	none	0	/mnt/lustre3/home/gaozh/news_content_quality_20260812/cninfo_method_v1/prompt_embedding_classification/classification/roberta_long_full_max_logistic_none_0.json	event_return_3d	next_day_return
89	/mnt/lustre3/home/gaozh/news_content_quality_20260812/cninfo_method_v1/embeddings	roberta	long	full_max	linear_svm	none	0	/mnt/lustre3/home/gaozh/news_content_quality_20260812/cninfo_method_v1/prompt_embedding_classification/classification/roberta_long_full_max_linear_svm_none_0.json	event_return_3d	next_day_return
90	/mnt/lustre3/home/gaozh/news_content_quality_20260812/cninfo_method_v1/embeddings	roberta	long	full_max	sgd	none	0	/mnt/lustre3/home/gaozh/news_content_quality_20260812/cninfo_method_v1/prompt_embedding_classification/classification/roberta_long_full_max_sgd_none_0.json	event_return_3d	next_day_return
91	/mnt/lustre3/home/gaozh/news_content_quality_20260812/cninfo_method_v1/embeddings	roberta	long	full_max	simple_mlp	none	0	/mnt/lustre3/home/gaozh/news_content_quality_20260812/cninfo_method_v1/prompt_embedding_classification/classification/roberta_long_full_max_simple_mlp_none_0.json	event_return_3d	next_day_return
92	/mnt/lustre3/home/gaozh/news_content_quality_20260812/cninfo_method_v1/embeddings	roberta	long	full_max	hist_gradient_boosting	none	0	/mnt/lustre3/home/gaozh/news_content_quality_20260812/cninfo_method_v1/prompt_embedding_classification/classification/roberta_long_full_max_hist_gradient_boosting_none_0.json	event_return_3d	next_day_return
93	/mnt/lustre3/home/gaozh/news_content_quality_20260812/cninfo_method_v1/embeddings	roberta	masked_long	body_mean	linear_svm	none	0	/mnt/lustre3/home/gaozh/news_content_quality_20260812/cninfo_method_v1/prompt_embedding_classification/classification/roberta_masked_long_body_mean_linear_svm_none_0.json	event_return_3d	next_day_return
94	/mnt/lustre3/home/gaozh/news_content_quality_20260812/cninfo_method_v1/embeddings	roberta	masked_long	body_mean	sgd	none	0	/mnt/lustre3/home/gaozh/news_content_quality_20260812/cninfo_method_v1/prompt_embedding_classification/classification/roberta_masked_long_body_mean_sgd_none_0.json	event_return_3d	next_day_return
95	/mnt/lustre3/home/gaozh/news_content_quality_20260812/cninfo_method_v1/embeddings	roberta	masked_long	body_mean	simple_mlp	none	0	/mnt/lustre3/home/gaozh/news_content_quality_20260812/cninfo_method_v1/prompt_embedding_classification/classification/roberta_masked_long_body_mean_simple_mlp_none_0.json	event_return_3d	next_day_return
96	/mnt/lustre3/home/gaozh/news_content_quality_20260812/cninfo_method_v1/embeddings	roberta	masked_long	body_mean	hist_gradient_boosting	none	0	/mnt/lustre3/home/gaozh/news_content_quality_20260812/cninfo_method_v1/prompt_embedding_classification/classification/roberta_masked_long_body_mean_hist_gradient_boosting_none_0.json	event_return_3d	next_day_return
97	/mnt/lustre3/home/gaozh/news_content_quality_20260812/cninfo_method_v1/embeddings	roberta	masked_long	title_body_mean	logistic	none	0	/mnt/lustre3/home/gaozh/news_content_quality_20260812/cninfo_method_v1/prompt_embedding_classification/classification/roberta_masked_long_title_body_mean_logistic_none_0.json	event_return_3d	next_day_return
98	/mnt/lustre3/home/gaozh/news_content_quality_20260812/cninfo_method_v1/embeddings	roberta	masked_long	title_body_mean	linear_svm	none	0	/mnt/lustre3/home/gaozh/news_content_quality_20260812/cninfo_method_v1/prompt_embedding_classification/classification/roberta_masked_long_title_body_mean_linear_svm_none_0.json	event_return_3d	next_day_return
99	/mnt/lustre3/home/gaozh/news_content_quality_20260812/cninfo_method_v1/embeddings	roberta	masked_long	title_body_mean	sgd	none	0	/mnt/lustre3/home/gaozh/news_content_quality_20260812/cninfo_method_v1/prompt_embedding_classification/classification/roberta_masked_long_title_body_mean_sgd_none_0.json	event_return_3d	next_day_return
100	/mnt/lustre3/home/gaozh/news_content_quality_20260812/cninfo_method_v1/embeddings	roberta	masked_long	title_body_mean	simple_mlp	none	0	/mnt/lustre3/home/gaozh/news_content_quality_20260812/cninfo_method_v1/prompt_embedding_classification/classification/roberta_masked_long_title_body_mean_simple_mlp_none_0.json	event_return_3d	next_day_return
101	/mnt/lustre3/home/gaozh/news_content_quality_20260812/cninfo_method_v1/embeddings	roberta	masked_long	title_body_mean	hist_gradient_boosting	none	0	/mnt/lustre3/home/gaozh/news_content_quality_20260812/cninfo_method_v1/prompt_embedding_classification/classification/roberta_masked_long_title_body_mean_hist_gradient_boosting_none_0.json	event_return_3d	next_day_return
102	/mnt/lustre3/home/gaozh/news_content_quality_20260812/cninfo_method_v1/embeddings	roberta	masked_long	full_mean	linear_svm	none	0	/mnt/lustre3/home/gaozh/news_content_quality_20260812/cninfo_method_v1/prompt_embedding_classification/classification/roberta_masked_long_full_mean_linear_svm_none_0.json	event_return_3d	next_day_return
103	/mnt/lustre3/home/gaozh/news_content_quality_20260812/cninfo_method_v1/embeddings	roberta	masked_long	full_mean	sgd	none	0	/mnt/lustre3/home/gaozh/news_content_quality_20260812/cninfo_method_v1/prompt_embedding_classification/classification/roberta_masked_long_full_mean_sgd_none_0.json	event_return_3d	next_day_return
104	/mnt/lustre3/home/gaozh/news_content_quality_20260812/cninfo_method_v1/embeddings	roberta	masked_long	full_mean	simple_mlp	none	0	/mnt/lustre3/home/gaozh/news_content_quality_20260812/cninfo_method_v1/prompt_embedding_classification/classification/roberta_masked_long_full_mean_simple_mlp_none_0.json	event_return_3d	next_day_return
105	/mnt/lustre3/home/gaozh/news_content_quality_20260812/cninfo_method_v1/embeddings	roberta	masked_long	full_mean	hist_gradient_boosting	none	0	/mnt/lustre3/home/gaozh/news_content_quality_20260812/cninfo_method_v1/prompt_embedding_classification/classification/roberta_masked_long_full_mean_hist_gradient_boosting_none_0.json	event_return_3d	next_day_return
106	/mnt/lustre3/home/gaozh/news_content_quality_20260812/cninfo_method_v1/embeddings	roberta	masked_long	cls	logistic	none	0	/mnt/lustre3/home/gaozh/news_content_quality_20260812/cninfo_method_v1/prompt_embedding_classification/classification/roberta_masked_long_cls_logistic_none_0.json	event_return_3d	next_day_return
107	/mnt/lustre3/home/gaozh/news_content_quality_20260812/cninfo_method_v1/embeddings	roberta	masked_long	cls	linear_svm	none	0	/mnt/lustre3/home/gaozh/news_content_quality_20260812/cninfo_method_v1/prompt_embedding_classification/classification/roberta_masked_long_cls_linear_svm_none_0.json	event_return_3d	next_day_return
108	/mnt/lustre3/home/gaozh/news_content_quality_20260812/cninfo_method_v1/embeddings	roberta	masked_long	cls	sgd	none	0	/mnt/lustre3/home/gaozh/news_content_quality_20260812/cninfo_method_v1/prompt_embedding_classification/classification/roberta_masked_long_cls_sgd_none_0.json	event_return_3d	next_day_return
109	/mnt/lustre3/home/gaozh/news_content_quality_20260812/cninfo_method_v1/embeddings	roberta	masked_long	cls	simple_mlp	none	0	/mnt/lustre3/home/gaozh/news_content_quality_20260812/cninfo_method_v1/prompt_embedding_classification/classification/roberta_masked_long_cls_simple_mlp_none_0.json	event_return_3d	next_day_return
110	/mnt/lustre3/home/gaozh/news_content_quality_20260812/cninfo_method_v1/embeddings	roberta	masked_long	cls	hist_gradient_boosting	none	0	/mnt/lustre3/home/gaozh/news_content_quality_20260812/cninfo_method_v1/prompt_embedding_classification/classification/roberta_masked_long_cls_hist_gradient_boosting_none_0.json	event_return_3d	next_day_return
111	/mnt/lustre3/home/gaozh/news_content_quality_20260812/cninfo_method_v1/embeddings	roberta	masked_long	full_max	logistic	none	0	/mnt/lustre3/home/gaozh/news_content_quality_20260812/cninfo_method_v1/prompt_embedding_classification/classification/roberta_masked_long_full_max_logistic_none_0.json	event_return_3d	next_day_return
112	/mnt/lustre3/home/gaozh/news_content_quality_20260812/cninfo_method_v1/embeddings	roberta	masked_long	full_max	linear_svm	none	0	/mnt/lustre3/home/gaozh/news_content_quality_20260812/cninfo_method_v1/prompt_embedding_classification/classification/roberta_masked_long_full_max_linear_svm_none_0.json	event_return_3d	next_day_return
113	/mnt/lustre3/home/gaozh/news_content_quality_20260812/cninfo_method_v1/embeddings	roberta	masked_long	full_max	sgd	none	0	/mnt/lustre3/home/gaozh/news_content_quality_20260812/cninfo_method_v1/prompt_embedding_classification/classification/roberta_masked_long_full_max_sgd_none_0.json	event_return_3d	next_day_return
114	/mnt/lustre3/home/gaozh/news_content_quality_20260812/cninfo_method_v1/embeddings	roberta	masked_long	full_max	simple_mlp	none	0	/mnt/lustre3/home/gaozh/news_content_quality_20260812/cninfo_method_v1/prompt_embedding_classification/classification/roberta_masked_long_full_max_simple_mlp_none_0.json	event_return_3d	next_day_return
115	/mnt/lustre3/home/gaozh/news_content_quality_20260812/cninfo_method_v1/embeddings	roberta	masked_long	full_max	hist_gradient_boosting	none	0	/mnt/lustre3/home/gaozh/news_content_quality_20260812/cninfo_method_v1/prompt_embedding_classification/classification/roberta_masked_long_full_max_hist_gradient_boosting_none_0.json	event_return_3d	next_day_return
116	/mnt/lustre3/home/gaozh/news_content_quality_20260812/cninfo_method_v1/embeddings	bge_m3	plain	body_mean	logistic	none	0	/mnt/lustre3/home/gaozh/news_content_quality_20260812/cninfo_method_v1/prompt_embedding_classification/classification/bge_m3_plain_body_mean_logistic_none_0.json	event_return_3d	next_day_return
117	/mnt/lustre3/home/gaozh/news_content_quality_20260812/cninfo_method_v1/embeddings	bge_m3	plain	body_mean	linear_svm	none	0	/mnt/lustre3/home/gaozh/news_content_quality_20260812/cninfo_method_v1/prompt_embedding_classification/classification/bge_m3_plain_body_mean_linear_svm_none_0.json	event_return_3d	next_day_return
118	/mnt/lustre3/home/gaozh/news_content_quality_20260812/cninfo_method_v1/embeddings	bge_m3	plain	body_mean	sgd	none	0	/mnt/lustre3/home/gaozh/news_content_quality_20260812/cninfo_method_v1/prompt_embedding_classification/classification/bge_m3_plain_body_mean_sgd_none_0.json	event_return_3d	next_day_return
119	/mnt/lustre3/home/gaozh/news_content_quality_20260812/cninfo_method_v1/embeddings	bge_m3	plain	body_mean	simple_mlp	none	0	/mnt/lustre3/home/gaozh/news_content_quality_20260812/cninfo_method_v1/prompt_embedding_classification/classification/bge_m3_plain_body_mean_simple_mlp_none_0.json	event_return_3d	next_day_return
120	/mnt/lustre3/home/gaozh/news_content_quality_20260812/cninfo_method_v1/embeddings	bge_m3	plain	body_mean	hist_gradient_boosting	none	0	/mnt/lustre3/home/gaozh/news_content_quality_20260812/cninfo_method_v1/prompt_embedding_classification/classification/bge_m3_plain_body_mean_hist_gradient_boosting_none_0.json	event_return_3d	next_day_return
121	/mnt/lustre3/home/gaozh/news_content_quality_20260812/cninfo_method_v1/embeddings	bge_m3	plain	title_body_mean	logistic	none	0	/mnt/lustre3/home/gaozh/news_content_quality_20260812/cninfo_method_v1/prompt_embedding_classification/classification/bge_m3_plain_title_body_mean_logistic_none_0.json	event_return_3d	next_day_return
122	/mnt/lustre3/home/gaozh/news_content_quality_20260812/cninfo_method_v1/embeddings	bge_m3	plain	title_body_mean	linear_svm	none	0	/mnt/lustre3/home/gaozh/news_content_quality_20260812/cninfo_method_v1/prompt_embedding_classification/classification/bge_m3_plain_title_body_mean_linear_svm_none_0.json	event_return_3d	next_day_return
123	/mnt/lustre3/home/gaozh/news_content_quality_20260812/cninfo_method_v1/embeddings	bge_m3	plain	title_body_mean	sgd	none	0	/mnt/lustre3/home/gaozh/news_content_quality_20260812/cninfo_method_v1/prompt_embedding_classification/classification/bge_m3_plain_title_body_mean_sgd_none_0.json	event_return_3d	next_day_return
124	/mnt/lustre3/home/gaozh/news_content_quality_20260812/cninfo_method_v1/embeddings	bge_m3	plain	title_body_mean	simple_mlp	none	0	/mnt/lustre3/home/gaozh/news_content_quality_20260812/cninfo_method_v1/prompt_embedding_classification/classification/bge_m3_plain_title_body_mean_simple_mlp_none_0.json	event_return_3d	next_day_return
125	/mnt/lustre3/home/gaozh/news_content_quality_20260812/cninfo_method_v1/embeddings	bge_m3	plain	title_body_mean	hist_gradient_boosting	none	0	/mnt/lustre3/home/gaozh/news_content_quality_20260812/cninfo_method_v1/prompt_embedding_classification/classification/bge_m3_plain_title_body_mean_hist_gradient_boosting_none_0.json	event_return_3d	next_day_return
126	/mnt/lustre3/home/gaozh/news_content_quality_20260812/cninfo_method_v1/embeddings	bge_m3	plain	full_mean	linear_svm	none	0	/mnt/lustre3/home/gaozh/news_content_quality_20260812/cninfo_method_v1/prompt_embedding_classification/classification/bge_m3_plain_full_mean_linear_svm_none_0.json	event_return_3d	next_day_return
127	/mnt/lustre3/home/gaozh/news_content_quality_20260812/cninfo_method_v1/embeddings	bge_m3	plain	full_mean	sgd	none	0	/mnt/lustre3/home/gaozh/news_content_quality_20260812/cninfo_method_v1/prompt_embedding_classification/classification/bge_m3_plain_full_mean_sgd_none_0.json	event_return_3d	next_day_return
128	/mnt/lustre3/home/gaozh/news_content_quality_20260812/cninfo_method_v1/embeddings	bge_m3	plain	full_mean	simple_mlp	none	0	/mnt/lustre3/home/gaozh/news_content_quality_20260812/cninfo_method_v1/prompt_embedding_classification/classification/bge_m3_plain_full_mean_simple_mlp_none_0.json	event_return_3d	next_day_return
129	/mnt/lustre3/home/gaozh/news_content_quality_20260812/cninfo_method_v1/embeddings	bge_m3	plain	full_mean	hist_gradient_boosting	none	0	/mnt/lustre3/home/gaozh/news_content_quality_20260812/cninfo_method_v1/prompt_embedding_classification/classification/bge_m3_plain_full_mean_hist_gradient_boosting_none_0.json	event_return_3d	next_day_return
130	/mnt/lustre3/home/gaozh/news_content_quality_20260812/cninfo_method_v1/embeddings	bge_m3	plain	cls	logistic	none	0	/mnt/lustre3/home/gaozh/news_content_quality_20260812/cninfo_method_v1/prompt_embedding_classification/classification/bge_m3_plain_cls_logistic_none_0.json	event_return_3d	next_day_return
131	/mnt/lustre3/home/gaozh/news_content_quality_20260812/cninfo_method_v1/embeddings	bge_m3	plain	cls	linear_svm	none	0	/mnt/lustre3/home/gaozh/news_content_quality_20260812/cninfo_method_v1/prompt_embedding_classification/classification/bge_m3_plain_cls_linear_svm_none_0.json	event_return_3d	next_day_return
132	/mnt/lustre3/home/gaozh/news_content_quality_20260812/cninfo_method_v1/embeddings	bge_m3	plain	cls	sgd	none	0	/mnt/lustre3/home/gaozh/news_content_quality_20260812/cninfo_method_v1/prompt_embedding_classification/classification/bge_m3_plain_cls_sgd_none_0.json	event_return_3d	next_day_return
133	/mnt/lustre3/home/gaozh/news_content_quality_20260812/cninfo_method_v1/embeddings	bge_m3	plain	cls	simple_mlp	none	0	/mnt/lustre3/home/gaozh/news_content_quality_20260812/cninfo_method_v1/prompt_embedding_classification/classification/bge_m3_plain_cls_simple_mlp_none_0.json	event_return_3d	next_day_return
134	/mnt/lustre3/home/gaozh/news_content_quality_20260812/cninfo_method_v1/embeddings	bge_m3	plain	cls	hist_gradient_boosting	none	0	/mnt/lustre3/home/gaozh/news_content_quality_20260812/cninfo_method_v1/prompt_embedding_classification/classification/bge_m3_plain_cls_hist_gradient_boosting_none_0.json	event_return_3d	next_day_return
135	/mnt/lustre3/home/gaozh/news_content_quality_20260812/cninfo_method_v1/embeddings	bge_m3	plain	full_max	logistic	none	0	/mnt/lustre3/home/gaozh/news_content_quality_20260812/cninfo_method_v1/prompt_embedding_classification/classification/bge_m3_plain_full_max_logistic_none_0.json	event_return_3d	next_day_return
136	/mnt/lustre3/home/gaozh/news_content_quality_20260812/cninfo_method_v1/embeddings	bge_m3	plain	full_max	linear_svm	none	0	/mnt/lustre3/home/gaozh/news_content_quality_20260812/cninfo_method_v1/prompt_embedding_classification/classification/bge_m3_plain_full_max_linear_svm_none_0.json	event_return_3d	next_day_return
137	/mnt/lustre3/home/gaozh/news_content_quality_20260812/cninfo_method_v1/embeddings	bge_m3	plain	full_max	sgd	none	0	/mnt/lustre3/home/gaozh/news_content_quality_20260812/cninfo_method_v1/prompt_embedding_classification/classification/bge_m3_plain_full_max_sgd_none_0.json	event_return_3d	next_day_return
138	/mnt/lustre3/home/gaozh/news_content_quality_20260812/cninfo_method_v1/embeddings	bge_m3	plain	full_max	simple_mlp	none	0	/mnt/lustre3/home/gaozh/news_content_quality_20260812/cninfo_method_v1/prompt_embedding_classification/classification/bge_m3_plain_full_max_simple_mlp_none_0.json	event_return_3d	next_day_return
139	/mnt/lustre3/home/gaozh/news_content_quality_20260812/cninfo_method_v1/embeddings	bge_m3	plain	full_max	hist_gradient_boosting	none	0	/mnt/lustre3/home/gaozh/news_content_quality_20260812/cninfo_method_v1/prompt_embedding_classification/classification/bge_m3_plain_full_max_hist_gradient_boosting_none_0.json	event_return_3d	next_day_return
140	/mnt/lustre3/home/gaozh/news_content_quality_20260812/cninfo_method_v1/embeddings	bge_m3	short	body_mean	linear_svm	none	0	/mnt/lustre3/home/gaozh/news_content_quality_20260812/cninfo_method_v1/prompt_embedding_classification/classification/bge_m3_short_body_mean_linear_svm_none_0.json	event_return_3d	next_day_return
141	/mnt/lustre3/home/gaozh/news_content_quality_20260812/cninfo_method_v1/embeddings	bge_m3	short	body_mean	sgd	none	0	/mnt/lustre3/home/gaozh/news_content_quality_20260812/cninfo_method_v1/prompt_embedding_classification/classification/bge_m3_short_body_mean_sgd_none_0.json	event_return_3d	next_day_return
142	/mnt/lustre3/home/gaozh/news_content_quality_20260812/cninfo_method_v1/embeddings	bge_m3	short	body_mean	simple_mlp	none	0	/mnt/lustre3/home/gaozh/news_content_quality_20260812/cninfo_method_v1/prompt_embedding_classification/classification/bge_m3_short_body_mean_simple_mlp_none_0.json	event_return_3d	next_day_return
143	/mnt/lustre3/home/gaozh/news_content_quality_20260812/cninfo_method_v1/embeddings	bge_m3	short	body_mean	hist_gradient_boosting	none	0	/mnt/lustre3/home/gaozh/news_content_quality_20260812/cninfo_method_v1/prompt_embedding_classification/classification/bge_m3_short_body_mean_hist_gradient_boosting_none_0.json	event_return_3d	next_day_return
144	/mnt/lustre3/home/gaozh/news_content_quality_20260812/cninfo_method_v1/embeddings	bge_m3	short	title_body_mean	logistic	none	0	/mnt/lustre3/home/gaozh/news_content_quality_20260812/cninfo_method_v1/prompt_embedding_classification/classification/bge_m3_short_title_body_mean_logistic_none_0.json	event_return_3d	next_day_return
145	/mnt/lustre3/home/gaozh/news_content_quality_20260812/cninfo_method_v1/embeddings	bge_m3	short	title_body_mean	linear_svm	none	0	/mnt/lustre3/home/gaozh/news_content_quality_20260812/cninfo_method_v1/prompt_embedding_classification/classification/bge_m3_short_title_body_mean_linear_svm_none_0.json	event_return_3d	next_day_return
146	/mnt/lustre3/home/gaozh/news_content_quality_20260812/cninfo_method_v1/embeddings	bge_m3	short	title_body_mean	sgd	none	0	/mnt/lustre3/home/gaozh/news_content_quality_20260812/cninfo_method_v1/prompt_embedding_classification/classification/bge_m3_short_title_body_mean_sgd_none_0.json	event_return_3d	next_day_return
147	/mnt/lustre3/home/gaozh/news_content_quality_20260812/cninfo_method_v1/embeddings	bge_m3	short	title_body_mean	simple_mlp	none	0	/mnt/lustre3/home/gaozh/news_content_quality_20260812/cninfo_method_v1/prompt_embedding_classification/classification/bge_m3_short_title_body_mean_simple_mlp_none_0.json	event_return_3d	next_day_return
148	/mnt/lustre3/home/gaozh/news_content_quality_20260812/cninfo_method_v1/embeddings	bge_m3	short	title_body_mean	hist_gradient_boosting	none	0	/mnt/lustre3/home/gaozh/news_content_quality_20260812/cninfo_method_v1/prompt_embedding_classification/classification/bge_m3_short_title_body_mean_hist_gradient_boosting_none_0.json	event_return_3d	next_day_return
149	/mnt/lustre3/home/gaozh/news_content_quality_20260812/cninfo_method_v1/embeddings	bge_m3	short	full_mean	linear_svm	none	0	/mnt/lustre3/home/gaozh/news_content_quality_20260812/cninfo_method_v1/prompt_embedding_classification/classification/bge_m3_short_full_mean_linear_svm_none_0.json	event_return_3d	next_day_return
150	/mnt/lustre3/home/gaozh/news_content_quality_20260812/cninfo_method_v1/embeddings	bge_m3	short	full_mean	sgd	none	0	/mnt/lustre3/home/gaozh/news_content_quality_20260812/cninfo_method_v1/prompt_embedding_classification/classification/bge_m3_short_full_mean_sgd_none_0.json	event_return_3d	next_day_return
151	/mnt/lustre3/home/gaozh/news_content_quality_20260812/cninfo_method_v1/embeddings	bge_m3	short	full_mean	simple_mlp	none	0	/mnt/lustre3/home/gaozh/news_content_quality_20260812/cninfo_method_v1/prompt_embedding_classification/classification/bge_m3_short_full_mean_simple_mlp_none_0.json	event_return_3d	next_day_return
152	/mnt/lustre3/home/gaozh/news_content_quality_20260812/cninfo_method_v1/embeddings	bge_m3	short	full_mean	hist_gradient_boosting	none	0	/mnt/lustre3/home/gaozh/news_content_quality_20260812/cninfo_method_v1/prompt_embedding_classification/classification/bge_m3_short_full_mean_hist_gradient_boosting_none_0.json	event_return_3d	next_day_return
153	/mnt/lustre3/home/gaozh/news_content_quality_20260812/cninfo_method_v1/embeddings	bge_m3	short	cls	logistic	none	0	/mnt/lustre3/home/gaozh/news_content_quality_20260812/cninfo_method_v1/prompt_embedding_classification/classification/bge_m3_short_cls_logistic_none_0.json	event_return_3d	next_day_return
154	/mnt/lustre3/home/gaozh/news_content_quality_20260812/cninfo_method_v1/embeddings	bge_m3	short	cls	linear_svm	none	0	/mnt/lustre3/home/gaozh/news_content_quality_20260812/cninfo_method_v1/prompt_embedding_classification/classification/bge_m3_short_cls_linear_svm_none_0.json	event_return_3d	next_day_return
155	/mnt/lustre3/home/gaozh/news_content_quality_20260812/cninfo_method_v1/embeddings	bge_m3	short	cls	sgd	none	0	/mnt/lustre3/home/gaozh/news_content_quality_20260812/cninfo_method_v1/prompt_embedding_classification/classification/bge_m3_short_cls_sgd_none_0.json	event_return_3d	next_day_return
156	/mnt/lustre3/home/gaozh/news_content_quality_20260812/cninfo_method_v1/embeddings	bge_m3	short	cls	simple_mlp	none	0	/mnt/lustre3/home/gaozh/news_content_quality_20260812/cninfo_method_v1/prompt_embedding_classification/classification/bge_m3_short_cls_simple_mlp_none_0.json	event_return_3d	next_day_return
157	/mnt/lustre3/home/gaozh/news_content_quality_20260812/cninfo_method_v1/embeddings	bge_m3	short	cls	hist_gradient_boosting	none	0	/mnt/lustre3/home/gaozh/news_content_quality_20260812/cninfo_method_v1/prompt_embedding_classification/classification/bge_m3_short_cls_hist_gradient_boosting_none_0.json	event_return_3d	next_day_return
158	/mnt/lustre3/home/gaozh/news_content_quality_20260812/cninfo_method_v1/embeddings	bge_m3	short	full_max	logistic	none	0	/mnt/lustre3/home/gaozh/news_content_quality_20260812/cninfo_method_v1/prompt_embedding_classification/classification/bge_m3_short_full_max_logistic_none_0.json	event_return_3d	next_day_return
159	/mnt/lustre3/home/gaozh/news_content_quality_20260812/cninfo_method_v1/embeddings	bge_m3	short	full_max	linear_svm	none	0	/mnt/lustre3/home/gaozh/news_content_quality_20260812/cninfo_method_v1/prompt_embedding_classification/classification/bge_m3_short_full_max_linear_svm_none_0.json	event_return_3d	next_day_return
160	/mnt/lustre3/home/gaozh/news_content_quality_20260812/cninfo_method_v1/embeddings	bge_m3	short	full_max	sgd	none	0	/mnt/lustre3/home/gaozh/news_content_quality_20260812/cninfo_method_v1/prompt_embedding_classification/classification/bge_m3_short_full_max_sgd_none_0.json	event_return_3d	next_day_return
161	/mnt/lustre3/home/gaozh/news_content_quality_20260812/cninfo_method_v1/embeddings	bge_m3	short	full_max	simple_mlp	none	0	/mnt/lustre3/home/gaozh/news_content_quality_20260812/cninfo_method_v1/prompt_embedding_classification/classification/bge_m3_short_full_max_simple_mlp_none_0.json	event_return_3d	next_day_return
162	/mnt/lustre3/home/gaozh/news_content_quality_20260812/cninfo_method_v1/embeddings	bge_m3	short	full_max	hist_gradient_boosting	none	0	/mnt/lustre3/home/gaozh/news_content_quality_20260812/cninfo_method_v1/prompt_embedding_classification/classification/bge_m3_short_full_max_hist_gradient_boosting_none_0.json	event_return_3d	next_day_return
163	/mnt/lustre3/home/gaozh/news_content_quality_20260812/cninfo_method_v1/embeddings	bge_m3	masked_short	body_mean	linear_svm	none	0	/mnt/lustre3/home/gaozh/news_content_quality_20260812/cninfo_method_v1/prompt_embedding_classification/classification/bge_m3_masked_short_body_mean_linear_svm_none_0.json	event_return_3d	next_day_return
164	/mnt/lustre3/home/gaozh/news_content_quality_20260812/cninfo_method_v1/embeddings	bge_m3	masked_short	body_mean	sgd	none	0	/mnt/lustre3/home/gaozh/news_content_quality_20260812/cninfo_method_v1/prompt_embedding_classification/classification/bge_m3_masked_short_body_mean_sgd_none_0.json	event_return_3d	next_day_return
165	/mnt/lustre3/home/gaozh/news_content_quality_20260812/cninfo_method_v1/embeddings	bge_m3	masked_short	body_mean	simple_mlp	none	0	/mnt/lustre3/home/gaozh/news_content_quality_20260812/cninfo_method_v1/prompt_embedding_classification/classification/bge_m3_masked_short_body_mean_simple_mlp_none_0.json	event_return_3d	next_day_return
166	/mnt/lustre3/home/gaozh/news_content_quality_20260812/cninfo_method_v1/embeddings	bge_m3	masked_short	body_mean	hist_gradient_boosting	none	0	/mnt/lustre3/home/gaozh/news_content_quality_20260812/cninfo_method_v1/prompt_embedding_classification/classification/bge_m3_masked_short_body_mean_hist_gradient_boosting_none_0.json	event_return_3d	next_day_return
167	/mnt/lustre3/home/gaozh/news_content_quality_20260812/cninfo_method_v1/embeddings	bge_m3	masked_short	title_body_mean	logistic	none	0	/mnt/lustre3/home/gaozh/news_content_quality_20260812/cninfo_method_v1/prompt_embedding_classification/classification/bge_m3_masked_short_title_body_mean_logistic_none_0.json	event_return_3d	next_day_return
168	/mnt/lustre3/home/gaozh/news_content_quality_20260812/cninfo_method_v1/embeddings	bge_m3	masked_short	title_body_mean	linear_svm	none	0	/mnt/lustre3/home/gaozh/news_content_quality_20260812/cninfo_method_v1/prompt_embedding_classification/classification/bge_m3_masked_short_title_body_mean_linear_svm_none_0.json	event_return_3d	next_day_return
169	/mnt/lustre3/home/gaozh/news_content_quality_20260812/cninfo_method_v1/embeddings	bge_m3	masked_short	title_body_mean	sgd	none	0	/mnt/lustre3/home/gaozh/news_content_quality_20260812/cninfo_method_v1/prompt_embedding_classification/classification/bge_m3_masked_short_title_body_mean_sgd_none_0.json	event_return_3d	next_day_return
170	/mnt/lustre3/home/gaozh/news_content_quality_20260812/cninfo_method_v1/embeddings	bge_m3	masked_short	title_body_mean	simple_mlp	none	0	/mnt/lustre3/home/gaozh/news_content_quality_20260812/cninfo_method_v1/prompt_embedding_classification/classification/bge_m3_masked_short_title_body_mean_simple_mlp_none_0.json	event_return_3d	next_day_return
171	/mnt/lustre3/home/gaozh/news_content_quality_20260812/cninfo_method_v1/embeddings	bge_m3	masked_short	title_body_mean	hist_gradient_boosting	none	0	/mnt/lustre3/home/gaozh/news_content_quality_20260812/cninfo_method_v1/prompt_embedding_classification/classification/bge_m3_masked_short_title_body_mean_hist_gradient_boosting_none_0.json	event_return_3d	next_day_return
172	/mnt/lustre3/home/gaozh/news_content_quality_20260812/cninfo_method_v1/embeddings	bge_m3	masked_short	full_mean	linear_svm	none	0	/mnt/lustre3/home/gaozh/news_content_quality_20260812/cninfo_method_v1/prompt_embedding_classification/classification/bge_m3_masked_short_full_mean_linear_svm_none_0.json	event_return_3d	next_day_return
173	/mnt/lustre3/home/gaozh/news_content_quality_20260812/cninfo_method_v1/embeddings	bge_m3	masked_short	full_mean	sgd	none	0	/mnt/lustre3/home/gaozh/news_content_quality_20260812/cninfo_method_v1/prompt_embedding_classification/classification/bge_m3_masked_short_full_mean_sgd_none_0.json	event_return_3d	next_day_return
174	/mnt/lustre3/home/gaozh/news_content_quality_20260812/cninfo_method_v1/embeddings	bge_m3	masked_short	full_mean	simple_mlp	none	0	/mnt/lustre3/home/gaozh/news_content_quality_20260812/cninfo_method_v1/prompt_embedding_classification/classification/bge_m3_masked_short_full_mean_simple_mlp_none_0.json	event_return_3d	next_day_return
175	/mnt/lustre3/home/gaozh/news_content_quality_20260812/cninfo_method_v1/embeddings	bge_m3	masked_short	full_mean	hist_gradient_boosting	none	0	/mnt/lustre3/home/gaozh/news_content_quality_20260812/cninfo_method_v1/prompt_embedding_classification/classification/bge_m3_masked_short_full_mean_hist_gradient_boosting_none_0.json	event_return_3d	next_day_return
176	/mnt/lustre3/home/gaozh/news_content_quality_20260812/cninfo_method_v1/embeddings	bge_m3	masked_short	cls	logistic	none	0	/mnt/lustre3/home/gaozh/news_content_quality_20260812/cninfo_method_v1/prompt_embedding_classification/classification/bge_m3_masked_short_cls_logistic_none_0.json	event_return_3d	next_day_return
177	/mnt/lustre3/home/gaozh/news_content_quality_20260812/cninfo_method_v1/embeddings	bge_m3	masked_short	cls	linear_svm	none	0	/mnt/lustre3/home/gaozh/news_content_quality_20260812/cninfo_method_v1/prompt_embedding_classification/classification/bge_m3_masked_short_cls_linear_svm_none_0.json	event_return_3d	next_day_return
178	/mnt/lustre3/home/gaozh/news_content_quality_20260812/cninfo_method_v1/embeddings	bge_m3	masked_short	cls	sgd	none	0	/mnt/lustre3/home/gaozh/news_content_quality_20260812/cninfo_method_v1/prompt_embedding_classification/classification/bge_m3_masked_short_cls_sgd_none_0.json	event_return_3d	next_day_return
179	/mnt/lustre3/home/gaozh/news_content_quality_20260812/cninfo_method_v1/embeddings	bge_m3	masked_short	cls	simple_mlp	none	0	/mnt/lustre3/home/gaozh/news_content_quality_20260812/cninfo_method_v1/prompt_embedding_classification/classification/bge_m3_masked_short_cls_simple_mlp_none_0.json	event_return_3d	next_day_return
180	/mnt/lustre3/home/gaozh/news_content_quality_20260812/cninfo_method_v1/embeddings	bge_m3	masked_short	cls	hist_gradient_boosting	none	0	/mnt/lustre3/home/gaozh/news_content_quality_20260812/cninfo_method_v1/prompt_embedding_classification/classification/bge_m3_masked_short_cls_hist_gradient_boosting_none_0.json	event_return_3d	next_day_return
181	/mnt/lustre3/home/gaozh/news_content_quality_20260812/cninfo_method_v1/embeddings	bge_m3	masked_short	full_max	logistic	none	0	/mnt/lustre3/home/gaozh/news_content_quality_20260812/cninfo_method_v1/prompt_embedding_classification/classification/bge_m3_masked_short_full_max_logistic_none_0.json	event_return_3d	next_day_return
182	/mnt/lustre3/home/gaozh/news_content_quality_20260812/cninfo_method_v1/embeddings	bge_m3	masked_short	full_max	linear_svm	none	0	/mnt/lustre3/home/gaozh/news_content_quality_20260812/cninfo_method_v1/prompt_embedding_classification/classification/bge_m3_masked_short_full_max_linear_svm_none_0.json	event_return_3d	next_day_return
183	/mnt/lustre3/home/gaozh/news_content_quality_20260812/cninfo_method_v1/embeddings	bge_m3	masked_short	full_max	sgd	none	0	/mnt/lustre3/home/gaozh/news_content_quality_20260812/cninfo_method_v1/prompt_embedding_classification/classification/bge_m3_masked_short_full_max_sgd_none_0.json	event_return_3d	next_day_return
184	/mnt/lustre3/home/gaozh/news_content_quality_20260812/cninfo_method_v1/embeddings	bge_m3	masked_short	full_max	simple_mlp	none	0	/mnt/lustre3/home/gaozh/news_content_quality_20260812/cninfo_method_v1/prompt_embedding_classification/classification/bge_m3_masked_short_full_max_simple_mlp_none_0.json	event_return_3d	next_day_return
185	/mnt/lustre3/home/gaozh/news_content_quality_20260812/cninfo_method_v1/embeddings	bge_m3	masked_short	full_max	hist_gradient_boosting	none	0	/mnt/lustre3/home/gaozh/news_content_quality_20260812/cninfo_method_v1/prompt_embedding_classification/classification/bge_m3_masked_short_full_max_hist_gradient_boosting_none_0.json	event_return_3d	next_day_return
186	/mnt/lustre3/home/gaozh/news_content_quality_20260812/cninfo_method_v1/embeddings	bge_m3	long	body_mean	linear_svm	none	0	/mnt/lustre3/home/gaozh/news_content_quality_20260812/cninfo_method_v1/prompt_embedding_classification/classification/bge_m3_long_body_mean_linear_svm_none_0.json	event_return_3d	next_day_return
187	/mnt/lustre3/home/gaozh/news_content_quality_20260812/cninfo_method_v1/embeddings	bge_m3	long	body_mean	sgd	none	0	/mnt/lustre3/home/gaozh/news_content_quality_20260812/cninfo_method_v1/prompt_embedding_classification/classification/bge_m3_long_body_mean_sgd_none_0.json	event_return_3d	next_day_return
188	/mnt/lustre3/home/gaozh/news_content_quality_20260812/cninfo_method_v1/embeddings	bge_m3	long	body_mean	simple_mlp	none	0	/mnt/lustre3/home/gaozh/news_content_quality_20260812/cninfo_method_v1/prompt_embedding_classification/classification/bge_m3_long_body_mean_simple_mlp_none_0.json	event_return_3d	next_day_return
189	/mnt/lustre3/home/gaozh/news_content_quality_20260812/cninfo_method_v1/embeddings	bge_m3	long	body_mean	hist_gradient_boosting	none	0	/mnt/lustre3/home/gaozh/news_content_quality_20260812/cninfo_method_v1/prompt_embedding_classification/classification/bge_m3_long_body_mean_hist_gradient_boosting_none_0.json	event_return_3d	next_day_return
190	/mnt/lustre3/home/gaozh/news_content_quality_20260812/cninfo_method_v1/embeddings	bge_m3	long	title_body_mean	logistic	none	0	/mnt/lustre3/home/gaozh/news_content_quality_20260812/cninfo_method_v1/prompt_embedding_classification/classification/bge_m3_long_title_body_mean_logistic_none_0.json	event_return_3d	next_day_return
191	/mnt/lustre3/home/gaozh/news_content_quality_20260812/cninfo_method_v1/embeddings	bge_m3	long	title_body_mean	linear_svm	none	0	/mnt/lustre3/home/gaozh/news_content_quality_20260812/cninfo_method_v1/prompt_embedding_classification/classification/bge_m3_long_title_body_mean_linear_svm_none_0.json	event_return_3d	next_day_return
192	/mnt/lustre3/home/gaozh/news_content_quality_20260812/cninfo_method_v1/embeddings	bge_m3	long	title_body_mean	sgd	none	0	/mnt/lustre3/home/gaozh/news_content_quality_20260812/cninfo_method_v1/prompt_embedding_classification/classification/bge_m3_long_title_body_mean_sgd_none_0.json	event_return_3d	next_day_return
193	/mnt/lustre3/home/gaozh/news_content_quality_20260812/cninfo_method_v1/embeddings	bge_m3	long	title_body_mean	simple_mlp	none	0	/mnt/lustre3/home/gaozh/news_content_quality_20260812/cninfo_method_v1/prompt_embedding_classification/classification/bge_m3_long_title_body_mean_simple_mlp_none_0.json	event_return_3d	next_day_return
194	/mnt/lustre3/home/gaozh/news_content_quality_20260812/cninfo_method_v1/embeddings	bge_m3	long	title_body_mean	hist_gradient_boosting	none	0	/mnt/lustre3/home/gaozh/news_content_quality_20260812/cninfo_method_v1/prompt_embedding_classification/classification/bge_m3_long_title_body_mean_hist_gradient_boosting_none_0.json	event_return_3d	next_day_return
195	/mnt/lustre3/home/gaozh/news_content_quality_20260812/cninfo_method_v1/embeddings	bge_m3	long	full_mean	linear_svm	none	0	/mnt/lustre3/home/gaozh/news_content_quality_20260812/cninfo_method_v1/prompt_embedding_classification/classification/bge_m3_long_full_mean_linear_svm_none_0.json	event_return_3d	next_day_return
196	/mnt/lustre3/home/gaozh/news_content_quality_20260812/cninfo_method_v1/embeddings	bge_m3	long	full_mean	sgd	none	0	/mnt/lustre3/home/gaozh/news_content_quality_20260812/cninfo_method_v1/prompt_embedding_classification/classification/bge_m3_long_full_mean_sgd_none_0.json	event_return_3d	next_day_return
197	/mnt/lustre3/home/gaozh/news_content_quality_20260812/cninfo_method_v1/embeddings	bge_m3	long	full_mean	simple_mlp	none	0	/mnt/lustre3/home/gaozh/news_content_quality_20260812/cninfo_method_v1/prompt_embedding_classification/classification/bge_m3_long_full_mean_simple_mlp_none_0.json	event_return_3d	next_day_return
198	/mnt/lustre3/home/gaozh/news_content_quality_20260812/cninfo_method_v1/embeddings	bge_m3	long	full_mean	hist_gradient_boosting	none	0	/mnt/lustre3/home/gaozh/news_content_quality_20260812/cninfo_method_v1/prompt_embedding_classification/classification/bge_m3_long_full_mean_hist_gradient_boosting_none_0.json	event_return_3d	next_day_return
199	/mnt/lustre3/home/gaozh/news_content_quality_20260812/cninfo_method_v1/embeddings	bge_m3	long	cls	logistic	none	0	/mnt/lustre3/home/gaozh/news_content_quality_20260812/cninfo_method_v1/prompt_embedding_classification/classification/bge_m3_long_cls_logistic_none_0.json	event_return_3d	next_day_return
200	/mnt/lustre3/home/gaozh/news_content_quality_20260812/cninfo_method_v1/embeddings	bge_m3	long	cls	linear_svm	none	0	/mnt/lustre3/home/gaozh/news_content_quality_20260812/cninfo_method_v1/prompt_embedding_classification/classification/bge_m3_long_cls_linear_svm_none_0.json	event_return_3d	next_day_return
201	/mnt/lustre3/home/gaozh/news_content_quality_20260812/cninfo_method_v1/embeddings	bge_m3	long	cls	sgd	none	0	/mnt/lustre3/home/gaozh/news_content_quality_20260812/cninfo_method_v1/prompt_embedding_classification/classification/bge_m3_long_cls_sgd_none_0.json	event_return_3d	next_day_return
202	/mnt/lustre3/home/gaozh/news_content_quality_20260812/cninfo_method_v1/embeddings	bge_m3	long	cls	simple_mlp	none	0	/mnt/lustre3/home/gaozh/news_content_quality_20260812/cninfo_method_v1/prompt_embedding_classification/classification/bge_m3_long_cls_simple_mlp_none_0.json	event_return_3d	next_day_return
203	/mnt/lustre3/home/gaozh/news_content_quality_20260812/cninfo_method_v1/embeddings	bge_m3	long	cls	hist_gradient_boosting	none	0	/mnt/lustre3/home/gaozh/news_content_quality_20260812/cninfo_method_v1/prompt_embedding_classification/classification/bge_m3_long_cls_hist_gradient_boosting_none_0.json	event_return_3d	next_day_return
204	/mnt/lustre3/home/gaozh/news_content_quality_20260812/cninfo_method_v1/embeddings	bge_m3	long	full_max	logistic	none	0	/mnt/lustre3/home/gaozh/news_content_quality_20260812/cninfo_method_v1/prompt_embedding_classification/classification/bge_m3_long_full_max_logistic_none_0.json	event_return_3d	next_day_return
205	/mnt/lustre3/home/gaozh/news_content_quality_20260812/cninfo_method_v1/embeddings	bge_m3	long	full_max	linear_svm	none	0	/mnt/lustre3/home/gaozh/news_content_quality_20260812/cninfo_method_v1/prompt_embedding_classification/classification/bge_m3_long_full_max_linear_svm_none_0.json	event_return_3d	next_day_return
206	/mnt/lustre3/home/gaozh/news_content_quality_20260812/cninfo_method_v1/embeddings	bge_m3	long	full_max	sgd	none	0	/mnt/lustre3/home/gaozh/news_content_quality_20260812/cninfo_method_v1/prompt_embedding_classification/classification/bge_m3_long_full_max_sgd_none_0.json	event_return_3d	next_day_return
207	/mnt/lustre3/home/gaozh/news_content_quality_20260812/cninfo_method_v1/embeddings	bge_m3	long	full_max	simple_mlp	none	0	/mnt/lustre3/home/gaozh/news_content_quality_20260812/cninfo_method_v1/prompt_embedding_classification/classification/bge_m3_long_full_max_simple_mlp_none_0.json	event_return_3d	next_day_return
208	/mnt/lustre3/home/gaozh/news_content_quality_20260812/cninfo_method_v1/embeddings	bge_m3	long	full_max	hist_gradient_boosting	none	0	/mnt/lustre3/home/gaozh/news_content_quality_20260812/cninfo_method_v1/prompt_embedding_classification/classification/bge_m3_long_full_max_hist_gradient_boosting_none_0.json	event_return_3d	next_day_return
209	/mnt/lustre3/home/gaozh/news_content_quality_20260812/cninfo_method_v1/embeddings	bge_m3	masked_long	body_mean	linear_svm	none	0	/mnt/lustre3/home/gaozh/news_content_quality_20260812/cninfo_method_v1/prompt_embedding_classification/classification/bge_m3_masked_long_body_mean_linear_svm_none_0.json	event_return_3d	next_day_return
210	/mnt/lustre3/home/gaozh/news_content_quality_20260812/cninfo_method_v1/embeddings	bge_m3	masked_long	body_mean	sgd	none	0	/mnt/lustre3/home/gaozh/news_content_quality_20260812/cninfo_method_v1/prompt_embedding_classification/classification/bge_m3_masked_long_body_mean_sgd_none_0.json	event_return_3d	next_day_return
211	/mnt/lustre3/home/gaozh/news_content_quality_20260812/cninfo_method_v1/embeddings	bge_m3	masked_long	body_mean	simple_mlp	none	0	/mnt/lustre3/home/gaozh/news_content_quality_20260812/cninfo_method_v1/prompt_embedding_classification/classification/bge_m3_masked_long_body_mean_simple_mlp_none_0.json	event_return_3d	next_day_return
212	/mnt/lustre3/home/gaozh/news_content_quality_20260812/cninfo_method_v1/embeddings	bge_m3	masked_long	body_mean	hist_gradient_boosting	none	0	/mnt/lustre3/home/gaozh/news_content_quality_20260812/cninfo_method_v1/prompt_embedding_classification/classification/bge_m3_masked_long_body_mean_hist_gradient_boosting_none_0.json	event_return_3d	next_day_return
213	/mnt/lustre3/home/gaozh/news_content_quality_20260812/cninfo_method_v1/embeddings	bge_m3	masked_long	title_body_mean	logistic	none	0	/mnt/lustre3/home/gaozh/news_content_quality_20260812/cninfo_method_v1/prompt_embedding_classification/classification/bge_m3_masked_long_title_body_mean_logistic_none_0.json	event_return_3d	next_day_return
214	/mnt/lustre3/home/gaozh/news_content_quality_20260812/cninfo_method_v1/embeddings	bge_m3	masked_long	title_body_mean	linear_svm	none	0	/mnt/lustre3/home/gaozh/news_content_quality_20260812/cninfo_method_v1/prompt_embedding_classification/classification/bge_m3_masked_long_title_body_mean_linear_svm_none_0.json	event_return_3d	next_day_return
215	/mnt/lustre3/home/gaozh/news_content_quality_20260812/cninfo_method_v1/embeddings	bge_m3	masked_long	title_body_mean	sgd	none	0	/mnt/lustre3/home/gaozh/news_content_quality_20260812/cninfo_method_v1/prompt_embedding_classification/classification/bge_m3_masked_long_title_body_mean_sgd_none_0.json	event_return_3d	next_day_return
216	/mnt/lustre3/home/gaozh/news_content_quality_20260812/cninfo_method_v1/embeddings	bge_m3	masked_long	title_body_mean	simple_mlp	none	0	/mnt/lustre3/home/gaozh/news_content_quality_20260812/cninfo_method_v1/prompt_embedding_classification/classification/bge_m3_masked_long_title_body_mean_simple_mlp_none_0.json	event_return_3d	next_day_return
217	/mnt/lustre3/home/gaozh/news_content_quality_20260812/cninfo_method_v1/embeddings	bge_m3	masked_long	title_body_mean	hist_gradient_boosting	none	0	/mnt/lustre3/home/gaozh/news_content_quality_20260812/cninfo_method_v1/prompt_embedding_classification/classification/bge_m3_masked_long_title_body_mean_hist_gradient_boosting_none_0.json	event_return_3d	next_day_return
218	/mnt/lustre3/home/gaozh/news_content_quality_20260812/cninfo_method_v1/embeddings	bge_m3	masked_long	full_mean	linear_svm	none	0	/mnt/lustre3/home/gaozh/news_content_quality_20260812/cninfo_method_v1/prompt_embedding_classification/classification/bge_m3_masked_long_full_mean_linear_svm_none_0.json	event_return_3d	next_day_return
219	/mnt/lustre3/home/gaozh/news_content_quality_20260812/cninfo_method_v1/embeddings	bge_m3	masked_long	full_mean	sgd	none	0	/mnt/lustre3/home/gaozh/news_content_quality_20260812/cninfo_method_v1/prompt_embedding_classification/classification/bge_m3_masked_long_full_mean_sgd_none_0.json	event_return_3d	next_day_return
220	/mnt/lustre3/home/gaozh/news_content_quality_20260812/cninfo_method_v1/embeddings	bge_m3	masked_long	full_mean	simple_mlp	none	0	/mnt/lustre3/home/gaozh/news_content_quality_20260812/cninfo_method_v1/prompt_embedding_classification/classification/bge_m3_masked_long_full_mean_simple_mlp_none_0.json	event_return_3d	next_day_return
221	/mnt/lustre3/home/gaozh/news_content_quality_20260812/cninfo_method_v1/embeddings	bge_m3	masked_long	full_mean	hist_gradient_boosting	none	0	/mnt/lustre3/home/gaozh/news_content_quality_20260812/cninfo_method_v1/prompt_embedding_classification/classification/bge_m3_masked_long_full_mean_hist_gradient_boosting_none_0.json	event_return_3d	next_day_return
222	/mnt/lustre3/home/gaozh/news_content_quality_20260812/cninfo_method_v1/embeddings	bge_m3	masked_long	cls	logistic	none	0	/mnt/lustre3/home/gaozh/news_content_quality_20260812/cninfo_method_v1/prompt_embedding_classification/classification/bge_m3_masked_long_cls_logistic_none_0.json	event_return_3d	next_day_return
223	/mnt/lustre3/home/gaozh/news_content_quality_20260812/cninfo_method_v1/embeddings	bge_m3	masked_long	cls	linear_svm	none	0	/mnt/lustre3/home/gaozh/news_content_quality_20260812/cninfo_method_v1/prompt_embedding_classification/classification/bge_m3_masked_long_cls_linear_svm_none_0.json	event_return_3d	next_day_return
224	/mnt/lustre3/home/gaozh/news_content_quality_20260812/cninfo_method_v1/embeddings	bge_m3	masked_long	cls	sgd	none	0	/mnt/lustre3/home/gaozh/news_content_quality_20260812/cninfo_method_v1/prompt_embedding_classification/classification/bge_m3_masked_long_cls_sgd_none_0.json	event_return_3d	next_day_return
225	/mnt/lustre3/home/gaozh/news_content_quality_20260812/cninfo_method_v1/embeddings	bge_m3	masked_long	cls	simple_mlp	none	0	/mnt/lustre3/home/gaozh/news_content_quality_20260812/cninfo_method_v1/prompt_embedding_classification/classification/bge_m3_masked_long_cls_simple_mlp_none_0.json	event_return_3d	next_day_return
226	/mnt/lustre3/home/gaozh/news_content_quality_20260812/cninfo_method_v1/embeddings	bge_m3	masked_long	cls	hist_gradient_boosting	none	0	/mnt/lustre3/home/gaozh/news_content_quality_20260812/cninfo_method_v1/prompt_embedding_classification/classification/bge_m3_masked_long_cls_hist_gradient_boosting_none_0.json	event_return_3d	next_day_return
227	/mnt/lustre3/home/gaozh/news_content_quality_20260812/cninfo_method_v1/embeddings	bge_m3	masked_long	full_max	logistic	none	0	/mnt/lustre3/home/gaozh/news_content_quality_20260812/cninfo_method_v1/prompt_embedding_classification/classification/bge_m3_masked_long_full_max_logistic_none_0.json	event_return_3d	next_day_return
228	/mnt/lustre3/home/gaozh/news_content_quality_20260812/cninfo_method_v1/embeddings	bge_m3	masked_long	full_max	linear_svm	none	0	/mnt/lustre3/home/gaozh/news_content_quality_20260812/cninfo_method_v1/prompt_embedding_classification/classification/bge_m3_masked_long_full_max_linear_svm_none_0.json	event_return_3d	next_day_return
229	/mnt/lustre3/home/gaozh/news_content_quality_20260812/cninfo_method_v1/embeddings	bge_m3	masked_long	full_max	sgd	none	0	/mnt/lustre3/home/gaozh/news_content_quality_20260812/cninfo_method_v1/prompt_embedding_classification/classification/bge_m3_masked_long_full_max_sgd_none_0.json	event_return_3d	next_day_return
230	/mnt/lustre3/home/gaozh/news_content_quality_20260812/cninfo_method_v1/embeddings	bge_m3	masked_long	full_max	simple_mlp	none	0	/mnt/lustre3/home/gaozh/news_content_quality_20260812/cninfo_method_v1/prompt_embedding_classification/classification/bge_m3_masked_long_full_max_simple_mlp_none_0.json	event_return_3d	next_day_return
231	/mnt/lustre3/home/gaozh/news_content_quality_20260812/cninfo_method_v1/embeddings	bge_m3	masked_long	full_max	hist_gradient_boosting	none	0	/mnt/lustre3/home/gaozh/news_content_quality_20260812/cninfo_method_v1/prompt_embedding_classification/classification/bge_m3_masked_long_full_max_hist_gradient_boosting_none_0.json	event_return_3d	next_day_return
232	/mnt/lustre3/home/gaozh/news_content_quality_20260812/cninfo_method_v1/embeddings	ckip_bert	plain	body_mean	logistic	none	0	/mnt/lustre3/home/gaozh/news_content_quality_20260812/cninfo_method_v1/prompt_embedding_classification/classification/ckip_bert_plain_body_mean_logistic_none_0.json	event_return_3d	next_day_return
233	/mnt/lustre3/home/gaozh/news_content_quality_20260812/cninfo_method_v1/embeddings	ckip_bert	plain	body_mean	linear_svm	none	0	/mnt/lustre3/home/gaozh/news_content_quality_20260812/cninfo_method_v1/prompt_embedding_classification/classification/ckip_bert_plain_body_mean_linear_svm_none_0.json	event_return_3d	next_day_return
234	/mnt/lustre3/home/gaozh/news_content_quality_20260812/cninfo_method_v1/embeddings	ckip_bert	plain	body_mean	sgd	none	0	/mnt/lustre3/home/gaozh/news_content_quality_20260812/cninfo_method_v1/prompt_embedding_classification/classification/ckip_bert_plain_body_mean_sgd_none_0.json	event_return_3d	next_day_return
235	/mnt/lustre3/home/gaozh/news_content_quality_20260812/cninfo_method_v1/embeddings	ckip_bert	plain	body_mean	simple_mlp	none	0	/mnt/lustre3/home/gaozh/news_content_quality_20260812/cninfo_method_v1/prompt_embedding_classification/classification/ckip_bert_plain_body_mean_simple_mlp_none_0.json	event_return_3d	next_day_return
236	/mnt/lustre3/home/gaozh/news_content_quality_20260812/cninfo_method_v1/embeddings	ckip_bert	plain	body_mean	hist_gradient_boosting	none	0	/mnt/lustre3/home/gaozh/news_content_quality_20260812/cninfo_method_v1/prompt_embedding_classification/classification/ckip_bert_plain_body_mean_hist_gradient_boosting_none_0.json	event_return_3d	next_day_return
237	/mnt/lustre3/home/gaozh/news_content_quality_20260812/cninfo_method_v1/embeddings	ckip_bert	plain	title_body_mean	logistic	none	0	/mnt/lustre3/home/gaozh/news_content_quality_20260812/cninfo_method_v1/prompt_embedding_classification/classification/ckip_bert_plain_title_body_mean_logistic_none_0.json	event_return_3d	next_day_return
238	/mnt/lustre3/home/gaozh/news_content_quality_20260812/cninfo_method_v1/embeddings	ckip_bert	plain	title_body_mean	linear_svm	none	0	/mnt/lustre3/home/gaozh/news_content_quality_20260812/cninfo_method_v1/prompt_embedding_classification/classification/ckip_bert_plain_title_body_mean_linear_svm_none_0.json	event_return_3d	next_day_return
239	/mnt/lustre3/home/gaozh/news_content_quality_20260812/cninfo_method_v1/embeddings	ckip_bert	plain	title_body_mean	sgd	none	0	/mnt/lustre3/home/gaozh/news_content_quality_20260812/cninfo_method_v1/prompt_embedding_classification/classification/ckip_bert_plain_title_body_mean_sgd_none_0.json	event_return_3d	next_day_return
240	/mnt/lustre3/home/gaozh/news_content_quality_20260812/cninfo_method_v1/embeddings	ckip_bert	plain	title_body_mean	simple_mlp	none	0	/mnt/lustre3/home/gaozh/news_content_quality_20260812/cninfo_method_v1/prompt_embedding_classification/classification/ckip_bert_plain_title_body_mean_simple_mlp_none_0.json	event_return_3d	next_day_return
241	/mnt/lustre3/home/gaozh/news_content_quality_20260812/cninfo_method_v1/embeddings	ckip_bert	plain	title_body_mean	hist_gradient_boosting	none	0	/mnt/lustre3/home/gaozh/news_content_quality_20260812/cninfo_method_v1/prompt_embedding_classification/classification/ckip_bert_plain_title_body_mean_hist_gradient_boosting_none_0.json	event_return_3d	next_day_return
242	/mnt/lustre3/home/gaozh/news_content_quality_20260812/cninfo_method_v1/embeddings	ckip_bert	plain	full_mean	linear_svm	none	0	/mnt/lustre3/home/gaozh/news_content_quality_20260812/cninfo_method_v1/prompt_embedding_classification/classification/ckip_bert_plain_full_mean_linear_svm_none_0.json	event_return_3d	next_day_return
243	/mnt/lustre3/home/gaozh/news_content_quality_20260812/cninfo_method_v1/embeddings	ckip_bert	plain	full_mean	sgd	none	0	/mnt/lustre3/home/gaozh/news_content_quality_20260812/cninfo_method_v1/prompt_embedding_classification/classification/ckip_bert_plain_full_mean_sgd_none_0.json	event_return_3d	next_day_return
244	/mnt/lustre3/home/gaozh/news_content_quality_20260812/cninfo_method_v1/embeddings	ckip_bert	plain	full_mean	simple_mlp	none	0	/mnt/lustre3/home/gaozh/news_content_quality_20260812/cninfo_method_v1/prompt_embedding_classification/classification/ckip_bert_plain_full_mean_simple_mlp_none_0.json	event_return_3d	next_day_return
245	/mnt/lustre3/home/gaozh/news_content_quality_20260812/cninfo_method_v1/embeddings	ckip_bert	plain	full_mean	hist_gradient_boosting	none	0	/mnt/lustre3/home/gaozh/news_content_quality_20260812/cninfo_method_v1/prompt_embedding_classification/classification/ckip_bert_plain_full_mean_hist_gradient_boosting_none_0.json	event_return_3d	next_day_return
246	/mnt/lustre3/home/gaozh/news_content_quality_20260812/cninfo_method_v1/embeddings	ckip_bert	plain	cls	logistic	none	0	/mnt/lustre3/home/gaozh/news_content_quality_20260812/cninfo_method_v1/prompt_embedding_classification/classification/ckip_bert_plain_cls_logistic_none_0.json	event_return_3d	next_day_return
247	/mnt/lustre3/home/gaozh/news_content_quality_20260812/cninfo_method_v1/embeddings	ckip_bert	plain	cls	linear_svm	none	0	/mnt/lustre3/home/gaozh/news_content_quality_20260812/cninfo_method_v1/prompt_embedding_classification/classification/ckip_bert_plain_cls_linear_svm_none_0.json	event_return_3d	next_day_return
248	/mnt/lustre3/home/gaozh/news_content_quality_20260812/cninfo_method_v1/embeddings	ckip_bert	plain	cls	sgd	none	0	/mnt/lustre3/home/gaozh/news_content_quality_20260812/cninfo_method_v1/prompt_embedding_classification/classification/ckip_bert_plain_cls_sgd_none_0.json	event_return_3d	next_day_return
249	/mnt/lustre3/home/gaozh/news_content_quality_20260812/cninfo_method_v1/embeddings	ckip_bert	plain	cls	simple_mlp	none	0	/mnt/lustre3/home/gaozh/news_content_quality_20260812/cninfo_method_v1/prompt_embedding_classification/classification/ckip_bert_plain_cls_simple_mlp_none_0.json	event_return_3d	next_day_return
250	/mnt/lustre3/home/gaozh/news_content_quality_20260812/cninfo_method_v1/embeddings	ckip_bert	plain	cls	hist_gradient_boosting	none	0	/mnt/lustre3/home/gaozh/news_content_quality_20260812/cninfo_method_v1/prompt_embedding_classification/classification/ckip_bert_plain_cls_hist_gradient_boosting_none_0.json	event_return_3d	next_day_return
251	/mnt/lustre3/home/gaozh/news_content_quality_20260812/cninfo_method_v1/embeddings	ckip_bert	plain	full_max	logistic	none	0	/mnt/lustre3/home/gaozh/news_content_quality_20260812/cninfo_method_v1/prompt_embedding_classification/classification/ckip_bert_plain_full_max_logistic_none_0.json	event_return_3d	next_day_return
252	/mnt/lustre3/home/gaozh/news_content_quality_20260812/cninfo_method_v1/embeddings	ckip_bert	plain	full_max	linear_svm	none	0	/mnt/lustre3/home/gaozh/news_content_quality_20260812/cninfo_method_v1/prompt_embedding_classification/classification/ckip_bert_plain_full_max_linear_svm_none_0.json	event_return_3d	next_day_return
253	/mnt/lustre3/home/gaozh/news_content_quality_20260812/cninfo_method_v1/embeddings	ckip_bert	plain	full_max	sgd	none	0	/mnt/lustre3/home/gaozh/news_content_quality_20260812/cninfo_method_v1/prompt_embedding_classification/classification/ckip_bert_plain_full_max_sgd_none_0.json	event_return_3d	next_day_return
254	/mnt/lustre3/home/gaozh/news_content_quality_20260812/cninfo_method_v1/embeddings	ckip_bert	plain	full_max	simple_mlp	none	0	/mnt/lustre3/home/gaozh/news_content_quality_20260812/cninfo_method_v1/prompt_embedding_classification/classification/ckip_bert_plain_full_max_simple_mlp_none_0.json	event_return_3d	next_day_return
255	/mnt/lustre3/home/gaozh/news_content_quality_20260812/cninfo_method_v1/embeddings	ckip_bert	plain	full_max	hist_gradient_boosting	none	0	/mnt/lustre3/home/gaozh/news_content_quality_20260812/cninfo_method_v1/prompt_embedding_classification/classification/ckip_bert_plain_full_max_hist_gradient_boosting_none_0.json	event_return_3d	next_day_return
256	/mnt/lustre3/home/gaozh/news_content_quality_20260812/cninfo_method_v1/embeddings	ckip_bert	short	body_mean	linear_svm	none	0	/mnt/lustre3/home/gaozh/news_content_quality_20260812/cninfo_method_v1/prompt_embedding_classification/classification/ckip_bert_short_body_mean_linear_svm_none_0.json	event_return_3d	next_day_return
257	/mnt/lustre3/home/gaozh/news_content_quality_20260812/cninfo_method_v1/embeddings	ckip_bert	short	body_mean	sgd	none	0	/mnt/lustre3/home/gaozh/news_content_quality_20260812/cninfo_method_v1/prompt_embedding_classification/classification/ckip_bert_short_body_mean_sgd_none_0.json	event_return_3d	next_day_return
258	/mnt/lustre3/home/gaozh/news_content_quality_20260812/cninfo_method_v1/embeddings	ckip_bert	short	body_mean	simple_mlp	none	0	/mnt/lustre3/home/gaozh/news_content_quality_20260812/cninfo_method_v1/prompt_embedding_classification/classification/ckip_bert_short_body_mean_simple_mlp_none_0.json	event_return_3d	next_day_return
259	/mnt/lustre3/home/gaozh/news_content_quality_20260812/cninfo_method_v1/embeddings	ckip_bert	short	body_mean	hist_gradient_boosting	none	0	/mnt/lustre3/home/gaozh/news_content_quality_20260812/cninfo_method_v1/prompt_embedding_classification/classification/ckip_bert_short_body_mean_hist_gradient_boosting_none_0.json	event_return_3d	next_day_return
260	/mnt/lustre3/home/gaozh/news_content_quality_20260812/cninfo_method_v1/embeddings	ckip_bert	short	title_body_mean	logistic	none	0	/mnt/lustre3/home/gaozh/news_content_quality_20260812/cninfo_method_v1/prompt_embedding_classification/classification/ckip_bert_short_title_body_mean_logistic_none_0.json	event_return_3d	next_day_return
261	/mnt/lustre3/home/gaozh/news_content_quality_20260812/cninfo_method_v1/embeddings	ckip_bert	short	title_body_mean	linear_svm	none	0	/mnt/lustre3/home/gaozh/news_content_quality_20260812/cninfo_method_v1/prompt_embedding_classification/classification/ckip_bert_short_title_body_mean_linear_svm_none_0.json	event_return_3d	next_day_return
262	/mnt/lustre3/home/gaozh/news_content_quality_20260812/cninfo_method_v1/embeddings	ckip_bert	short	title_body_mean	sgd	none	0	/mnt/lustre3/home/gaozh/news_content_quality_20260812/cninfo_method_v1/prompt_embedding_classification/classification/ckip_bert_short_title_body_mean_sgd_none_0.json	event_return_3d	next_day_return
263	/mnt/lustre3/home/gaozh/news_content_quality_20260812/cninfo_method_v1/embeddings	ckip_bert	short	title_body_mean	simple_mlp	none	0	/mnt/lustre3/home/gaozh/news_content_quality_20260812/cninfo_method_v1/prompt_embedding_classification/classification/ckip_bert_short_title_body_mean_simple_mlp_none_0.json	event_return_3d	next_day_return
264	/mnt/lustre3/home/gaozh/news_content_quality_20260812/cninfo_method_v1/embeddings	ckip_bert	short	title_body_mean	hist_gradient_boosting	none	0	/mnt/lustre3/home/gaozh/news_content_quality_20260812/cninfo_method_v1/prompt_embedding_classification/classification/ckip_bert_short_title_body_mean_hist_gradient_boosting_none_0.json	event_return_3d	next_day_return
265	/mnt/lustre3/home/gaozh/news_content_quality_20260812/cninfo_method_v1/embeddings	ckip_bert	short	full_mean	linear_svm	none	0	/mnt/lustre3/home/gaozh/news_content_quality_20260812/cninfo_method_v1/prompt_embedding_classification/classification/ckip_bert_short_full_mean_linear_svm_none_0.json	event_return_3d	next_day_return
266	/mnt/lustre3/home/gaozh/news_content_quality_20260812/cninfo_method_v1/embeddings	ckip_bert	short	full_mean	sgd	none	0	/mnt/lustre3/home/gaozh/news_content_quality_20260812/cninfo_method_v1/prompt_embedding_classification/classification/ckip_bert_short_full_mean_sgd_none_0.json	event_return_3d	next_day_return
267	/mnt/lustre3/home/gaozh/news_content_quality_20260812/cninfo_method_v1/embeddings	ckip_bert	short	full_mean	simple_mlp	none	0	/mnt/lustre3/home/gaozh/news_content_quality_20260812/cninfo_method_v1/prompt_embedding_classification/classification/ckip_bert_short_full_mean_simple_mlp_none_0.json	event_return_3d	next_day_return
268	/mnt/lustre3/home/gaozh/news_content_quality_20260812/cninfo_method_v1/embeddings	ckip_bert	short	full_mean	hist_gradient_boosting	none	0	/mnt/lustre3/home/gaozh/news_content_quality_20260812/cninfo_method_v1/prompt_embedding_classification/classification/ckip_bert_short_full_mean_hist_gradient_boosting_none_0.json	event_return_3d	next_day_return
269	/mnt/lustre3/home/gaozh/news_content_quality_20260812/cninfo_method_v1/embeddings	ckip_bert	short	cls	logistic	none	0	/mnt/lustre3/home/gaozh/news_content_quality_20260812/cninfo_method_v1/prompt_embedding_classification/classification/ckip_bert_short_cls_logistic_none_0.json	event_return_3d	next_day_return
270	/mnt/lustre3/home/gaozh/news_content_quality_20260812/cninfo_method_v1/embeddings	ckip_bert	short	cls	linear_svm	none	0	/mnt/lustre3/home/gaozh/news_content_quality_20260812/cninfo_method_v1/prompt_embedding_classification/classification/ckip_bert_short_cls_linear_svm_none_0.json	event_return_3d	next_day_return
271	/mnt/lustre3/home/gaozh/news_content_quality_20260812/cninfo_method_v1/embeddings	ckip_bert	short	cls	sgd	none	0	/mnt/lustre3/home/gaozh/news_content_quality_20260812/cninfo_method_v1/prompt_embedding_classification/classification/ckip_bert_short_cls_sgd_none_0.json	event_return_3d	next_day_return
272	/mnt/lustre3/home/gaozh/news_content_quality_20260812/cninfo_method_v1/embeddings	ckip_bert	short	cls	simple_mlp	none	0	/mnt/lustre3/home/gaozh/news_content_quality_20260812/cninfo_method_v1/prompt_embedding_classification/classification/ckip_bert_short_cls_simple_mlp_none_0.json	event_return_3d	next_day_return
273	/mnt/lustre3/home/gaozh/news_content_quality_20260812/cninfo_method_v1/embeddings	ckip_bert	short	cls	hist_gradient_boosting	none	0	/mnt/lustre3/home/gaozh/news_content_quality_20260812/cninfo_method_v1/prompt_embedding_classification/classification/ckip_bert_short_cls_hist_gradient_boosting_none_0.json	event_return_3d	next_day_return
274	/mnt/lustre3/home/gaozh/news_content_quality_20260812/cninfo_method_v1/embeddings	ckip_bert	short	full_max	logistic	none	0	/mnt/lustre3/home/gaozh/news_content_quality_20260812/cninfo_method_v1/prompt_embedding_classification/classification/ckip_bert_short_full_max_logistic_none_0.json	event_return_3d	next_day_return
275	/mnt/lustre3/home/gaozh/news_content_quality_20260812/cninfo_method_v1/embeddings	ckip_bert	short	full_max	linear_svm	none	0	/mnt/lustre3/home/gaozh/news_content_quality_20260812/cninfo_method_v1/prompt_embedding_classification/classification/ckip_bert_short_full_max_linear_svm_none_0.json	event_return_3d	next_day_return
276	/mnt/lustre3/home/gaozh/news_content_quality_20260812/cninfo_method_v1/embeddings	ckip_bert	short	full_max	sgd	none	0	/mnt/lustre3/home/gaozh/news_content_quality_20260812/cninfo_method_v1/prompt_embedding_classification/classification/ckip_bert_short_full_max_sgd_none_0.json	event_return_3d	next_day_return
277	/mnt/lustre3/home/gaozh/news_content_quality_20260812/cninfo_method_v1/embeddings	ckip_bert	short	full_max	simple_mlp	none	0	/mnt/lustre3/home/gaozh/news_content_quality_20260812/cninfo_method_v1/prompt_embedding_classification/classification/ckip_bert_short_full_max_simple_mlp_none_0.json	event_return_3d	next_day_return
278	/mnt/lustre3/home/gaozh/news_content_quality_20260812/cninfo_method_v1/embeddings	ckip_bert	short	full_max	hist_gradient_boosting	none	0	/mnt/lustre3/home/gaozh/news_content_quality_20260812/cninfo_method_v1/prompt_embedding_classification/classification/ckip_bert_short_full_max_hist_gradient_boosting_none_0.json	event_return_3d	next_day_return
279	/mnt/lustre3/home/gaozh/news_content_quality_20260812/cninfo_method_v1/embeddings	ckip_bert	masked_short	body_mean	linear_svm	none	0	/mnt/lustre3/home/gaozh/news_content_quality_20260812/cninfo_method_v1/prompt_embedding_classification/classification/ckip_bert_masked_short_body_mean_linear_svm_none_0.json	event_return_3d	next_day_return
280	/mnt/lustre3/home/gaozh/news_content_quality_20260812/cninfo_method_v1/embeddings	ckip_bert	masked_short	body_mean	sgd	none	0	/mnt/lustre3/home/gaozh/news_content_quality_20260812/cninfo_method_v1/prompt_embedding_classification/classification/ckip_bert_masked_short_body_mean_sgd_none_0.json	event_return_3d	next_day_return
281	/mnt/lustre3/home/gaozh/news_content_quality_20260812/cninfo_method_v1/embeddings	ckip_bert	masked_short	body_mean	simple_mlp	none	0	/mnt/lustre3/home/gaozh/news_content_quality_20260812/cninfo_method_v1/prompt_embedding_classification/classification/ckip_bert_masked_short_body_mean_simple_mlp_none_0.json	event_return_3d	next_day_return
282	/mnt/lustre3/home/gaozh/news_content_quality_20260812/cninfo_method_v1/embeddings	ckip_bert	masked_short	body_mean	hist_gradient_boosting	none	0	/mnt/lustre3/home/gaozh/news_content_quality_20260812/cninfo_method_v1/prompt_embedding_classification/classification/ckip_bert_masked_short_body_mean_hist_gradient_boosting_none_0.json	event_return_3d	next_day_return
283	/mnt/lustre3/home/gaozh/news_content_quality_20260812/cninfo_method_v1/embeddings	ckip_bert	masked_short	title_body_mean	logistic	none	0	/mnt/lustre3/home/gaozh/news_content_quality_20260812/cninfo_method_v1/prompt_embedding_classification/classification/ckip_bert_masked_short_title_body_mean_logistic_none_0.json	event_return_3d	next_day_return
284	/mnt/lustre3/home/gaozh/news_content_quality_20260812/cninfo_method_v1/embeddings	ckip_bert	masked_short	title_body_mean	linear_svm	none	0	/mnt/lustre3/home/gaozh/news_content_quality_20260812/cninfo_method_v1/prompt_embedding_classification/classification/ckip_bert_masked_short_title_body_mean_linear_svm_none_0.json	event_return_3d	next_day_return
285	/mnt/lustre3/home/gaozh/news_content_quality_20260812/cninfo_method_v1/embeddings	ckip_bert	masked_short	title_body_mean	sgd	none	0	/mnt/lustre3/home/gaozh/news_content_quality_20260812/cninfo_method_v1/prompt_embedding_classification/classification/ckip_bert_masked_short_title_body_mean_sgd_none_0.json	event_return_3d	next_day_return
286	/mnt/lustre3/home/gaozh/news_content_quality_20260812/cninfo_method_v1/embeddings	ckip_bert	masked_short	title_body_mean	simple_mlp	none	0	/mnt/lustre3/home/gaozh/news_content_quality_20260812/cninfo_method_v1/prompt_embedding_classification/classification/ckip_bert_masked_short_title_body_mean_simple_mlp_none_0.json	event_return_3d	next_day_return
287	/mnt/lustre3/home/gaozh/news_content_quality_20260812/cninfo_method_v1/embeddings	ckip_bert	masked_short	title_body_mean	hist_gradient_boosting	none	0	/mnt/lustre3/home/gaozh/news_content_quality_20260812/cninfo_method_v1/prompt_embedding_classification/classification/ckip_bert_masked_short_title_body_mean_hist_gradient_boosting_none_0.json	event_return_3d	next_day_return
288	/mnt/lustre3/home/gaozh/news_content_quality_20260812/cninfo_method_v1/embeddings	ckip_bert	masked_short	full_mean	linear_svm	none	0	/mnt/lustre3/home/gaozh/news_content_quality_20260812/cninfo_method_v1/prompt_embedding_classification/classification/ckip_bert_masked_short_full_mean_linear_svm_none_0.json	event_return_3d	next_day_return
289	/mnt/lustre3/home/gaozh/news_content_quality_20260812/cninfo_method_v1/embeddings	ckip_bert	masked_short	full_mean	sgd	none	0	/mnt/lustre3/home/gaozh/news_content_quality_20260812/cninfo_method_v1/prompt_embedding_classification/classification/ckip_bert_masked_short_full_mean_sgd_none_0.json	event_return_3d	next_day_return
290	/mnt/lustre3/home/gaozh/news_content_quality_20260812/cninfo_method_v1/embeddings	ckip_bert	masked_short	full_mean	simple_mlp	none	0	/mnt/lustre3/home/gaozh/news_content_quality_20260812/cninfo_method_v1/prompt_embedding_classification/classification/ckip_bert_masked_short_full_mean_simple_mlp_none_0.json	event_return_3d	next_day_return
291	/mnt/lustre3/home/gaozh/news_content_quality_20260812/cninfo_method_v1/embeddings	ckip_bert	masked_short	full_mean	hist_gradient_boosting	none	0	/mnt/lustre3/home/gaozh/news_content_quality_20260812/cninfo_method_v1/prompt_embedding_classification/classification/ckip_bert_masked_short_full_mean_hist_gradient_boosting_none_0.json	event_return_3d	next_day_return
292	/mnt/lustre3/home/gaozh/news_content_quality_20260812/cninfo_method_v1/embeddings	ckip_bert	masked_short	cls	logistic	none	0	/mnt/lustre3/home/gaozh/news_content_quality_20260812/cninfo_method_v1/prompt_embedding_classification/classification/ckip_bert_masked_short_cls_logistic_none_0.json	event_return_3d	next_day_return
293	/mnt/lustre3/home/gaozh/news_content_quality_20260812/cninfo_method_v1/embeddings	ckip_bert	masked_short	cls	linear_svm	none	0	/mnt/lustre3/home/gaozh/news_content_quality_20260812/cninfo_method_v1/prompt_embedding_classification/classification/ckip_bert_masked_short_cls_linear_svm_none_0.json	event_return_3d	next_day_return
294	/mnt/lustre3/home/gaozh/news_content_quality_20260812/cninfo_method_v1/embeddings	ckip_bert	masked_short	cls	sgd	none	0	/mnt/lustre3/home/gaozh/news_content_quality_20260812/cninfo_method_v1/prompt_embedding_classification/classification/ckip_bert_masked_short_cls_sgd_none_0.json	event_return_3d	next_day_return
295	/mnt/lustre3/home/gaozh/news_content_quality_20260812/cninfo_method_v1/embeddings	ckip_bert	masked_short	cls	simple_mlp	none	0	/mnt/lustre3/home/gaozh/news_content_quality_20260812/cninfo_method_v1/prompt_embedding_classification/classification/ckip_bert_masked_short_cls_simple_mlp_none_0.json	event_return_3d	next_day_return
296	/mnt/lustre3/home/gaozh/news_content_quality_20260812/cninfo_method_v1/embeddings	ckip_bert	masked_short	cls	hist_gradient_boosting	none	0	/mnt/lustre3/home/gaozh/news_content_quality_20260812/cninfo_method_v1/prompt_embedding_classification/classification/ckip_bert_masked_short_cls_hist_gradient_boosting_none_0.json	event_return_3d	next_day_return
297	/mnt/lustre3/home/gaozh/news_content_quality_20260812/cninfo_method_v1/embeddings	ckip_bert	masked_short	full_max	logistic	none	0	/mnt/lustre3/home/gaozh/news_content_quality_20260812/cninfo_method_v1/prompt_embedding_classification/classification/ckip_bert_masked_short_full_max_logistic_none_0.json	event_return_3d	next_day_return
298	/mnt/lustre3/home/gaozh/news_content_quality_20260812/cninfo_method_v1/embeddings	ckip_bert	masked_short	full_max	linear_svm	none	0	/mnt/lustre3/home/gaozh/news_content_quality_20260812/cninfo_method_v1/prompt_embedding_classification/classification/ckip_bert_masked_short_full_max_linear_svm_none_0.json	event_return_3d	next_day_return
299	/mnt/lustre3/home/gaozh/news_content_quality_20260812/cninfo_method_v1/embeddings	ckip_bert	masked_short	full_max	sgd	none	0	/mnt/lustre3/home/gaozh/news_content_quality_20260812/cninfo_method_v1/prompt_embedding_classification/classification/ckip_bert_masked_short_full_max_sgd_none_0.json	event_return_3d	next_day_return
300	/mnt/lustre3/home/gaozh/news_content_quality_20260812/cninfo_method_v1/embeddings	ckip_bert	masked_short	full_max	simple_mlp	none	0	/mnt/lustre3/home/gaozh/news_content_quality_20260812/cninfo_method_v1/prompt_embedding_classification/classification/ckip_bert_masked_short_full_max_simple_mlp_none_0.json	event_return_3d	next_day_return
301	/mnt/lustre3/home/gaozh/news_content_quality_20260812/cninfo_method_v1/embeddings	ckip_bert	masked_short	full_max	hist_gradient_boosting	none	0	/mnt/lustre3/home/gaozh/news_content_quality_20260812/cninfo_method_v1/prompt_embedding_classification/classification/ckip_bert_masked_short_full_max_hist_gradient_boosting_none_0.json	event_return_3d	next_day_return
302	/mnt/lustre3/home/gaozh/news_content_quality_20260812/cninfo_method_v1/embeddings	ckip_bert	long	body_mean	linear_svm	none	0	/mnt/lustre3/home/gaozh/news_content_quality_20260812/cninfo_method_v1/prompt_embedding_classification/classification/ckip_bert_long_body_mean_linear_svm_none_0.json	event_return_3d	next_day_return
303	/mnt/lustre3/home/gaozh/news_content_quality_20260812/cninfo_method_v1/embeddings	ckip_bert	long	body_mean	sgd	none	0	/mnt/lustre3/home/gaozh/news_content_quality_20260812/cninfo_method_v1/prompt_embedding_classification/classification/ckip_bert_long_body_mean_sgd_none_0.json	event_return_3d	next_day_return
304	/mnt/lustre3/home/gaozh/news_content_quality_20260812/cninfo_method_v1/embeddings	ckip_bert	long	body_mean	simple_mlp	none	0	/mnt/lustre3/home/gaozh/news_content_quality_20260812/cninfo_method_v1/prompt_embedding_classification/classification/ckip_bert_long_body_mean_simple_mlp_none_0.json	event_return_3d	next_day_return
305	/mnt/lustre3/home/gaozh/news_content_quality_20260812/cninfo_method_v1/embeddings	ckip_bert	long	body_mean	hist_gradient_boosting	none	0	/mnt/lustre3/home/gaozh/news_content_quality_20260812/cninfo_method_v1/prompt_embedding_classification/classification/ckip_bert_long_body_mean_hist_gradient_boosting_none_0.json	event_return_3d	next_day_return
306	/mnt/lustre3/home/gaozh/news_content_quality_20260812/cninfo_method_v1/embeddings	ckip_bert	long	title_body_mean	logistic	none	0	/mnt/lustre3/home/gaozh/news_content_quality_20260812/cninfo_method_v1/prompt_embedding_classification/classification/ckip_bert_long_title_body_mean_logistic_none_0.json	event_return_3d	next_day_return
307	/mnt/lustre3/home/gaozh/news_content_quality_20260812/cninfo_method_v1/embeddings	ckip_bert	long	title_body_mean	linear_svm	none	0	/mnt/lustre3/home/gaozh/news_content_quality_20260812/cninfo_method_v1/prompt_embedding_classification/classification/ckip_bert_long_title_body_mean_linear_svm_none_0.json	event_return_3d	next_day_return
308	/mnt/lustre3/home/gaozh/news_content_quality_20260812/cninfo_method_v1/embeddings	ckip_bert	long	title_body_mean	sgd	none	0	/mnt/lustre3/home/gaozh/news_content_quality_20260812/cninfo_method_v1/prompt_embedding_classification/classification/ckip_bert_long_title_body_mean_sgd_none_0.json	event_return_3d	next_day_return
309	/mnt/lustre3/home/gaozh/news_content_quality_20260812/cninfo_method_v1/embeddings	ckip_bert	long	title_body_mean	simple_mlp	none	0	/mnt/lustre3/home/gaozh/news_content_quality_20260812/cninfo_method_v1/prompt_embedding_classification/classification/ckip_bert_long_title_body_mean_simple_mlp_none_0.json	event_return_3d	next_day_return
310	/mnt/lustre3/home/gaozh/news_content_quality_20260812/cninfo_method_v1/embeddings	ckip_bert	long	title_body_mean	hist_gradient_boosting	none	0	/mnt/lustre3/home/gaozh/news_content_quality_20260812/cninfo_method_v1/prompt_embedding_classification/classification/ckip_bert_long_title_body_mean_hist_gradient_boosting_none_0.json	event_return_3d	next_day_return
311	/mnt/lustre3/home/gaozh/news_content_quality_20260812/cninfo_method_v1/embeddings	ckip_bert	long	full_mean	linear_svm	none	0	/mnt/lustre3/home/gaozh/news_content_quality_20260812/cninfo_method_v1/prompt_embedding_classification/classification/ckip_bert_long_full_mean_linear_svm_none_0.json	event_return_3d	next_day_return
312	/mnt/lustre3/home/gaozh/news_content_quality_20260812/cninfo_method_v1/embeddings	ckip_bert	long	full_mean	sgd	none	0	/mnt/lustre3/home/gaozh/news_content_quality_20260812/cninfo_method_v1/prompt_embedding_classification/classification/ckip_bert_long_full_mean_sgd_none_0.json	event_return_3d	next_day_return
313	/mnt/lustre3/home/gaozh/news_content_quality_20260812/cninfo_method_v1/embeddings	ckip_bert	long	full_mean	simple_mlp	none	0	/mnt/lustre3/home/gaozh/news_content_quality_20260812/cninfo_method_v1/prompt_embedding_classification/classification/ckip_bert_long_full_mean_simple_mlp_none_0.json	event_return_3d	next_day_return
314	/mnt/lustre3/home/gaozh/news_content_quality_20260812/cninfo_method_v1/embeddings	ckip_bert	long	full_mean	hist_gradient_boosting	none	0	/mnt/lustre3/home/gaozh/news_content_quality_20260812/cninfo_method_v1/prompt_embedding_classification/classification/ckip_bert_long_full_mean_hist_gradient_boosting_none_0.json	event_return_3d	next_day_return
315	/mnt/lustre3/home/gaozh/news_content_quality_20260812/cninfo_method_v1/embeddings	ckip_bert	long	cls	logistic	none	0	/mnt/lustre3/home/gaozh/news_content_quality_20260812/cninfo_method_v1/prompt_embedding_classification/classification/ckip_bert_long_cls_logistic_none_0.json	event_return_3d	next_day_return
316	/mnt/lustre3/home/gaozh/news_content_quality_20260812/cninfo_method_v1/embeddings	ckip_bert	long	cls	linear_svm	none	0	/mnt/lustre3/home/gaozh/news_content_quality_20260812/cninfo_method_v1/prompt_embedding_classification/classification/ckip_bert_long_cls_linear_svm_none_0.json	event_return_3d	next_day_return
317	/mnt/lustre3/home/gaozh/news_content_quality_20260812/cninfo_method_v1/embeddings	ckip_bert	long	cls	sgd	none	0	/mnt/lustre3/home/gaozh/news_content_quality_20260812/cninfo_method_v1/prompt_embedding_classification/classification/ckip_bert_long_cls_sgd_none_0.json	event_return_3d	next_day_return
318	/mnt/lustre3/home/gaozh/news_content_quality_20260812/cninfo_method_v1/embeddings	ckip_bert	long	cls	simple_mlp	none	0	/mnt/lustre3/home/gaozh/news_content_quality_20260812/cninfo_method_v1/prompt_embedding_classification/classification/ckip_bert_long_cls_simple_mlp_none_0.json	event_return_3d	next_day_return
319	/mnt/lustre3/home/gaozh/news_content_quality_20260812/cninfo_method_v1/embeddings	ckip_bert	long	cls	hist_gradient_boosting	none	0	/mnt/lustre3/home/gaozh/news_content_quality_20260812/cninfo_method_v1/prompt_embedding_classification/classification/ckip_bert_long_cls_hist_gradient_boosting_none_0.json	event_return_3d	next_day_return
320	/mnt/lustre3/home/gaozh/news_content_quality_20260812/cninfo_method_v1/embeddings	ckip_bert	long	full_max	logistic	none	0	/mnt/lustre3/home/gaozh/news_content_quality_20260812/cninfo_method_v1/prompt_embedding_classification/classification/ckip_bert_long_full_max_logistic_none_0.json	event_return_3d	next_day_return
321	/mnt/lustre3/home/gaozh/news_content_quality_20260812/cninfo_method_v1/embeddings	ckip_bert	long	full_max	linear_svm	none	0	/mnt/lustre3/home/gaozh/news_content_quality_20260812/cninfo_method_v1/prompt_embedding_classification/classification/ckip_bert_long_full_max_linear_svm_none_0.json	event_return_3d	next_day_return
322	/mnt/lustre3/home/gaozh/news_content_quality_20260812/cninfo_method_v1/embeddings	ckip_bert	long	full_max	sgd	none	0	/mnt/lustre3/home/gaozh/news_content_quality_20260812/cninfo_method_v1/prompt_embedding_classification/classification/ckip_bert_long_full_max_sgd_none_0.json	event_return_3d	next_day_return
323	/mnt/lustre3/home/gaozh/news_content_quality_20260812/cninfo_method_v1/embeddings	ckip_bert	long	full_max	simple_mlp	none	0	/mnt/lustre3/home/gaozh/news_content_quality_20260812/cninfo_method_v1/prompt_embedding_classification/classification/ckip_bert_long_full_max_simple_mlp_none_0.json	event_return_3d	next_day_return
324	/mnt/lustre3/home/gaozh/news_content_quality_20260812/cninfo_method_v1/embeddings	ckip_bert	long	full_max	hist_gradient_boosting	none	0	/mnt/lustre3/home/gaozh/news_content_quality_20260812/cninfo_method_v1/prompt_embedding_classification/classification/ckip_bert_long_full_max_hist_gradient_boosting_none_0.json	event_return_3d	next_day_return
325	/mnt/lustre3/home/gaozh/news_content_quality_20260812/cninfo_method_v1/embeddings	ckip_bert	masked_long	body_mean	linear_svm	none	0	/mnt/lustre3/home/gaozh/news_content_quality_20260812/cninfo_method_v1/prompt_embedding_classification/classification/ckip_bert_masked_long_body_mean_linear_svm_none_0.json	event_return_3d	next_day_return
326	/mnt/lustre3/home/gaozh/news_content_quality_20260812/cninfo_method_v1/embeddings	ckip_bert	masked_long	body_mean	sgd	none	0	/mnt/lustre3/home/gaozh/news_content_quality_20260812/cninfo_method_v1/prompt_embedding_classification/classification/ckip_bert_masked_long_body_mean_sgd_none_0.json	event_return_3d	next_day_return
327	/mnt/lustre3/home/gaozh/news_content_quality_20260812/cninfo_method_v1/embeddings	ckip_bert	masked_long	body_mean	simple_mlp	none	0	/mnt/lustre3/home/gaozh/news_content_quality_20260812/cninfo_method_v1/prompt_embedding_classification/classification/ckip_bert_masked_long_body_mean_simple_mlp_none_0.json	event_return_3d	next_day_return
328	/mnt/lustre3/home/gaozh/news_content_quality_20260812/cninfo_method_v1/embeddings	ckip_bert	masked_long	body_mean	hist_gradient_boosting	none	0	/mnt/lustre3/home/gaozh/news_content_quality_20260812/cninfo_method_v1/prompt_embedding_classification/classification/ckip_bert_masked_long_body_mean_hist_gradient_boosting_none_0.json	event_return_3d	next_day_return
329	/mnt/lustre3/home/gaozh/news_content_quality_20260812/cninfo_method_v1/embeddings	ckip_bert	masked_long	title_body_mean	logistic	none	0	/mnt/lustre3/home/gaozh/news_content_quality_20260812/cninfo_method_v1/prompt_embedding_classification/classification/ckip_bert_masked_long_title_body_mean_logistic_none_0.json	event_return_3d	next_day_return
330	/mnt/lustre3/home/gaozh/news_content_quality_20260812/cninfo_method_v1/embeddings	ckip_bert	masked_long	title_body_mean	linear_svm	none	0	/mnt/lustre3/home/gaozh/news_content_quality_20260812/cninfo_method_v1/prompt_embedding_classification/classification/ckip_bert_masked_long_title_body_mean_linear_svm_none_0.json	event_return_3d	next_day_return
331	/mnt/lustre3/home/gaozh/news_content_quality_20260812/cninfo_method_v1/embeddings	ckip_bert	masked_long	title_body_mean	sgd	none	0	/mnt/lustre3/home/gaozh/news_content_quality_20260812/cninfo_method_v1/prompt_embedding_classification/classification/ckip_bert_masked_long_title_body_mean_sgd_none_0.json	event_return_3d	next_day_return
332	/mnt/lustre3/home/gaozh/news_content_quality_20260812/cninfo_method_v1/embeddings	ckip_bert	masked_long	title_body_mean	simple_mlp	none	0	/mnt/lustre3/home/gaozh/news_content_quality_20260812/cninfo_method_v1/prompt_embedding_classification/classification/ckip_bert_masked_long_title_body_mean_simple_mlp_none_0.json	event_return_3d	next_day_return
333	/mnt/lustre3/home/gaozh/news_content_quality_20260812/cninfo_method_v1/embeddings	ckip_bert	masked_long	title_body_mean	hist_gradient_boosting	none	0	/mnt/lustre3/home/gaozh/news_content_quality_20260812/cninfo_method_v1/prompt_embedding_classification/classification/ckip_bert_masked_long_title_body_mean_hist_gradient_boosting_none_0.json	event_return_3d	next_day_return
334	/mnt/lustre3/home/gaozh/news_content_quality_20260812/cninfo_method_v1/embeddings	ckip_bert	masked_long	full_mean	linear_svm	none	0	/mnt/lustre3/home/gaozh/news_content_quality_20260812/cninfo_method_v1/prompt_embedding_classification/classification/ckip_bert_masked_long_full_mean_linear_svm_none_0.json	event_return_3d	next_day_return
335	/mnt/lustre3/home/gaozh/news_content_quality_20260812/cninfo_method_v1/embeddings	ckip_bert	masked_long	full_mean	sgd	none	0	/mnt/lustre3/home/gaozh/news_content_quality_20260812/cninfo_method_v1/prompt_embedding_classification/classification/ckip_bert_masked_long_full_mean_sgd_none_0.json	event_return_3d	next_day_return
336	/mnt/lustre3/home/gaozh/news_content_quality_20260812/cninfo_method_v1/embeddings	ckip_bert	masked_long	full_mean	simple_mlp	none	0	/mnt/lustre3/home/gaozh/news_content_quality_20260812/cninfo_method_v1/prompt_embedding_classification/classification/ckip_bert_masked_long_full_mean_simple_mlp_none_0.json	event_return_3d	next_day_return
337	/mnt/lustre3/home/gaozh/news_content_quality_20260812/cninfo_method_v1/embeddings	ckip_bert	masked_long	full_mean	hist_gradient_boosting	none	0	/mnt/lustre3/home/gaozh/news_content_quality_20260812/cninfo_method_v1/prompt_embedding_classification/classification/ckip_bert_masked_long_full_mean_hist_gradient_boosting_none_0.json	event_return_3d	next_day_return
338	/mnt/lustre3/home/gaozh/news_content_quality_20260812/cninfo_method_v1/embeddings	ckip_bert	masked_long	cls	logistic	none	0	/mnt/lustre3/home/gaozh/news_content_quality_20260812/cninfo_method_v1/prompt_embedding_classification/classification/ckip_bert_masked_long_cls_logistic_none_0.json	event_return_3d	next_day_return
339	/mnt/lustre3/home/gaozh/news_content_quality_20260812/cninfo_method_v1/embeddings	ckip_bert	masked_long	cls	linear_svm	none	0	/mnt/lustre3/home/gaozh/news_content_quality_20260812/cninfo_method_v1/prompt_embedding_classification/classification/ckip_bert_masked_long_cls_linear_svm_none_0.json	event_return_3d	next_day_return
340	/mnt/lustre3/home/gaozh/news_content_quality_20260812/cninfo_method_v1/embeddings	ckip_bert	masked_long	cls	sgd	none	0	/mnt/lustre3/home/gaozh/news_content_quality_20260812/cninfo_method_v1/prompt_embedding_classification/classification/ckip_bert_masked_long_cls_sgd_none_0.json	event_return_3d	next_day_return
341	/mnt/lustre3/home/gaozh/news_content_quality_20260812/cninfo_method_v1/embeddings	ckip_bert	masked_long	cls	simple_mlp	none	0	/mnt/lustre3/home/gaozh/news_content_quality_20260812/cninfo_method_v1/prompt_embedding_classification/classification/ckip_bert_masked_long_cls_simple_mlp_none_0.json	event_return_3d	next_day_return
342	/mnt/lustre3/home/gaozh/news_content_quality_20260812/cninfo_method_v1/embeddings	ckip_bert	masked_long	cls	hist_gradient_boosting	none	0	/mnt/lustre3/home/gaozh/news_content_quality_20260812/cninfo_method_v1/prompt_embedding_classification/classification/ckip_bert_masked_long_cls_hist_gradient_boosting_none_0.json	event_return_3d	next_day_return
343	/mnt/lustre3/home/gaozh/news_content_quality_20260812/cninfo_method_v1/embeddings	ckip_bert	masked_long	full_max	logistic	none	0	/mnt/lustre3/home/gaozh/news_content_quality_20260812/cninfo_method_v1/prompt_embedding_classification/classification/ckip_bert_masked_long_full_max_logistic_none_0.json	event_return_3d	next_day_return
344	/mnt/lustre3/home/gaozh/news_content_quality_20260812/cninfo_method_v1/embeddings	ckip_bert	masked_long	full_max	linear_svm	none	0	/mnt/lustre3/home/gaozh/news_content_quality_20260812/cninfo_method_v1/prompt_embedding_classification/classification/ckip_bert_masked_long_full_max_linear_svm_none_0.json	event_return_3d	next_day_return
345	/mnt/lustre3/home/gaozh/news_content_quality_20260812/cninfo_method_v1/embeddings	ckip_bert	masked_long	full_max	sgd	none	0	/mnt/lustre3/home/gaozh/news_content_quality_20260812/cninfo_method_v1/prompt_embedding_classification/classification/ckip_bert_masked_long_full_max_sgd_none_0.json	event_return_3d	next_day_return
346	/mnt/lustre3/home/gaozh/news_content_quality_20260812/cninfo_method_v1/embeddings	ckip_bert	masked_long	full_max	simple_mlp	none	0	/mnt/lustre3/home/gaozh/news_content_quality_20260812/cninfo_method_v1/prompt_embedding_classification/classification/ckip_bert_masked_long_full_max_simple_mlp_none_0.json	event_return_3d	next_day_return
347	/mnt/lustre3/home/gaozh/news_content_quality_20260812/cninfo_method_v1/embeddings	ckip_bert	masked_long	full_max	hist_gradient_boosting	none	0	/mnt/lustre3/home/gaozh/news_content_quality_20260812/cninfo_method_v1/prompt_embedding_classification/classification/ckip_bert_masked_long_full_max_hist_gradient_boosting_none_0.json	event_return_3d	next_day_return
348	/mnt/lustre3/home/gaozh/news_content_quality_20260812/cninfo_method_v1/embeddings	xlm_roberta_large	plain	body_mean	logistic	none	0	/mnt/lustre3/home/gaozh/news_content_quality_20260812/cninfo_method_v1/prompt_embedding_classification/classification/xlm_roberta_large_plain_body_mean_logistic_none_0.json	event_return_3d	next_day_return
349	/mnt/lustre3/home/gaozh/news_content_quality_20260812/cninfo_method_v1/embeddings	xlm_roberta_large	plain	body_mean	linear_svm	none	0	/mnt/lustre3/home/gaozh/news_content_quality_20260812/cninfo_method_v1/prompt_embedding_classification/classification/xlm_roberta_large_plain_body_mean_linear_svm_none_0.json	event_return_3d	next_day_return
350	/mnt/lustre3/home/gaozh/news_content_quality_20260812/cninfo_method_v1/embeddings	xlm_roberta_large	plain	body_mean	sgd	none	0	/mnt/lustre3/home/gaozh/news_content_quality_20260812/cninfo_method_v1/prompt_embedding_classification/classification/xlm_roberta_large_plain_body_mean_sgd_none_0.json	event_return_3d	next_day_return
351	/mnt/lustre3/home/gaozh/news_content_quality_20260812/cninfo_method_v1/embeddings	xlm_roberta_large	plain	body_mean	simple_mlp	none	0	/mnt/lustre3/home/gaozh/news_content_quality_20260812/cninfo_method_v1/prompt_embedding_classification/classification/xlm_roberta_large_plain_body_mean_simple_mlp_none_0.json	event_return_3d	next_day_return
352	/mnt/lustre3/home/gaozh/news_content_quality_20260812/cninfo_method_v1/embeddings	xlm_roberta_large	plain	body_mean	hist_gradient_boosting	none	0	/mnt/lustre3/home/gaozh/news_content_quality_20260812/cninfo_method_v1/prompt_embedding_classification/classification/xlm_roberta_large_plain_body_mean_hist_gradient_boosting_none_0.json	event_return_3d	next_day_return
353	/mnt/lustre3/home/gaozh/news_content_quality_20260812/cninfo_method_v1/embeddings	xlm_roberta_large	plain	title_body_mean	logistic	none	0	/mnt/lustre3/home/gaozh/news_content_quality_20260812/cninfo_method_v1/prompt_embedding_classification/classification/xlm_roberta_large_plain_title_body_mean_logistic_none_0.json	event_return_3d	next_day_return
354	/mnt/lustre3/home/gaozh/news_content_quality_20260812/cninfo_method_v1/embeddings	xlm_roberta_large	plain	title_body_mean	linear_svm	none	0	/mnt/lustre3/home/gaozh/news_content_quality_20260812/cninfo_method_v1/prompt_embedding_classification/classification/xlm_roberta_large_plain_title_body_mean_linear_svm_none_0.json	event_return_3d	next_day_return
355	/mnt/lustre3/home/gaozh/news_content_quality_20260812/cninfo_method_v1/embeddings	xlm_roberta_large	plain	title_body_mean	sgd	none	0	/mnt/lustre3/home/gaozh/news_content_quality_20260812/cninfo_method_v1/prompt_embedding_classification/classification/xlm_roberta_large_plain_title_body_mean_sgd_none_0.json	event_return_3d	next_day_return
356	/mnt/lustre3/home/gaozh/news_content_quality_20260812/cninfo_method_v1/embeddings	xlm_roberta_large	plain	title_body_mean	simple_mlp	none	0	/mnt/lustre3/home/gaozh/news_content_quality_20260812/cninfo_method_v1/prompt_embedding_classification/classification/xlm_roberta_large_plain_title_body_mean_simple_mlp_none_0.json	event_return_3d	next_day_return
357	/mnt/lustre3/home/gaozh/news_content_quality_20260812/cninfo_method_v1/embeddings	xlm_roberta_large	plain	title_body_mean	hist_gradient_boosting	none	0	/mnt/lustre3/home/gaozh/news_content_quality_20260812/cninfo_method_v1/prompt_embedding_classification/classification/xlm_roberta_large_plain_title_body_mean_hist_gradient_boosting_none_0.json	event_return_3d	next_day_return
358	/mnt/lustre3/home/gaozh/news_content_quality_20260812/cninfo_method_v1/embeddings	xlm_roberta_large	plain	full_mean	linear_svm	none	0	/mnt/lustre3/home/gaozh/news_content_quality_20260812/cninfo_method_v1/prompt_embedding_classification/classification/xlm_roberta_large_plain_full_mean_linear_svm_none_0.json	event_return_3d	next_day_return
359	/mnt/lustre3/home/gaozh/news_content_quality_20260812/cninfo_method_v1/embeddings	xlm_roberta_large	plain	full_mean	sgd	none	0	/mnt/lustre3/home/gaozh/news_content_quality_20260812/cninfo_method_v1/prompt_embedding_classification/classification/xlm_roberta_large_plain_full_mean_sgd_none_0.json	event_return_3d	next_day_return
360	/mnt/lustre3/home/gaozh/news_content_quality_20260812/cninfo_method_v1/embeddings	xlm_roberta_large	plain	full_mean	simple_mlp	none	0	/mnt/lustre3/home/gaozh/news_content_quality_20260812/cninfo_method_v1/prompt_embedding_classification/classification/xlm_roberta_large_plain_full_mean_simple_mlp_none_0.json	event_return_3d	next_day_return
361	/mnt/lustre3/home/gaozh/news_content_quality_20260812/cninfo_method_v1/embeddings	xlm_roberta_large	plain	full_mean	hist_gradient_boosting	none	0	/mnt/lustre3/home/gaozh/news_content_quality_20260812/cninfo_method_v1/prompt_embedding_classification/classification/xlm_roberta_large_plain_full_mean_hist_gradient_boosting_none_0.json	event_return_3d	next_day_return
362	/mnt/lustre3/home/gaozh/news_content_quality_20260812/cninfo_method_v1/embeddings	xlm_roberta_large	plain	cls	logistic	none	0	/mnt/lustre3/home/gaozh/news_content_quality_20260812/cninfo_method_v1/prompt_embedding_classification/classification/xlm_roberta_large_plain_cls_logistic_none_0.json	event_return_3d	next_day_return
363	/mnt/lustre3/home/gaozh/news_content_quality_20260812/cninfo_method_v1/embeddings	xlm_roberta_large	plain	cls	linear_svm	none	0	/mnt/lustre3/home/gaozh/news_content_quality_20260812/cninfo_method_v1/prompt_embedding_classification/classification/xlm_roberta_large_plain_cls_linear_svm_none_0.json	event_return_3d	next_day_return
364	/mnt/lustre3/home/gaozh/news_content_quality_20260812/cninfo_method_v1/embeddings	xlm_roberta_large	plain	cls	sgd	none	0	/mnt/lustre3/home/gaozh/news_content_quality_20260812/cninfo_method_v1/prompt_embedding_classification/classification/xlm_roberta_large_plain_cls_sgd_none_0.json	event_return_3d	next_day_return
365	/mnt/lustre3/home/gaozh/news_content_quality_20260812/cninfo_method_v1/embeddings	xlm_roberta_large	plain	cls	simple_mlp	none	0	/mnt/lustre3/home/gaozh/news_content_quality_20260812/cninfo_method_v1/prompt_embedding_classification/classification/xlm_roberta_large_plain_cls_simple_mlp_none_0.json	event_return_3d	next_day_return
366	/mnt/lustre3/home/gaozh/news_content_quality_20260812/cninfo_method_v1/embeddings	xlm_roberta_large	plain	cls	hist_gradient_boosting	none	0	/mnt/lustre3/home/gaozh/news_content_quality_20260812/cninfo_method_v1/prompt_embedding_classification/classification/xlm_roberta_large_plain_cls_hist_gradient_boosting_none_0.json	event_return_3d	next_day_return
367	/mnt/lustre3/home/gaozh/news_content_quality_20260812/cninfo_method_v1/embeddings	xlm_roberta_large	plain	full_max	logistic	none	0	/mnt/lustre3/home/gaozh/news_content_quality_20260812/cninfo_method_v1/prompt_embedding_classification/classification/xlm_roberta_large_plain_full_max_logistic_none_0.json	event_return_3d	next_day_return
368	/mnt/lustre3/home/gaozh/news_content_quality_20260812/cninfo_method_v1/embeddings	xlm_roberta_large	plain	full_max	linear_svm	none	0	/mnt/lustre3/home/gaozh/news_content_quality_20260812/cninfo_method_v1/prompt_embedding_classification/classification/xlm_roberta_large_plain_full_max_linear_svm_none_0.json	event_return_3d	next_day_return
369	/mnt/lustre3/home/gaozh/news_content_quality_20260812/cninfo_method_v1/embeddings	xlm_roberta_large	plain	full_max	sgd	none	0	/mnt/lustre3/home/gaozh/news_content_quality_20260812/cninfo_method_v1/prompt_embedding_classification/classification/xlm_roberta_large_plain_full_max_sgd_none_0.json	event_return_3d	next_day_return
370	/mnt/lustre3/home/gaozh/news_content_quality_20260812/cninfo_method_v1/embeddings	xlm_roberta_large	plain	full_max	simple_mlp	none	0	/mnt/lustre3/home/gaozh/news_content_quality_20260812/cninfo_method_v1/prompt_embedding_classification/classification/xlm_roberta_large_plain_full_max_simple_mlp_none_0.json	event_return_3d	next_day_return
371	/mnt/lustre3/home/gaozh/news_content_quality_20260812/cninfo_method_v1/embeddings	xlm_roberta_large	plain	full_max	hist_gradient_boosting	none	0	/mnt/lustre3/home/gaozh/news_content_quality_20260812/cninfo_method_v1/prompt_embedding_classification/classification/xlm_roberta_large_plain_full_max_hist_gradient_boosting_none_0.json	event_return_3d	next_day_return
372	/mnt/lustre3/home/gaozh/news_content_quality_20260812/cninfo_method_v1/embeddings	xlm_roberta_large	short	body_mean	linear_svm	none	0	/mnt/lustre3/home/gaozh/news_content_quality_20260812/cninfo_method_v1/prompt_embedding_classification/classification/xlm_roberta_large_short_body_mean_linear_svm_none_0.json	event_return_3d	next_day_return
373	/mnt/lustre3/home/gaozh/news_content_quality_20260812/cninfo_method_v1/embeddings	xlm_roberta_large	short	body_mean	sgd	none	0	/mnt/lustre3/home/gaozh/news_content_quality_20260812/cninfo_method_v1/prompt_embedding_classification/classification/xlm_roberta_large_short_body_mean_sgd_none_0.json	event_return_3d	next_day_return
374	/mnt/lustre3/home/gaozh/news_content_quality_20260812/cninfo_method_v1/embeddings	xlm_roberta_large	short	body_mean	simple_mlp	none	0	/mnt/lustre3/home/gaozh/news_content_quality_20260812/cninfo_method_v1/prompt_embedding_classification/classification/xlm_roberta_large_short_body_mean_simple_mlp_none_0.json	event_return_3d	next_day_return
375	/mnt/lustre3/home/gaozh/news_content_quality_20260812/cninfo_method_v1/embeddings	xlm_roberta_large	short	body_mean	hist_gradient_boosting	none	0	/mnt/lustre3/home/gaozh/news_content_quality_20260812/cninfo_method_v1/prompt_embedding_classification/classification/xlm_roberta_large_short_body_mean_hist_gradient_boosting_none_0.json	event_return_3d	next_day_return
376	/mnt/lustre3/home/gaozh/news_content_quality_20260812/cninfo_method_v1/embeddings	xlm_roberta_large	short	title_body_mean	logistic	none	0	/mnt/lustre3/home/gaozh/news_content_quality_20260812/cninfo_method_v1/prompt_embedding_classification/classification/xlm_roberta_large_short_title_body_mean_logistic_none_0.json	event_return_3d	next_day_return
377	/mnt/lustre3/home/gaozh/news_content_quality_20260812/cninfo_method_v1/embeddings	xlm_roberta_large	short	title_body_mean	linear_svm	none	0	/mnt/lustre3/home/gaozh/news_content_quality_20260812/cninfo_method_v1/prompt_embedding_classification/classification/xlm_roberta_large_short_title_body_mean_linear_svm_none_0.json	event_return_3d	next_day_return
378	/mnt/lustre3/home/gaozh/news_content_quality_20260812/cninfo_method_v1/embeddings	xlm_roberta_large	short	title_body_mean	sgd	none	0	/mnt/lustre3/home/gaozh/news_content_quality_20260812/cninfo_method_v1/prompt_embedding_classification/classification/xlm_roberta_large_short_title_body_mean_sgd_none_0.json	event_return_3d	next_day_return
379	/mnt/lustre3/home/gaozh/news_content_quality_20260812/cninfo_method_v1/embeddings	xlm_roberta_large	short	title_body_mean	simple_mlp	none	0	/mnt/lustre3/home/gaozh/news_content_quality_20260812/cninfo_method_v1/prompt_embedding_classification/classification/xlm_roberta_large_short_title_body_mean_simple_mlp_none_0.json	event_return_3d	next_day_return
380	/mnt/lustre3/home/gaozh/news_content_quality_20260812/cninfo_method_v1/embeddings	xlm_roberta_large	short	title_body_mean	hist_gradient_boosting	none	0	/mnt/lustre3/home/gaozh/news_content_quality_20260812/cninfo_method_v1/prompt_embedding_classification/classification/xlm_roberta_large_short_title_body_mean_hist_gradient_boosting_none_0.json	event_return_3d	next_day_return
381	/mnt/lustre3/home/gaozh/news_content_quality_20260812/cninfo_method_v1/embeddings	xlm_roberta_large	short	full_mean	linear_svm	none	0	/mnt/lustre3/home/gaozh/news_content_quality_20260812/cninfo_method_v1/prompt_embedding_classification/classification/xlm_roberta_large_short_full_mean_linear_svm_none_0.json	event_return_3d	next_day_return
382	/mnt/lustre3/home/gaozh/news_content_quality_20260812/cninfo_method_v1/embeddings	xlm_roberta_large	short	full_mean	sgd	none	0	/mnt/lustre3/home/gaozh/news_content_quality_20260812/cninfo_method_v1/prompt_embedding_classification/classification/xlm_roberta_large_short_full_mean_sgd_none_0.json	event_return_3d	next_day_return
383	/mnt/lustre3/home/gaozh/news_content_quality_20260812/cninfo_method_v1/embeddings	xlm_roberta_large	short	full_mean	simple_mlp	none	0	/mnt/lustre3/home/gaozh/news_content_quality_20260812/cninfo_method_v1/prompt_embedding_classification/classification/xlm_roberta_large_short_full_mean_simple_mlp_none_0.json	event_return_3d	next_day_return
384	/mnt/lustre3/home/gaozh/news_content_quality_20260812/cninfo_method_v1/embeddings	xlm_roberta_large	short	full_mean	hist_gradient_boosting	none	0	/mnt/lustre3/home/gaozh/news_content_quality_20260812/cninfo_method_v1/prompt_embedding_classification/classification/xlm_roberta_large_short_full_mean_hist_gradient_boosting_none_0.json	event_return_3d	next_day_return
385	/mnt/lustre3/home/gaozh/news_content_quality_20260812/cninfo_method_v1/embeddings	xlm_roberta_large	short	cls	logistic	none	0	/mnt/lustre3/home/gaozh/news_content_quality_20260812/cninfo_method_v1/prompt_embedding_classification/classification/xlm_roberta_large_short_cls_logistic_none_0.json	event_return_3d	next_day_return
386	/mnt/lustre3/home/gaozh/news_content_quality_20260812/cninfo_method_v1/embeddings	xlm_roberta_large	short	cls	linear_svm	none	0	/mnt/lustre3/home/gaozh/news_content_quality_20260812/cninfo_method_v1/prompt_embedding_classification/classification/xlm_roberta_large_short_cls_linear_svm_none_0.json	event_return_3d	next_day_return
387	/mnt/lustre3/home/gaozh/news_content_quality_20260812/cninfo_method_v1/embeddings	xlm_roberta_large	short	cls	sgd	none	0	/mnt/lustre3/home/gaozh/news_content_quality_20260812/cninfo_method_v1/prompt_embedding_classification/classification/xlm_roberta_large_short_cls_sgd_none_0.json	event_return_3d	next_day_return
388	/mnt/lustre3/home/gaozh/news_content_quality_20260812/cninfo_method_v1/embeddings	xlm_roberta_large	short	cls	simple_mlp	none	0	/mnt/lustre3/home/gaozh/news_content_quality_20260812/cninfo_method_v1/prompt_embedding_classification/classification/xlm_roberta_large_short_cls_simple_mlp_none_0.json	event_return_3d	next_day_return
389	/mnt/lustre3/home/gaozh/news_content_quality_20260812/cninfo_method_v1/embeddings	xlm_roberta_large	short	cls	hist_gradient_boosting	none	0	/mnt/lustre3/home/gaozh/news_content_quality_20260812/cninfo_method_v1/prompt_embedding_classification/classification/xlm_roberta_large_short_cls_hist_gradient_boosting_none_0.json	event_return_3d	next_day_return
390	/mnt/lustre3/home/gaozh/news_content_quality_20260812/cninfo_method_v1/embeddings	xlm_roberta_large	short	full_max	logistic	none	0	/mnt/lustre3/home/gaozh/news_content_quality_20260812/cninfo_method_v1/prompt_embedding_classification/classification/xlm_roberta_large_short_full_max_logistic_none_0.json	event_return_3d	next_day_return
391	/mnt/lustre3/home/gaozh/news_content_quality_20260812/cninfo_method_v1/embeddings	xlm_roberta_large	short	full_max	linear_svm	none	0	/mnt/lustre3/home/gaozh/news_content_quality_20260812/cninfo_method_v1/prompt_embedding_classification/classification/xlm_roberta_large_short_full_max_linear_svm_none_0.json	event_return_3d	next_day_return
392	/mnt/lustre3/home/gaozh/news_content_quality_20260812/cninfo_method_v1/embeddings	xlm_roberta_large	short	full_max	sgd	none	0	/mnt/lustre3/home/gaozh/news_content_quality_20260812/cninfo_method_v1/prompt_embedding_classification/classification/xlm_roberta_large_short_full_max_sgd_none_0.json	event_return_3d	next_day_return
393	/mnt/lustre3/home/gaozh/news_content_quality_20260812/cninfo_method_v1/embeddings	xlm_roberta_large	short	full_max	simple_mlp	none	0	/mnt/lustre3/home/gaozh/news_content_quality_20260812/cninfo_method_v1/prompt_embedding_classification/classification/xlm_roberta_large_short_full_max_simple_mlp_none_0.json	event_return_3d	next_day_return
394	/mnt/lustre3/home/gaozh/news_content_quality_20260812/cninfo_method_v1/embeddings	xlm_roberta_large	short	full_max	hist_gradient_boosting	none	0	/mnt/lustre3/home/gaozh/news_content_quality_20260812/cninfo_method_v1/prompt_embedding_classification/classification/xlm_roberta_large_short_full_max_hist_gradient_boosting_none_0.json	event_return_3d	next_day_return
395	/mnt/lustre3/home/gaozh/news_content_quality_20260812/cninfo_method_v1/embeddings	xlm_roberta_large	masked_short	body_mean	linear_svm	none	0	/mnt/lustre3/home/gaozh/news_content_quality_20260812/cninfo_method_v1/prompt_embedding_classification/classification/xlm_roberta_large_masked_short_body_mean_linear_svm_none_0.json	event_return_3d	next_day_return
396	/mnt/lustre3/home/gaozh/news_content_quality_20260812/cninfo_method_v1/embeddings	xlm_roberta_large	masked_short	body_mean	sgd	none	0	/mnt/lustre3/home/gaozh/news_content_quality_20260812/cninfo_method_v1/prompt_embedding_classification/classification/xlm_roberta_large_masked_short_body_mean_sgd_none_0.json	event_return_3d	next_day_return
397	/mnt/lustre3/home/gaozh/news_content_quality_20260812/cninfo_method_v1/embeddings	xlm_roberta_large	masked_short	body_mean	simple_mlp	none	0	/mnt/lustre3/home/gaozh/news_content_quality_20260812/cninfo_method_v1/prompt_embedding_classification/classification/xlm_roberta_large_masked_short_body_mean_simple_mlp_none_0.json	event_return_3d	next_day_return
398	/mnt/lustre3/home/gaozh/news_content_quality_20260812/cninfo_method_v1/embeddings	xlm_roberta_large	masked_short	body_mean	hist_gradient_boosting	none	0	/mnt/lustre3/home/gaozh/news_content_quality_20260812/cninfo_method_v1/prompt_embedding_classification/classification/xlm_roberta_large_masked_short_body_mean_hist_gradient_boosting_none_0.json	event_return_3d	next_day_return
399	/mnt/lustre3/home/gaozh/news_content_quality_20260812/cninfo_method_v1/embeddings	xlm_roberta_large	masked_short	title_body_mean	logistic	none	0	/mnt/lustre3/home/gaozh/news_content_quality_20260812/cninfo_method_v1/prompt_embedding_classification/classification/xlm_roberta_large_masked_short_title_body_mean_logistic_none_0.json	event_return_3d	next_day_return
400	/mnt/lustre3/home/gaozh/news_content_quality_20260812/cninfo_method_v1/embeddings	xlm_roberta_large	masked_short	title_body_mean	linear_svm	none	0	/mnt/lustre3/home/gaozh/news_content_quality_20260812/cninfo_method_v1/prompt_embedding_classification/classification/xlm_roberta_large_masked_short_title_body_mean_linear_svm_none_0.json	event_return_3d	next_day_return
401	/mnt/lustre3/home/gaozh/news_content_quality_20260812/cninfo_method_v1/embeddings	xlm_roberta_large	masked_short	title_body_mean	sgd	none	0	/mnt/lustre3/home/gaozh/news_content_quality_20260812/cninfo_method_v1/prompt_embedding_classification/classification/xlm_roberta_large_masked_short_title_body_mean_sgd_none_0.json	event_return_3d	next_day_return
402	/mnt/lustre3/home/gaozh/news_content_quality_20260812/cninfo_method_v1/embeddings	xlm_roberta_large	masked_short	title_body_mean	simple_mlp	none	0	/mnt/lustre3/home/gaozh/news_content_quality_20260812/cninfo_method_v1/prompt_embedding_classification/classification/xlm_roberta_large_masked_short_title_body_mean_simple_mlp_none_0.json	event_return_3d	next_day_return
403	/mnt/lustre3/home/gaozh/news_content_quality_20260812/cninfo_method_v1/embeddings	xlm_roberta_large	masked_short	title_body_mean	hist_gradient_boosting	none	0	/mnt/lustre3/home/gaozh/news_content_quality_20260812/cninfo_method_v1/prompt_embedding_classification/classification/xlm_roberta_large_masked_short_title_body_mean_hist_gradient_boosting_none_0.json	event_return_3d	next_day_return
404	/mnt/lustre3/home/gaozh/news_content_quality_20260812/cninfo_method_v1/embeddings	xlm_roberta_large	masked_short	full_mean	linear_svm	none	0	/mnt/lustre3/home/gaozh/news_content_quality_20260812/cninfo_method_v1/prompt_embedding_classification/classification/xlm_roberta_large_masked_short_full_mean_linear_svm_none_0.json	event_return_3d	next_day_return
405	/mnt/lustre3/home/gaozh/news_content_quality_20260812/cninfo_method_v1/embeddings	xlm_roberta_large	masked_short	full_mean	sgd	none	0	/mnt/lustre3/home/gaozh/news_content_quality_20260812/cninfo_method_v1/prompt_embedding_classification/classification/xlm_roberta_large_masked_short_full_mean_sgd_none_0.json	event_return_3d	next_day_return
406	/mnt/lustre3/home/gaozh/news_content_quality_20260812/cninfo_method_v1/embeddings	xlm_roberta_large	masked_short	full_mean	simple_mlp	none	0	/mnt/lustre3/home/gaozh/news_content_quality_20260812/cninfo_method_v1/prompt_embedding_classification/classification/xlm_roberta_large_masked_short_full_mean_simple_mlp_none_0.json	event_return_3d	next_day_return
407	/mnt/lustre3/home/gaozh/news_content_quality_20260812/cninfo_method_v1/embeddings	xlm_roberta_large	masked_short	full_mean	hist_gradient_boosting	none	0	/mnt/lustre3/home/gaozh/news_content_quality_20260812/cninfo_method_v1/prompt_embedding_classification/classification/xlm_roberta_large_masked_short_full_mean_hist_gradient_boosting_none_0.json	event_return_3d	next_day_return
408	/mnt/lustre3/home/gaozh/news_content_quality_20260812/cninfo_method_v1/embeddings	xlm_roberta_large	masked_short	cls	logistic	none	0	/mnt/lustre3/home/gaozh/news_content_quality_20260812/cninfo_method_v1/prompt_embedding_classification/classification/xlm_roberta_large_masked_short_cls_logistic_none_0.json	event_return_3d	next_day_return
409	/mnt/lustre3/home/gaozh/news_content_quality_20260812/cninfo_method_v1/embeddings	xlm_roberta_large	masked_short	cls	linear_svm	none	0	/mnt/lustre3/home/gaozh/news_content_quality_20260812/cninfo_method_v1/prompt_embedding_classification/classification/xlm_roberta_large_masked_short_cls_linear_svm_none_0.json	event_return_3d	next_day_return
410	/mnt/lustre3/home/gaozh/news_content_quality_20260812/cninfo_method_v1/embeddings	xlm_roberta_large	masked_short	cls	sgd	none	0	/mnt/lustre3/home/gaozh/news_content_quality_20260812/cninfo_method_v1/prompt_embedding_classification/classification/xlm_roberta_large_masked_short_cls_sgd_none_0.json	event_return_3d	next_day_return
411	/mnt/lustre3/home/gaozh/news_content_quality_20260812/cninfo_method_v1/embeddings	xlm_roberta_large	masked_short	cls	simple_mlp	none	0	/mnt/lustre3/home/gaozh/news_content_quality_20260812/cninfo_method_v1/prompt_embedding_classification/classification/xlm_roberta_large_masked_short_cls_simple_mlp_none_0.json	event_return_3d	next_day_return
412	/mnt/lustre3/home/gaozh/news_content_quality_20260812/cninfo_method_v1/embeddings	xlm_roberta_large	masked_short	cls	hist_gradient_boosting	none	0	/mnt/lustre3/home/gaozh/news_content_quality_20260812/cninfo_method_v1/prompt_embedding_classification/classification/xlm_roberta_large_masked_short_cls_hist_gradient_boosting_none_0.json	event_return_3d	next_day_return
413	/mnt/lustre3/home/gaozh/news_content_quality_20260812/cninfo_method_v1/embeddings	xlm_roberta_large	masked_short	full_max	logistic	none	0	/mnt/lustre3/home/gaozh/news_content_quality_20260812/cninfo_method_v1/prompt_embedding_classification/classification/xlm_roberta_large_masked_short_full_max_logistic_none_0.json	event_return_3d	next_day_return
414	/mnt/lustre3/home/gaozh/news_content_quality_20260812/cninfo_method_v1/embeddings	xlm_roberta_large	masked_short	full_max	linear_svm	none	0	/mnt/lustre3/home/gaozh/news_content_quality_20260812/cninfo_method_v1/prompt_embedding_classification/classification/xlm_roberta_large_masked_short_full_max_linear_svm_none_0.json	event_return_3d	next_day_return
415	/mnt/lustre3/home/gaozh/news_content_quality_20260812/cninfo_method_v1/embeddings	xlm_roberta_large	masked_short	full_max	sgd	none	0	/mnt/lustre3/home/gaozh/news_content_quality_20260812/cninfo_method_v1/prompt_embedding_classification/classification/xlm_roberta_large_masked_short_full_max_sgd_none_0.json	event_return_3d	next_day_return
416	/mnt/lustre3/home/gaozh/news_content_quality_20260812/cninfo_method_v1/embeddings	xlm_roberta_large	masked_short	full_max	simple_mlp	none	0	/mnt/lustre3/home/gaozh/news_content_quality_20260812/cninfo_method_v1/prompt_embedding_classification/classification/xlm_roberta_large_masked_short_full_max_simple_mlp_none_0.json	event_return_3d	next_day_return
417	/mnt/lustre3/home/gaozh/news_content_quality_20260812/cninfo_method_v1/embeddings	xlm_roberta_large	masked_short	full_max	hist_gradient_boosting	none	0	/mnt/lustre3/home/gaozh/news_content_quality_20260812/cninfo_method_v1/prompt_embedding_classification/classification/xlm_roberta_large_masked_short_full_max_hist_gradient_boosting_none_0.json	event_return_3d	next_day_return
418	/mnt/lustre3/home/gaozh/news_content_quality_20260812/cninfo_method_v1/embeddings	xlm_roberta_large	long	body_mean	linear_svm	none	0	/mnt/lustre3/home/gaozh/news_content_quality_20260812/cninfo_method_v1/prompt_embedding_classification/classification/xlm_roberta_large_long_body_mean_linear_svm_none_0.json	event_return_3d	next_day_return
419	/mnt/lustre3/home/gaozh/news_content_quality_20260812/cninfo_method_v1/embeddings	xlm_roberta_large	long	body_mean	sgd	none	0	/mnt/lustre3/home/gaozh/news_content_quality_20260812/cninfo_method_v1/prompt_embedding_classification/classification/xlm_roberta_large_long_body_mean_sgd_none_0.json	event_return_3d	next_day_return
420	/mnt/lustre3/home/gaozh/news_content_quality_20260812/cninfo_method_v1/embeddings	xlm_roberta_large	long	body_mean	simple_mlp	none	0	/mnt/lustre3/home/gaozh/news_content_quality_20260812/cninfo_method_v1/prompt_embedding_classification/classification/xlm_roberta_large_long_body_mean_simple_mlp_none_0.json	event_return_3d	next_day_return
421	/mnt/lustre3/home/gaozh/news_content_quality_20260812/cninfo_method_v1/embeddings	xlm_roberta_large	long	body_mean	hist_gradient_boosting	none	0	/mnt/lustre3/home/gaozh/news_content_quality_20260812/cninfo_method_v1/prompt_embedding_classification/classification/xlm_roberta_large_long_body_mean_hist_gradient_boosting_none_0.json	event_return_3d	next_day_return
422	/mnt/lustre3/home/gaozh/news_content_quality_20260812/cninfo_method_v1/embeddings	xlm_roberta_large	long	title_body_mean	logistic	none	0	/mnt/lustre3/home/gaozh/news_content_quality_20260812/cninfo_method_v1/prompt_embedding_classification/classification/xlm_roberta_large_long_title_body_mean_logistic_none_0.json	event_return_3d	next_day_return
423	/mnt/lustre3/home/gaozh/news_content_quality_20260812/cninfo_method_v1/embeddings	xlm_roberta_large	long	title_body_mean	linear_svm	none	0	/mnt/lustre3/home/gaozh/news_content_quality_20260812/cninfo_method_v1/prompt_embedding_classification/classification/xlm_roberta_large_long_title_body_mean_linear_svm_none_0.json	event_return_3d	next_day_return
424	/mnt/lustre3/home/gaozh/news_content_quality_20260812/cninfo_method_v1/embeddings	xlm_roberta_large	long	title_body_mean	sgd	none	0	/mnt/lustre3/home/gaozh/news_content_quality_20260812/cninfo_method_v1/prompt_embedding_classification/classification/xlm_roberta_large_long_title_body_mean_sgd_none_0.json	event_return_3d	next_day_return
425	/mnt/lustre3/home/gaozh/news_content_quality_20260812/cninfo_method_v1/embeddings	xlm_roberta_large	long	title_body_mean	simple_mlp	none	0	/mnt/lustre3/home/gaozh/news_content_quality_20260812/cninfo_method_v1/prompt_embedding_classification/classification/xlm_roberta_large_long_title_body_mean_simple_mlp_none_0.json	event_return_3d	next_day_return
426	/mnt/lustre3/home/gaozh/news_content_quality_20260812/cninfo_method_v1/embeddings	xlm_roberta_large	long	title_body_mean	hist_gradient_boosting	none	0	/mnt/lustre3/home/gaozh/news_content_quality_20260812/cninfo_method_v1/prompt_embedding_classification/classification/xlm_roberta_large_long_title_body_mean_hist_gradient_boosting_none_0.json	event_return_3d	next_day_return
427	/mnt/lustre3/home/gaozh/news_content_quality_20260812/cninfo_method_v1/embeddings	xlm_roberta_large	long	full_mean	linear_svm	none	0	/mnt/lustre3/home/gaozh/news_content_quality_20260812/cninfo_method_v1/prompt_embedding_classification/classification/xlm_roberta_large_long_full_mean_linear_svm_none_0.json	event_return_3d	next_day_return
428	/mnt/lustre3/home/gaozh/news_content_quality_20260812/cninfo_method_v1/embeddings	xlm_roberta_large	long	full_mean	sgd	none	0	/mnt/lustre3/home/gaozh/news_content_quality_20260812/cninfo_method_v1/prompt_embedding_classification/classification/xlm_roberta_large_long_full_mean_sgd_none_0.json	event_return_3d	next_day_return
429	/mnt/lustre3/home/gaozh/news_content_quality_20260812/cninfo_method_v1/embeddings	xlm_roberta_large	long	full_mean	simple_mlp	none	0	/mnt/lustre3/home/gaozh/news_content_quality_20260812/cninfo_method_v1/prompt_embedding_classification/classification/xlm_roberta_large_long_full_mean_simple_mlp_none_0.json	event_return_3d	next_day_return
430	/mnt/lustre3/home/gaozh/news_content_quality_20260812/cninfo_method_v1/embeddings	xlm_roberta_large	long	full_mean	hist_gradient_boosting	none	0	/mnt/lustre3/home/gaozh/news_content_quality_20260812/cninfo_method_v1/prompt_embedding_classification/classification/xlm_roberta_large_long_full_mean_hist_gradient_boosting_none_0.json	event_return_3d	next_day_return
431	/mnt/lustre3/home/gaozh/news_content_quality_20260812/cninfo_method_v1/embeddings	xlm_roberta_large	long	cls	logistic	none	0	/mnt/lustre3/home/gaozh/news_content_quality_20260812/cninfo_method_v1/prompt_embedding_classification/classification/xlm_roberta_large_long_cls_logistic_none_0.json	event_return_3d	next_day_return
432	/mnt/lustre3/home/gaozh/news_content_quality_20260812/cninfo_method_v1/embeddings	xlm_roberta_large	long	cls	linear_svm	none	0	/mnt/lustre3/home/gaozh/news_content_quality_20260812/cninfo_method_v1/prompt_embedding_classification/classification/xlm_roberta_large_long_cls_linear_svm_none_0.json	event_return_3d	next_day_return
433	/mnt/lustre3/home/gaozh/news_content_quality_20260812/cninfo_method_v1/embeddings	xlm_roberta_large	long	cls	sgd	none	0	/mnt/lustre3/home/gaozh/news_content_quality_20260812/cninfo_method_v1/prompt_embedding_classification/classification/xlm_roberta_large_long_cls_sgd_none_0.json	event_return_3d	next_day_return
434	/mnt/lustre3/home/gaozh/news_content_quality_20260812/cninfo_method_v1/embeddings	xlm_roberta_large	long	cls	simple_mlp	none	0	/mnt/lustre3/home/gaozh/news_content_quality_20260812/cninfo_method_v1/prompt_embedding_classification/classification/xlm_roberta_large_long_cls_simple_mlp_none_0.json	event_return_3d	next_day_return
435	/mnt/lustre3/home/gaozh/news_content_quality_20260812/cninfo_method_v1/embeddings	xlm_roberta_large	long	cls	hist_gradient_boosting	none	0	/mnt/lustre3/home/gaozh/news_content_quality_20260812/cninfo_method_v1/prompt_embedding_classification/classification/xlm_roberta_large_long_cls_hist_gradient_boosting_none_0.json	event_return_3d	next_day_return
436	/mnt/lustre3/home/gaozh/news_content_quality_20260812/cninfo_method_v1/embeddings	xlm_roberta_large	long	full_max	logistic	none	0	/mnt/lustre3/home/gaozh/news_content_quality_20260812/cninfo_method_v1/prompt_embedding_classification/classification/xlm_roberta_large_long_full_max_logistic_none_0.json	event_return_3d	next_day_return
437	/mnt/lustre3/home/gaozh/news_content_quality_20260812/cninfo_method_v1/embeddings	xlm_roberta_large	long	full_max	linear_svm	none	0	/mnt/lustre3/home/gaozh/news_content_quality_20260812/cninfo_method_v1/prompt_embedding_classification/classification/xlm_roberta_large_long_full_max_linear_svm_none_0.json	event_return_3d	next_day_return
438	/mnt/lustre3/home/gaozh/news_content_quality_20260812/cninfo_method_v1/embeddings	xlm_roberta_large	long	full_max	sgd	none	0	/mnt/lustre3/home/gaozh/news_content_quality_20260812/cninfo_method_v1/prompt_embedding_classification/classification/xlm_roberta_large_long_full_max_sgd_none_0.json	event_return_3d	next_day_return
439	/mnt/lustre3/home/gaozh/news_content_quality_20260812/cninfo_method_v1/embeddings	xlm_roberta_large	long	full_max	simple_mlp	none	0	/mnt/lustre3/home/gaozh/news_content_quality_20260812/cninfo_method_v1/prompt_embedding_classification/classification/xlm_roberta_large_long_full_max_simple_mlp_none_0.json	event_return_3d	next_day_return
440	/mnt/lustre3/home/gaozh/news_content_quality_20260812/cninfo_method_v1/embeddings	xlm_roberta_large	long	full_max	hist_gradient_boosting	none	0	/mnt/lustre3/home/gaozh/news_content_quality_20260812/cninfo_method_v1/prompt_embedding_classification/classification/xlm_roberta_large_long_full_max_hist_gradient_boosting_none_0.json	event_return_3d	next_day_return
441	/mnt/lustre3/home/gaozh/news_content_quality_20260812/cninfo_method_v1/embeddings	xlm_roberta_large	masked_long	body_mean	linear_svm	none	0	/mnt/lustre3/home/gaozh/news_content_quality_20260812/cninfo_method_v1/prompt_embedding_classification/classification/xlm_roberta_large_masked_long_body_mean_linear_svm_none_0.json	event_return_3d	next_day_return
442	/mnt/lustre3/home/gaozh/news_content_quality_20260812/cninfo_method_v1/embeddings	xlm_roberta_large	masked_long	body_mean	sgd	none	0	/mnt/lustre3/home/gaozh/news_content_quality_20260812/cninfo_method_v1/prompt_embedding_classification/classification/xlm_roberta_large_masked_long_body_mean_sgd_none_0.json	event_return_3d	next_day_return
443	/mnt/lustre3/home/gaozh/news_content_quality_20260812/cninfo_method_v1/embeddings	xlm_roberta_large	masked_long	body_mean	simple_mlp	none	0	/mnt/lustre3/home/gaozh/news_content_quality_20260812/cninfo_method_v1/prompt_embedding_classification/classification/xlm_roberta_large_masked_long_body_mean_simple_mlp_none_0.json	event_return_3d	next_day_return
444	/mnt/lustre3/home/gaozh/news_content_quality_20260812/cninfo_method_v1/embeddings	xlm_roberta_large	masked_long	body_mean	hist_gradient_boosting	none	0	/mnt/lustre3/home/gaozh/news_content_quality_20260812/cninfo_method_v1/prompt_embedding_classification/classification/xlm_roberta_large_masked_long_body_mean_hist_gradient_boosting_none_0.json	event_return_3d	next_day_return
445	/mnt/lustre3/home/gaozh/news_content_quality_20260812/cninfo_method_v1/embeddings	xlm_roberta_large	masked_long	title_body_mean	logistic	none	0	/mnt/lustre3/home/gaozh/news_content_quality_20260812/cninfo_method_v1/prompt_embedding_classification/classification/xlm_roberta_large_masked_long_title_body_mean_logistic_none_0.json	event_return_3d	next_day_return
446	/mnt/lustre3/home/gaozh/news_content_quality_20260812/cninfo_method_v1/embeddings	xlm_roberta_large	masked_long	title_body_mean	linear_svm	none	0	/mnt/lustre3/home/gaozh/news_content_quality_20260812/cninfo_method_v1/prompt_embedding_classification/classification/xlm_roberta_large_masked_long_title_body_mean_linear_svm_none_0.json	event_return_3d	next_day_return
447	/mnt/lustre3/home/gaozh/news_content_quality_20260812/cninfo_method_v1/embeddings	xlm_roberta_large	masked_long	title_body_mean	sgd	none	0	/mnt/lustre3/home/gaozh/news_content_quality_20260812/cninfo_method_v1/prompt_embedding_classification/classification/xlm_roberta_large_masked_long_title_body_mean_sgd_none_0.json	event_return_3d	next_day_return
448	/mnt/lustre3/home/gaozh/news_content_quality_20260812/cninfo_method_v1/embeddings	xlm_roberta_large	masked_long	title_body_mean	simple_mlp	none	0	/mnt/lustre3/home/gaozh/news_content_quality_20260812/cninfo_method_v1/prompt_embedding_classification/classification/xlm_roberta_large_masked_long_title_body_mean_simple_mlp_none_0.json	event_return_3d	next_day_return
449	/mnt/lustre3/home/gaozh/news_content_quality_20260812/cninfo_method_v1/embeddings	xlm_roberta_large	masked_long	title_body_mean	hist_gradient_boosting	none	0	/mnt/lustre3/home/gaozh/news_content_quality_20260812/cninfo_method_v1/prompt_embedding_classification/classification/xlm_roberta_large_masked_long_title_body_mean_hist_gradient_boosting_none_0.json	event_return_3d	next_day_return
450	/mnt/lustre3/home/gaozh/news_content_quality_20260812/cninfo_method_v1/embeddings	xlm_roberta_large	masked_long	full_mean	linear_svm	none	0	/mnt/lustre3/home/gaozh/news_content_quality_20260812/cninfo_method_v1/prompt_embedding_classification/classification/xlm_roberta_large_masked_long_full_mean_linear_svm_none_0.json	event_return_3d	next_day_return
451	/mnt/lustre3/home/gaozh/news_content_quality_20260812/cninfo_method_v1/embeddings	xlm_roberta_large	masked_long	full_mean	sgd	none	0	/mnt/lustre3/home/gaozh/news_content_quality_20260812/cninfo_method_v1/prompt_embedding_classification/classification/xlm_roberta_large_masked_long_full_mean_sgd_none_0.json	event_return_3d	next_day_return
452	/mnt/lustre3/home/gaozh/news_content_quality_20260812/cninfo_method_v1/embeddings	xlm_roberta_large	masked_long	full_mean	simple_mlp	none	0	/mnt/lustre3/home/gaozh/news_content_quality_20260812/cninfo_method_v1/prompt_embedding_classification/classification/xlm_roberta_large_masked_long_full_mean_simple_mlp_none_0.json	event_return_3d	next_day_return
453	/mnt/lustre3/home/gaozh/news_content_quality_20260812/cninfo_method_v1/embeddings	xlm_roberta_large	masked_long	full_mean	hist_gradient_boosting	none	0	/mnt/lustre3/home/gaozh/news_content_quality_20260812/cninfo_method_v1/prompt_embedding_classification/classification/xlm_roberta_large_masked_long_full_mean_hist_gradient_boosting_none_0.json	event_return_3d	next_day_return
454	/mnt/lustre3/home/gaozh/news_content_quality_20260812/cninfo_method_v1/embeddings	xlm_roberta_large	masked_long	cls	logistic	none	0	/mnt/lustre3/home/gaozh/news_content_quality_20260812/cninfo_method_v1/prompt_embedding_classification/classification/xlm_roberta_large_masked_long_cls_logistic_none_0.json	event_return_3d	next_day_return
455	/mnt/lustre3/home/gaozh/news_content_quality_20260812/cninfo_method_v1/embeddings	xlm_roberta_large	masked_long	cls	linear_svm	none	0	/mnt/lustre3/home/gaozh/news_content_quality_20260812/cninfo_method_v1/prompt_embedding_classification/classification/xlm_roberta_large_masked_long_cls_linear_svm_none_0.json	event_return_3d	next_day_return
456	/mnt/lustre3/home/gaozh/news_content_quality_20260812/cninfo_method_v1/embeddings	xlm_roberta_large	masked_long	cls	sgd	none	0	/mnt/lustre3/home/gaozh/news_content_quality_20260812/cninfo_method_v1/prompt_embedding_classification/classification/xlm_roberta_large_masked_long_cls_sgd_none_0.json	event_return_3d	next_day_return
457	/mnt/lustre3/home/gaozh/news_content_quality_20260812/cninfo_method_v1/embeddings	xlm_roberta_large	masked_long	cls	simple_mlp	none	0	/mnt/lustre3/home/gaozh/news_content_quality_20260812/cninfo_method_v1/prompt_embedding_classification/classification/xlm_roberta_large_masked_long_cls_simple_mlp_none_0.json	event_return_3d	next_day_return
458	/mnt/lustre3/home/gaozh/news_content_quality_20260812/cninfo_method_v1/embeddings	xlm_roberta_large	masked_long	cls	hist_gradient_boosting	none	0	/mnt/lustre3/home/gaozh/news_content_quality_20260812/cninfo_method_v1/prompt_embedding_classification/classification/xlm_roberta_large_masked_long_cls_hist_gradient_boosting_none_0.json	event_return_3d	next_day_return
459	/mnt/lustre3/home/gaozh/news_content_quality_20260812/cninfo_method_v1/embeddings	xlm_roberta_large	masked_long	full_max	logistic	none	0	/mnt/lustre3/home/gaozh/news_content_quality_20260812/cninfo_method_v1/prompt_embedding_classification/classification/xlm_roberta_large_masked_long_full_max_logistic_none_0.json	event_return_3d	next_day_return
460	/mnt/lustre3/home/gaozh/news_content_quality_20260812/cninfo_method_v1/embeddings	xlm_roberta_large	masked_long	full_max	linear_svm	none	0	/mnt/lustre3/home/gaozh/news_content_quality_20260812/cninfo_method_v1/prompt_embedding_classification/classification/xlm_roberta_large_masked_long_full_max_linear_svm_none_0.json	event_return_3d	next_day_return
461	/mnt/lustre3/home/gaozh/news_content_quality_20260812/cninfo_method_v1/embeddings	xlm_roberta_large	masked_long	full_max	sgd	none	0	/mnt/lustre3/home/gaozh/news_content_quality_20260812/cninfo_method_v1/prompt_embedding_classification/classification/xlm_roberta_large_masked_long_full_max_sgd_none_0.json	event_return_3d	next_day_return
462	/mnt/lustre3/home/gaozh/news_content_quality_20260812/cninfo_method_v1/embeddings	xlm_roberta_large	masked_long	full_max	simple_mlp	none	0	/mnt/lustre3/home/gaozh/news_content_quality_20260812/cninfo_method_v1/prompt_embedding_classification/classification/xlm_roberta_large_masked_long_full_max_simple_mlp_none_0.json	event_return_3d	next_day_return
463	/mnt/lustre3/home/gaozh/news_content_quality_20260812/cninfo_method_v1/embeddings	xlm_roberta_large	masked_long	full_max	hist_gradient_boosting	none	0	/mnt/lustre3/home/gaozh/news_content_quality_20260812/cninfo_method_v1/prompt_embedding_classification/classification/xlm_roberta_large_masked_long_full_max_hist_gradient_boosting_none_0.json	event_return_3d	next_day_return
